OTU	AWQ670_pass_barcode11_d2994731_e639930a_0_otus	AWQ670_pass_barcode11_d2994731_e639930a_10_otus	AWQ670_pass_barcode11_d2994731_e639930a_11_otus	AWQ670_pass_barcode11_d2994731_e639930a_12_otus	AWQ670_pass_barcode11_d2994731_e639930a_13_otus	AWQ670_pass_barcode11_d2994731_e639930a_14_otus	AWQ670_pass_barcode11_d2994731_e639930a_15_otus	AWQ670_pass_barcode11_d2994731_e639930a_16_otus	AWQ670_pass_barcode11_d2994731_e639930a_17_otus	AWQ670_pass_barcode11_d2994731_e639930a_18_otus	AWQ670_pass_barcode11_d2994731_e639930a_19_otus	AWQ670_pass_barcode11_d2994731_e639930a_1_otus	AWQ670_pass_barcode11_d2994731_e639930a_20_otus	AWQ670_pass_barcode11_d2994731_e639930a_2_otus	AWQ670_pass_barcode11_d2994731_e639930a_3_otus	AWQ670_pass_barcode11_d2994731_e639930a_4_otus	AWQ670_pass_barcode11_d2994731_e639930a_5_otus	AWQ670_pass_barcode11_d2994731_e639930a_6_otus	AWQ670_pass_barcode11_d2994731_e639930a_7_otus	AWQ670_pass_barcode11_d2994731_e639930a_8_otus	AWQ670_pass_barcode11_d2994731_e639930a_9_otus	AWQ670_pass_barcode12_d2994731_e639930a_0_otus	AWQ670_pass_barcode12_d2994731_e639930a_10_otus	AWQ670_pass_barcode12_d2994731_e639930a_11_otus	AWQ670_pass_barcode12_d2994731_e639930a_12_otus	AWQ670_pass_barcode12_d2994731_e639930a_13_otus	AWQ670_pass_barcode12_d2994731_e639930a_14_otus	AWQ670_pass_barcode12_d2994731_e639930a_15_otus	AWQ670_pass_barcode12_d2994731_e639930a_16_otus	AWQ670_pass_barcode12_d2994731_e639930a_17_otus	AWQ670_pass_barcode12_d2994731_e639930a_18_otus	AWQ670_pass_barcode12_d2994731_e639930a_19_otus	AWQ670_pass_barcode12_d2994731_e639930a_1_otus	AWQ670_pass_barcode12_d2994731_e639930a_20_otus	AWQ670_pass_barcode12_d2994731_e639930a_2_otus	AWQ670_pass_barcode12_d2994731_e639930a_3_otus	AWQ670_pass_barcode12_d2994731_e639930a_4_otus	AWQ670_pass_barcode12_d2994731_e639930a_5_otus	AWQ670_pass_barcode12_d2994731_e639930a_6_otus	AWQ670_pass_barcode12_d2994731_e639930a_7_otus	AWQ670_pass_barcode12_d2994731_e639930a_8_otus	AWQ670_pass_barcode12_d2994731_e639930a_9_otus	genus	species	notes
OTU_1	11	5	5	6	3	8	5	1	4	2	4	12	1	16	13	7	7	13	7	12	9	8	4	4	4	3	1	4	0	1	1	4	7	1	8	9	1	3	6	5	3	6	g__Paenibacillus_silvae_LY60_GCF_030348445.1	s__	Paenibacillus_silvae_LY60_GCF_030348445.1
OTU_2	14	8	10	4	5	4	5	4	6	2	6	23	1	15	11	15	8	9	17	11	11	7	5	4	5	1	3	4	4	2	1	2	10	1	14	8	7	14	13	3	6	7	g__Bacillus_paralicheniformis_CEW	s__1W_GCA_030123025.1	Bacillus_paralicheniformis_CEW 1W_GCA_030123025.1
OTU_3	3	1	4	1	3	2	1	1	2	1	1	2	0	1	5	7	4	3	3	6	4	1	1	1	0	1	2	0	0	1	1	1	6	0	5	1	4	4	3	3	1	0	g__Paenibacillus_silvae_LY60_GCF_030348445.1	s__	Paenibacillus_silvae_LY60_GCF_030348445.1
OTU_4	2	2	5	3	6	8	1	2	1	0	3	6	0	5	7	4	8	3	5	5	3	3	0	2	3	2	2	1	1	1	1	0	2	0	5	4	2	4	4	1	2	3	g__Paenibacillus_sp.	s__11B_GCF-030487755.1	Paenibacillus_sp. 11B_GCF-030487755.1
OTU_6	1	0	0	0	0	0	0	0	0	0	0	1	0	1	1	0	1	0	0	2	1	0	0	0	0	0	0	0	0	0	0	0	1	0	1	0	0	0	0	0	1	1	g__Peribacillus_frigoritolerans_LC22_GCA_030123165.1	s__	Peribacillus_frigoritolerans_LC22_GCA_030123165.1
OTU_7	4	4	2	1	5	2	1	0	2	3	2	4	2	4	6	5	6	4	5	3	5	3	0	1	1	2	2	0	1	1	0	1	2	0	2	4	3	2	2	3	3	1	g__Bacillus_toyonensis_Puebla_S2_GCA_030167055.1	s__	Bacillus_toyonensis_Puebla_S2_GCA_030167055.1
OTU_8	4	0	3	0	2	2	1	0	1	0	2	2	0	5	2	4	2	3	5	5	2	0	0	0	1	0	1	1	0	1	1	0	4	0	1	3	0	1	1	2	1	0	g__Bacillus_sonorensis_YX13_GCA_031324045.1	s__	Bacillus_sonorensis_YX13_GCA_031324045.1
OTU_9	0	0	0	0	0	0	0	0	0	0	0	0	0	0	0	0	0	0	0	1	0	0	0	0	0	0	0	0	0	0	0	0	0	0	0	0	0	0	0	0	0	0	g__Paenibacillus_sp.	s__11B_GCF-030487755.1	Paenibacillus_sp. 11B_GCF-030487755.1
OTU_10	4	4	4	5	1	3	3	2	2	3	0	8	1	8	9	8	5	11	13	8	9	1	1	5	4	1	6	4	1	2	1	0	1	0	4	5	3	3	2	6	7	4	g__Paenibacillus_silvae_LY60_GCF_030348445.1	s__	Paenibacillus_silvae_LY60_GCF_030348445.1
OTU_11	0	0	0	0	0	0	0	0	0	0	0	0	0	0	0	0	0	0	0	0	0	0	0	0	0	1	0	0	0	0	0	0	0	0	0	0	0	0	0	0	0	0	g__Paenibacillus_silvae_LY60_GCF_030348445.1	s__	Paenibacillus_silvae_LY60_GCF_030348445.1
OTU_12	0	0	0	0	0	1	0	0	0	0	0	0	0	0	0	0	0	0	0	0	0	0	0	0	0	0	0	0	0	0	0	0	0	0	0	0	0	0	0	0	0	0	g__Paenibacillus_silvae_LY60_GCF_030348445.1	s__	Paenibacillus_silvae_LY60_GCF_030348445.1
OTU_13	0	0	0	0	0	0	0	0	0	0	0	0	0	0	0	1	0	0	0	0	0	0	0	0	0	0	0	0	0	0	0	0	0	0	0	0	0	0	0	0	0	0	g__Halobacillus_sp.	s__ACCC02827_GCA_030291935.1	Halobacillus_sp. ACCC02827_GCA_030291935.1
OTU_14	9	5	5	4	5	4	3	5	4	5	2	9	0	5	9	7	9	14	5	8	10	2	1	1	1	1	2	1	1	0	2	1	4	0	3	3	2	6	5	3	4	2	g__Paenibacillus_sp.	s__11B_GCF-030487755.1	Paenibacillus_sp. 11B_GCF-030487755.1
OTU_15	0	0	0	0	0	0	0	0	0	0	0	0	0	0	0	0	0	0	0	0	0	0	0	0	0	0	0	0	0	0	0	0	1	0	0	0	0	0	0	0	0	0	g__Bacillus_paralicheniformis_CEW	s__1W_GCA_030123025.1	Bacillus_paralicheniformis_CEW 1W_GCA_030123025.1
OTU_16	6	2	5	2	3	3	6	5	6	6	4	17	0	9	7	5	9	13	6	10	6	6	1	1	3	2	3	3	2	1	1	3	9	1	4	5	2	4	6	5	6	2	g__Bacillus_paralicheniformis_CEW	s__1W_GCA_030123025.1	Bacillus_paralicheniformis_CEW 1W_GCA_030123025.1
OTU_17	3	1	0	0	1	1	1	0	0	0	0	3	0	3	3	1	1	4	3	5	1	0	0	0	1	0	0	0	0	0	0	1	2	0	0	1	1	1	0	1	1	1	g__Bacillus_anthracis_Mn106-1	s__head2	Bacillus_anthracis_Mn106-1 head2 chi_GCA_030166975.1
OTU_18	5	2	1	1	3	0	0	2	1	2	0	5	0	3	4	1	3	5	6	4	5	1	1	2	0	2	0	0	0	1	1	0	1	1	1	1	1	3	1	1	2	2	g__Bacillus_velezensis_MB7_B13_GCA_030348465.1	s__	Bacillus_velezensis_MB7_B13_GCA_030348465.1
OTU_19	0	0	0	0	0	0	0	0	0	0	0	0	0	0	0	1	0	0	0	0	0	0	0	0	0	0	0	0	0	0	0	0	0	0	0	0	0	0	0	0	0	0	g__Bacillus_paralicheniformis_CEW	s__1W_GCA_030123025.1	Bacillus_paralicheniformis_CEW 1W_GCA_030123025.1
OTU_20	0	0	0	1	0	0	0	0	0	0	0	0	0	0	0	0	0	1	1	0	0	0	0	0	0	0	0	0	0	0	0	0	0	0	0	0	0	0	0	0	0	0	g__Bacillus_paralicheniformis_CEW	s__1W_GCA_030123025.1	Bacillus_paralicheniformis_CEW 1W_GCA_030123025.1
OTU_21	1	0	0	0	0	0	0	0	0	0	0	0	0	0	0	0	0	0	0	0	0	0	0	0	0	0	0	0	0	0	0	0	0	0	0	0	0	0	0	0	0	0	g__Bacillus_paralicheniformis_CEW	s__1W_GCA_030123025.1	Bacillus_paralicheniformis_CEW 1W_GCA_030123025.1
OTU_22	0	0	1	0	0	0	0	0	0	0	0	0	0	0	0	0	0	0	0	0	0	0	0	0	0	0	0	0	0	0	0	0	0	0	0	0	0	0	0	0	0	0	g__Paenibacillus_silvae_LY60_GCF_030348445.1	s__	Paenibacillus_silvae_LY60_GCF_030348445.1
OTU_23	1	0	0	0	0	0	0	0	0	0	0	0	0	0	0	0	0	0	0	0	0	0	0	0	0	0	0	0	0	0	0	0	0	0	0	0	0	0	0	0	0	0	g__Bacillus_safensis_CEW-AP100_GCA_030122965.1	s__	Bacillus_safensis_CEW-AP100_GCA_030122965.1
OTU_24	10	7	5	7	7	11	2	3	6	5	5	15	2	15	5	10	15	14	12	13	14	5	2	3	1	3	3	4	4	4	3	4	9	1	8	5	4	5	5	6	4	4	g__Bacillus_safensis_CEW-AP100_GCA_030122965.1	s__	Bacillus_safensis_CEW-AP100_GCA_030122965.1
OTU_25	0	0	0	0	0	0	0	0	0	0	0	0	0	0	0	0	0	1	0	0	0	0	0	0	0	0	0	0	0	0	0	0	0	0	0	0	0	0	0	0	0	0	g__Bacillus_toyonensis_G7S3_GCA_031324285.1	s__	Bacillus_toyonensis_G7S3_GCA_031324285.1
OTU_26	11	6	8	6	8	5	8	3	3	4	6	23	1	11	8	9	15	15	9	15	11	2	2	1	0	2	2	2	0	3	0	0	2	0	3	4	2	4	3	3	2	4	g__Bacillus_sonorensis_YX13_GCA_031324045.1	s__	Bacillus_sonorensis_YX13_GCA_031324045.1
OTU_27	0	0	0	0	0	0	0	0	0	0	0	0	0	1	0	0	0	0	0	0	0	0	0	0	0	0	0	0	0	0	0	0	0	0	0	0	0	0	0	0	0	0	g__Paenibacillus_sp.	s__11B_GCF-030487755.1	Paenibacillus_sp. 11B_GCF-030487755.1
OTU_28	2	0	4	1	1	0	0	1	1	1	1	5	0	1	4	1	1	2	0	1	0	1	1	0	1	0	1	0	1	1	0	0	2	0	1	2	0	0	1	1	0	1	g__Bacillus_subtilis_KF24_GCA_030123145.1	s__	Bacillus_subtilis_KF24_GCA_030123145.1
OTU_29	0	1	0	0	0	0	1	0	0	1	0	1	0	0	1	0	0	1	1	1	0	0	0	0	0	0	0	0	0	0	0	0	0	0	0	1	1	0	0	1	0	0	g__Neobacillus_sp._SuZ13_GCA_030123365.1	s__	Neobacillus_sp._SuZ13_GCA_030123365.1
OTU_30	4	2	3	4	5	2	3	2	2	0	2	4	0	4	5	2	2	3	3	8	0	1	1	1	1	2	0	0	1	1	0	1	4	0	1	0	2	5	1	3	2	2	g__Bacillus_safensis_CEW-AP100_GCA_030122965.1	s__	Bacillus_safensis_CEW-AP100_GCA_030122965.1
OTU_31	0	0	0	0	1	1	0	0	1	0	0	0	0	0	1	0	0	1	0	1	0	0	0	0	0	0	0	0	0	0	0	0	0	0	0	0	0	0	0	1	1	0	g__Bacillus_paralicheniformis_CEW	s__1W_GCA_030123025.1	Bacillus_paralicheniformis_CEW 1W_GCA_030123025.1
OTU_32	3	0	1	1	2	0	0	0	0	0	0	2	0	2	3	1	1	3	3	3	1	0	0	0	0	0	0	1	0	0	0	0	0	0	1	0	1	0	1	2	0	0	g__Bacillus_altitudinis_G6S2_GCA_030123125.1	s__	Bacillus_altitudinis_G6S2_GCA_030123125.1
OTU_33	1	0	0	0	0	0	0	0	0	0	0	0	0	0	2	0	0	1	0	0	0	0	0	0	0	0	0	0	0	0	0	0	0	0	0	0	0	1	0	1	1	0	g__Lysinibacillus_sp._G4S2_GCA_030348505.1	s__	Lysinibacillus_sp._G4S2_GCA_030348505.1
OTU_34	5	0	1	2	0	3	1	0	1	2	2	7	0	4	5	1	6	4	2	5	1	2	2	1	0	1	2	1	1	0	0	0	2	0	1	1	1	1	0	1	3	2	g__Bacillus_mycoides_SIN2.2_GCA_030292205.1	s__	Bacillus_mycoides_SIN2.2_GCA_030292205.1
OTU_35	1	0	2	0	0	1	3	1	0	1	0	3	0	4	0	1	2	1	1	2	1	1	1	0	0	1	1	0	1	0	0	0	1	0	2	0	1	1	0	3	1	1	g__Lysinibacillus_pakistanensis_LY92_GCA_030123265.1	s__	Lysinibacillus_pakistanensis_LY92_GCA_030123265.1
OTU_36	1	0	0	1	0	1	2	2	0	1	2	2	0	2	2	1	2	1	2	4	1	0	0	0	0	0	0	0	0	0	0	0	0	0	0	0	1	0	1	0	1	0	g__Bacillus_anthracis_Mn106-1	s__head2	Bacillus_anthracis_Mn106-1 head2 chi_GCA_030166975.1
OTU_37	0	0	0	0	0	0	0	0	0	0	0	0	0	0	0	0	0	0	0	0	0	0	0	0	0	0	0	1	0	0	1	0	0	0	0	0	0	0	0	0	0	0	g__Bacillus_safensis_CEW-AP100_GCA_030122965.1	s__	Bacillus_safensis_CEW-AP100_GCA_030122965.1
OTU_38	3	0	1	0	2	0	0	0	1	0	1	2	0	2	3	1	1	1	1	2	2	0	1	0	0	0	1	0	0	0	0	0	1	0	1	0	0	0	1	0	0	1	g__Bacillus_arachidis_YX15_GCA_030285945.1	s__	Bacillus_arachidis_YX15_GCA_030285945.1
OTU_39	2	3	4	2	1	3	2	2	2	0	2	4	0	2	3	3	4	2	2	3	3	2	2	1	1	1	0	0	0	0	2	1	3	0	2	3	2	3	1	3	3	2	g__Bacillus_subtilis_G2S2_GCA_030123085.1	s__	Bacillus_subtilis_G2S2_GCA_030123085.1
OTU_40	2	1	3	1	2	1	1	1	2	2	2	0	0	3	2	4	5	3	2	2	3	1	0	1	0	0	1	0	1	1	0	0	1	0	3	4	3	2	1	3	1	1	g__Lysinibacillus_pakistanensis_LY92_GCA_030123265.1	s__	Lysinibacillus_pakistanensis_LY92_GCA_030123265.1
OTU_41	1	0	0	0	0	0	0	0	0	0	0	0	0	0	0	0	0	0	0	0	0	0	0	0	0	0	0	0	0	0	0	0	0	0	0	0	0	0	0	0	0	0	g__Paenibacillus_silvae_LY60_GCF_030348445.1	s__	Paenibacillus_silvae_LY60_GCF_030348445.1
OTU_42	0	0	0	0	0	0	0	0	0	0	0	0	0	0	0	1	0	0	0	0	0	0	0	0	0	0	0	0	0	0	0	0	0	0	0	0	0	0	0	0	0	0	g__Bacillus_paralicheniformis_CEW	s__1W_GCA_030123025.1	Bacillus_paralicheniformis_CEW 1W_GCA_030123025.1
OTU_43	0	0	0	0	0	0	0	0	0	0	0	0	0	0	0	0	0	0	0	0	0	0	0	0	0	0	2	0	0	0	0	0	0	0	0	0	0	0	0	0	0	0	g__Bacillus_licheniformis_D9_B_45_GCA_030348625.1	s__	Bacillus_licheniformis_D9_B_45_GCA_030348625.1
OTU_44	2	1	3	0	0	1	1	0	0	2	2	4	0	3	1	1	3	2	2	1	2	1	1	0	1	0	0	0	0	0	0	0	1	0	1	1	0	1	1	2	2	0	g__Bacillus_licheniformis_D9_B_45_GCA_030348625.1	s__	Bacillus_licheniformis_D9_B_45_GCA_030348625.1
OTU_45	0	0	0	0	0	0	0	0	0	0	0	0	0	0	0	0	0	0	0	0	0	0	0	0	0	0	0	0	0	0	0	0	1	0	0	0	0	0	0	0	0	0	g__Bacillus_paralicheniformis_CEW	s__1W_GCA_030123025.1	Bacillus_paralicheniformis_CEW 1W_GCA_030123025.1
OTU_46	0	0	0	1	0	0	0	0	0	0	0	0	0	0	0	0	0	0	0	1	0	0	0	0	0	0	1	0	0	0	0	0	0	0	0	1	1	0	0	0	1	1	g__Bacillus_paralicheniformis_CEW	s__1W_GCA_030123025.1	Bacillus_paralicheniformis_CEW 1W_GCA_030123025.1
OTU_47	0	0	0	1	0	0	1	0	0	0	0	1	0	0	0	1	0	0	0	0	0	0	0	0	0	0	0	0	0	0	0	1	0	0	0	0	0	0	0	0	0	0	g__Bacillus_paralicheniformis_CEW	s__1W_GCA_030123025.1	Bacillus_paralicheniformis_CEW 1W_GCA_030123025.1
OTU_48	3	1	2	0	2	2	1	0	1	4	0	4	0	3	2	3	5	3	7	4	0	1	0	1	0	0	1	1	1	0	0	0	2	0	1	0	1	2	0	2	0	2	g__Bacillus_halotolerans_KF17_GCA_030292055.1	s__	Bacillus_halotolerans_KF17_GCA_030292055.1
OTU_49	0	0	0	0	0	0	0	0	0	0	0	0	0	0	0	0	0	0	0	1	0	0	0	0	0	0	0	0	0	0	0	0	0	0	0	0	0	0	0	0	0	0	g__Bacillus_safensis_CEW-AP100_GCA_030122965.1	s__	Bacillus_safensis_CEW-AP100_GCA_030122965.1
OTU_50	0	0	0	0	0	0	0	0	0	0	0	0	0	0	0	0	0	0	0	0	0	0	0	0	0	0	0	0	0	0	0	0	0	0	0	0	0	0	0	1	0	0	g__Bacillus_paralicheniformis_CEW	s__1W_GCA_030123025.1	Bacillus_paralicheniformis_CEW 1W_GCA_030123025.1
OTU_51	1	0	1	0	0	0	0	1	0	0	0	0	0	1	0	1	1	0	0	0	0	0	0	0	0	0	0	0	0	0	0	0	1	0	1	0	0	0	1	0	0	0	g__Neobacillus_novalis_XLM17_GCA_030123445.1	s__	Neobacillus_novalis_XLM17_GCA_030123445.1
OTU_52	0	0	0	0	0	0	0	0	0	0	0	0	0	0	0	0	0	1	0	0	0	0	0	0	0	0	0	0	0	0	0	0	0	0	0	0	0	0	0	0	0	0	g__Bacillus_paralicheniformis_CEW	s__1W_GCA_030123025.1	Bacillus_paralicheniformis_CEW 1W_GCA_030123025.1
OTU_53	0	0	0	0	0	0	0	0	0	0	0	0	0	0	0	0	0	0	0	0	0	0	0	0	0	0	0	0	0	0	0	0	1	0	0	0	0	0	0	0	0	0	g__Paenibacillus_silvae_LY60_GCF_030348445.1	s__	Paenibacillus_silvae_LY60_GCF_030348445.1
OTU_54	0	0	0	0	0	1	0	0	0	0	0	0	0	0	0	0	0	0	0	0	0	0	0	0	0	0	0	0	0	0	0	0	0	0	0	0	0	0	0	0	0	0	g__Paenibacillus_silvae_LY60_GCF_030348445.1	s__	Paenibacillus_silvae_LY60_GCF_030348445.1
OTU_55	0	0	0	0	0	0	0	0	0	0	0	1	0	0	0	0	0	0	0	0	0	0	0	0	0	0	0	0	0	0	0	0	0	0	0	0	0	0	0	0	0	0	g__Bacillus_safensis_CEW-AP100_GCA_030122965.1	s__	Bacillus_safensis_CEW-AP100_GCA_030122965.1
OTU_56	0	0	0	0	0	0	0	0	0	0	0	0	0	1	0	0	0	0	0	0	0	0	0	0	0	0	0	0	0	0	0	0	0	0	0	0	0	0	0	0	0	0	g__Paenibacillus_sp.	s__11B_GCF-030487755.1	Paenibacillus_sp. 11B_GCF-030487755.1
OTU_57	0	0	0	0	0	0	0	0	0	0	0	0	0	0	0	0	0	0	1	0	0	0	0	0	0	0	0	0	0	0	0	0	0	0	0	0	0	0	0	0	0	0	g__Brevibacillus_parabrevis_GCA_031324325.1	s__	Brevibacillus_parabrevis_GCA_031324325.1
OTU_58	1	2	1	0	2	0	1	0	1	0	1	1	0	3	2	2	2	1	2	2	1	2	0	0	0	1	1	0	0	0	0	0	0	0	0	0	0	1	0	0	0	0	g__Paenibacillus_sp.	s__11B_GCF-030487755.1	Paenibacillus_sp. 11B_GCF-030487755.1
OTU_59	0	0	0	2	0	0	0	0	0	0	0	0	0	0	1	0	0	0	0	0	0	1	1	0	0	0	0	0	0	0	0	0	0	0	0	0	0	0	0	0	0	0	g__Bacillus_albus_SXL388_GCA_030292135.1	s__	Bacillus_albus_SXL388_GCA_030292135.1
OTU_60	0	0	1	0	0	0	0	0	0	0	0	0	0	0	0	0	0	0	0	0	0	0	0	0	0	0	0	0	0	0	0	0	0	0	0	0	0	0	0	0	0	0	g__Paenibacillus_silvae_LY60_GCF_030348445.1	s__	Paenibacillus_silvae_LY60_GCF_030348445.1
OTU_61	0	0	0	0	0	0	0	0	0	0	0	0	0	1	0	0	0	0	0	0	0	0	0	0	0	0	0	0	0	0	0	0	0	0	0	0	0	0	0	0	0	0	g__Bacillus_paralicheniformis_CEW	s__1W_GCA_030123025.1	Bacillus_paralicheniformis_CEW 1W_GCA_030123025.1
OTU_62	0	0	0	0	0	0	0	0	0	0	0	0	0	1	0	0	0	0	0	0	0	0	0	0	0	0	0	0	0	0	0	0	0	0	0	0	0	0	0	0	0	0	g__Paenibacillus_silvae_LY60_GCF_030348445.1	s__	Paenibacillus_silvae_LY60_GCF_030348445.1
OTU_63	0	0	0	0	0	0	0	0	0	0	0	0	0	0	1	0	0	0	0	0	0	0	0	0	0	0	0	0	0	0	0	0	0	0	0	0	0	0	0	0	0	0	g__Bacillus_paralicheniformis_CEW	s__1W_GCA_030123025.1	Bacillus_paralicheniformis_CEW 1W_GCA_030123025.1
OTU_64	0	0	0	0	0	0	0	0	0	0	0	0	0	0	0	0	0	0	0	0	0	1	0	0	0	0	0	0	0	0	0	0	0	0	0	0	0	0	0	0	0	0	g__Bacillus_paralicheniformis_CEW	s__1W_GCA_030123025.1	Bacillus_paralicheniformis_CEW 1W_GCA_030123025.1
OTU_65	0	0	0	0	0	0	0	0	0	0	0	0	0	0	0	0	0	0	0	0	0	0	0	0	0	1	0	0	0	0	0	0	0	0	0	0	0	0	0	0	0	0	g__Paenibacillus_silvae_LY60_GCF_030348445.1	s__	Paenibacillus_silvae_LY60_GCF_030348445.1
OTU_66	0	0	0	0	0	0	0	0	0	0	0	0	0	1	0	0	0	0	0	0	0	0	0	0	0	0	0	0	0	0	0	0	0	0	0	0	0	0	0	0	0	0	g__Bacillus_paralicheniformis_CEW	s__1W_GCA_030123025.1	Bacillus_paralicheniformis_CEW 1W_GCA_030123025.1
OTU_67	0	0	0	0	0	0	0	0	0	0	0	1	0	0	1	0	0	0	0	0	0	0	0	0	0	0	0	0	0	0	0	0	0	0	0	0	0	0	0	0	0	0	g__Bacillus_paralicheniformis_CEW	s__1W_GCA_030123025.1	Bacillus_paralicheniformis_CEW 1W_GCA_030123025.1
OTU_68	2	2	1	3	2	1	1	0	1	2	0	7	0	2	4	4	4	4	6	6	1	1	0	0	1	0	1	1	0	0	0	1	0	0	2	3	1	2	3	2	2	1	g__Bacillus_sp._DX1.1_GCA_030348225.1	s__	Bacillus_sp._DX1.1_GCA_030348225.1
OTU_69	0	0	1	1	4	1	1	0	0	0	0	2	0	1	1	1	0	0	2	1	1	0	0	0	0	0	0	1	0	0	0	0	1	0	0	0	1	0	0	1	1	1	g__Paenibacillus_woosongensis	s__B2_4_GCA_030122845.1	Paenibacillus_woosongensis B2_4_GCA_030122845.1
OTU_70	0	0	1	0	0	0	0	2	2	0	0	3	0	1	0	1	2	2	0	1	1	0	0	0	0	1	0	0	0	0	0	0	1	0	1	1	0	1	1	1	0	1	g__Bacillus_licheniformis_D9_B_45_GCA_030348625.1	s__	Bacillus_licheniformis_D9_B_45_GCA_030348625.1
OTU_71	0	0	0	0	0	0	0	0	0	0	0	1	0	0	0	0	0	1	0	0	0	0	0	0	0	0	0	0	0	0	0	0	0	0	0	0	0	0	0	0	0	0	g__Paenibacillus_silvae_LY60_GCF_030348445.1	s__	Paenibacillus_silvae_LY60_GCF_030348445.1
OTU_72	0	0	0	0	0	0	0	0	1	0	0	0	0	1	0	0	0	0	1	0	0	0	1	0	0	0	0	0	0	0	0	0	0	0	0	0	0	0	0	0	0	0	g__Paenibacillus_silvae_LY60_GCF_030348445.1	s__	Paenibacillus_silvae_LY60_GCF_030348445.1
OTU_73	1	0	0	0	0	0	0	0	0	0	0	0	0	0	0	0	0	0	0	0	0	0	0	0	0	0	0	0	0	0	0	0	0	0	0	0	0	0	0	0	0	0	g__Bacillus_paralicheniformis_CEW	s__1W_GCA_030123025.1	Bacillus_paralicheniformis_CEW 1W_GCA_030123025.1
OTU_74	0	0	0	0	0	0	0	0	0	0	0	1	0	0	0	0	0	0	0	0	0	0	0	0	0	0	0	0	0	0	0	0	0	0	0	0	0	0	0	0	0	0	g__Paenibacillus_sp.	s__11B_GCF-030487755.1	Paenibacillus_sp. 11B_GCF-030487755.1
OTU_75	0	0	0	0	0	0	0	0	0	0	0	0	0	2	1	0	0	1	0	1	0	0	0	0	0	0	0	0	0	0	0	0	1	0	0	0	0	0	0	0	0	0	g__Bacillus_hominis_SIN2.1_GCA_030348325.1	s__	Bacillus_hominis_SIN2.1_GCA_030348325.1
OTU_76	0	0	0	0	0	0	0	0	0	0	0	0	0	0	0	0	0	0	0	0	0	0	0	0	0	0	0	1	0	0	0	0	0	0	0	0	0	0	0	0	0	0	g__Paenibacillus_sp.	s__11B_GCF-030487755.1	Paenibacillus_sp. 11B_GCF-030487755.1
OTU_77	0	0	1	0	0	0	0	0	0	0	0	0	0	0	0	0	0	0	0	0	0	0	0	0	0	0	0	0	0	0	0	0	0	0	0	0	0	0	0	0	0	0	g__Paenibacillus_sp.	s__11B_GCF-030487755.1	Paenibacillus_sp. 11B_GCF-030487755.1
OTU_78	0	0	0	0	0	0	0	0	0	0	0	1	0	1	1	0	0	0	0	1	0	0	0	0	0	0	0	0	0	0	0	0	0	0	0	0	0	0	0	0	0	0	g__Fictibacillus_sp._b24_GCA_030348825.1	s__	Fictibacillus_sp._b24_GCA_030348825.1
OTU_79	0	0	0	0	0	0	0	0	0	0	0	0	0	0	0	0	0	0	0	1	0	0	0	0	0	0	0	1	0	0	0	0	0	0	0	0	0	0	0	0	0	0	g__Bacillus_licheniformis_D9_B_45_GCA_030348625.1	s__	Bacillus_licheniformis_D9_B_45_GCA_030348625.1
OTU_80	0	0	0	0	0	0	0	0	0	0	0	0	0	0	0	0	0	0	0	0	0	0	0	0	0	0	0	1	0	0	0	0	0	0	0	0	0	0	0	0	0	0	g__Paenibacillus_sp.	s__11B_GCF-030487755.1	Paenibacillus_sp. 11B_GCF-030487755.1
OTU_81	0	0	0	0	0	0	0	0	0	0	0	0	0	0	0	0	0	0	0	0	0	0	0	0	0	0	0	0	0	0	0	0	0	0	0	1	0	0	0	0	0	0	g__Bacillus_sonorensis_YX13_GCA_031324045.1	s__	Bacillus_sonorensis_YX13_GCA_031324045.1
OTU_82	1	0	0	0	0	0	0	0	0	0	0	0	0	0	0	0	0	0	0	0	0	0	0	0	0	0	0	0	0	0	0	0	0	0	0	0	0	0	0	0	0	0	g__Paenibacillus_sp.	s__11B_GCF-030487755.1	Paenibacillus_sp. 11B_GCF-030487755.1
OTU_83	0	0	0	0	0	0	0	0	0	0	0	0	0	0	0	0	0	0	0	0	0	0	0	0	0	0	0	0	0	0	0	0	0	0	1	0	0	0	0	0	0	0	g__Bacillus_velezensis_MB7_B13_GCA_030348465.1	s__	Bacillus_velezensis_MB7_B13_GCA_030348465.1
OTU_84	1	0	0	0	0	0	0	0	0	0	0	0	0	0	0	0	0	0	0	0	0	0	0	0	0	0	0	0	0	0	0	0	0	0	0	0	0	0	0	0	0	0	g__Bacillus_paralicheniformis_CEW	s__1W_GCA_030123025.1	Bacillus_paralicheniformis_CEW 1W_GCA_030123025.1
OTU_85	0	0	0	0	0	0	0	0	0	0	0	0	0	0	0	0	0	0	0	0	0	0	0	0	0	0	0	0	0	0	0	0	0	1	0	0	0	0	0	0	0	0	g__Bacillus_toyonensis_G7S3_GCA_031324285.1	s__	Bacillus_toyonensis_G7S3_GCA_031324285.1
OTU_86	0	0	0	0	0	0	0	0	0	0	0	0	0	0	0	0	0	0	0	0	0	0	0	0	0	0	0	0	0	0	0	0	1	0	0	0	0	0	0	0	0	0	g__Bacillus_arachidis_YX15_GCA_030285945.1	s__	Bacillus_arachidis_YX15_GCA_030285945.1
OTU_87	1	0	0	0	0	0	1	0	1	0	0	0	0	0	0	0	0	5	0	3	0	0	0	0	0	0	0	1	0	0	0	0	1	0	1	0	0	0	1	1	1	0	g__Bacillus_paralicheniformis_CEW	s__1W_GCA_030123025.1	Bacillus_paralicheniformis_CEW 1W_GCA_030123025.1
OTU_88	0	0	0	0	0	0	0	0	0	0	0	0	0	0	0	0	0	0	0	0	0	0	0	0	0	0	0	0	0	0	0	0	0	0	1	0	0	0	0	0	0	0	g__Paenibacillus_silvae_LY60_GCF_030348445.1	s__	Paenibacillus_silvae_LY60_GCF_030348445.1
OTU_89	0	0	0	0	0	0	0	0	0	0	0	0	0	0	0	0	0	1	0	0	0	0	0	0	0	0	0	0	0	0	0	0	0	0	0	0	0	0	0	0	0	0	g__Bacillus_paralicheniformis_CEW	s__1W_GCA_030123025.1	Bacillus_paralicheniformis_CEW 1W_GCA_030123025.1
OTU_90	0	0	0	0	0	0	0	0	0	0	0	0	0	0	0	0	0	0	0	0	0	0	0	0	0	0	0	0	1	0	0	0	0	0	0	0	0	0	0	0	0	0	g__Bacillus_sonorensis_YX13_GCA_031324045.1	s__	Bacillus_sonorensis_YX13_GCA_031324045.1
OTU_91	6	1	1	2	6	6	4	0	2	0	2	2	0	8	2	5	4	7	2	4	3	1	0	2	0	1	1	0	0	0	2	1	0	0	3	2	0	3	0	1	0	1	g__Paenibacillus_sp.	s__11B_GCF-030487755.1	Paenibacillus_sp. 11B_GCF-030487755.1
OTU_92	0	0	0	0	0	0	0	0	0	0	0	0	0	0	0	0	0	0	0	0	0	0	0	0	0	0	0	0	0	0	0	0	0	0	0	0	0	0	0	1	0	0	g__Paenibacillus_sp.	s__11B_GCF-030487755.1	Paenibacillus_sp. 11B_GCF-030487755.1
OTU_93	0	0	0	0	0	1	0	0	0	0	0	0	0	0	0	0	0	0	0	0	0	0	0	0	0	0	0	0	0	0	0	0	0	0	0	0	0	0	0	0	0	0	g__Paenibacillus_sp.	s__11B_GCF-030487755.1	Paenibacillus_sp. 11B_GCF-030487755.1
OTU_94	0	0	0	0	0	0	0	0	0	0	0	0	0	0	0	0	0	0	0	0	0	0	0	0	0	0	0	0	0	0	0	0	0	0	0	1	0	0	0	0	0	0	g__Paenibacillus_sp.	s__11B_GCF-030487755.1	Paenibacillus_sp. 11B_GCF-030487755.1
OTU_95	0	0	0	0	0	0	0	0	0	0	0	0	0	1	0	0	0	0	0	0	0	0	0	0	0	0	0	0	0	0	0	0	0	0	0	0	0	0	0	0	0	0	g__Paenibacillus_sp.	s__11B_GCF-030487755.1	Paenibacillus_sp. 11B_GCF-030487755.1
OTU_96	0	0	0	0	0	0	0	0	0	0	0	0	0	0	0	0	1	0	0	0	0	0	0	0	0	0	0	0	1	0	0	0	0	0	0	0	0	0	0	0	0	0	g__Bacillus_sonorensis_YX13_GCA_031324045.1	s__	Bacillus_sonorensis_YX13_GCA_031324045.1
OTU_97	0	0	0	0	0	0	0	0	0	0	0	0	0	0	0	0	0	0	0	0	0	0	0	0	0	0	0	0	0	0	0	0	0	0	0	0	0	0	0	1	0	0	g__Bacillus_paralicheniformis_CEW	s__1W_GCA_030123025.1	Bacillus_paralicheniformis_CEW 1W_GCA_030123025.1
OTU_98	0	0	0	1	0	0	0	0	0	0	0	0	0	0	0	0	0	0	0	0	0	0	0	0	0	0	0	0	0	0	0	0	0	0	0	0	0	0	0	0	0	0	g__Paenibacillus_sp.	s__11B_GCF-030487755.1	Paenibacillus_sp. 11B_GCF-030487755.1
OTU_99	0	0	0	0	0	0	0	0	0	0	0	0	0	0	0	0	0	0	0	1	0	0	0	0	0	0	0	0	0	0	0	0	0	0	0	0	0	0	0	0	0	0	g__Bacillus_paralicheniformis_CEW	s__1W_GCA_030123025.1	Bacillus_paralicheniformis_CEW 1W_GCA_030123025.1
OTU_100	0	0	0	0	0	0	0	0	0	0	0	0	0	0	0	0	0	0	0	0	1	0	0	0	0	0	0	0	0	0	0	0	0	0	0	0	0	0	0	0	0	0	g__Paenibacillus_silvae_LY60_GCF_030348445.1	s__	Paenibacillus_silvae_LY60_GCF_030348445.1
OTU_101	0	0	0	0	0	1	0	0	0	0	0	0	0	0	0	0	0	0	0	0	0	0	0	0	0	0	0	0	0	0	0	0	0	0	0	0	0	0	0	0	0	0	g__Bacillus_paralicheniformis_CEW	s__1W_GCA_030123025.1	Bacillus_paralicheniformis_CEW 1W_GCA_030123025.1
OTU_102	0	0	0	0	0	0	0	0	0	0	0	0	0	0	0	0	0	1	0	0	0	0	0	0	0	0	0	0	0	0	0	0	0	0	0	0	0	0	0	0	0	0	g__Paenibacillus_sp.	s__11B_GCF-030487755.1	Paenibacillus_sp. 11B_GCF-030487755.1
OTU_103	0	1	0	0	0	0	0	0	0	0	0	0	0	1	0	0	0	0	0	0	0	0	0	0	0	0	0	0	0	0	0	0	0	0	0	0	0	0	1	0	0	0	g__Paenibacillus_sp.	s__11B_GCF-030487755.1	Paenibacillus_sp. 11B_GCF-030487755.1
OTU_104	0	0	0	0	0	0	0	0	0	0	0	0	0	0	0	0	0	0	0	1	0	0	0	0	0	0	0	0	0	0	0	0	0	0	0	0	0	0	0	0	0	0	g__Paenibacillus_sp.	s__11B_GCF-030487755.1	Paenibacillus_sp. 11B_GCF-030487755.1
OTU_105	1	0	1	0	0	0	0	0	0	0	0	0	0	0	0	0	0	0	0	0	1	0	0	0	0	0	0	0	0	0	0	0	0	0	0	1	0	0	0	0	1	0	g__Paenibacillus_sp.	s__11B_GCF-030487755.1	Paenibacillus_sp. 11B_GCF-030487755.1
OTU_106	0	0	0	0	0	0	0	0	0	0	0	1	0	0	0	0	0	0	0	0	0	0	0	0	0	0	0	0	0	0	0	0	0	0	0	0	0	0	0	0	0	0	g__Paenibacillus_sp.	s__11B_GCF-030487755.1	Paenibacillus_sp. 11B_GCF-030487755.1
OTU_107	0	1	0	1	0	0	2	1	0	0	1	1	0	0	0	0	0	1	0	1	0	0	0	0	0	0	0	0	0	0	1	0	1	0	2	1	1	2	1	1	2	2	g__Paenibacillus_silvae_LY60_GCF_030348445.1	s__	Paenibacillus_silvae_LY60_GCF_030348445.1
OTU_108	0	0	0	0	0	0	0	0	0	0	0	1	0	0	0	0	0	0	0	0	0	0	0	0	0	0	0	0	0	0	0	0	0	0	0	0	0	0	0	0	0	0	g__Paenibacillus_sp.	s__11B_GCF-030487755.1	Paenibacillus_sp. 11B_GCF-030487755.1
OTU_109	0	0	0	0	0	0	0	0	0	0	0	0	0	1	0	0	0	0	0	0	0	0	0	0	0	0	0	0	0	0	0	0	0	0	0	0	0	0	0	0	0	0	g__Paenibacillus_silvae_LY60_GCF_030348445.1	s__	Paenibacillus_silvae_LY60_GCF_030348445.1
OTU_110	0	0	0	0	0	0	0	0	0	0	0	0	0	1	0	0	0	0	0	0	0	0	0	0	0	0	0	0	0	0	0	0	0	0	0	0	0	0	0	0	0	0	g__Paenibacillus_silvae_LY60_GCF_030348445.1	s__	Paenibacillus_silvae_LY60_GCF_030348445.1
OTU_111	0	0	0	0	0	0	0	0	0	0	0	0	0	0	0	1	0	0	0	0	0	0	0	0	0	0	0	0	0	0	0	0	0	0	0	0	0	0	0	0	1	0	g__Fictibacillus_sp._b24_GCA_030348825.1	s__	Fictibacillus_sp._b24_GCA_030348825.1
OTU_112	1	1	0	0	1	0	0	0	0	0	1	0	0	0	1	0	0	0	0	0	0	0	0	0	0	0	0	0	0	0	0	0	0	0	0	0	0	0	0	0	0	0	g__Peribacillus_sp.	s__NJ11_GCA_030348405.1	Peribacillus_sp. NJ11_GCA_030348405.1
OTU_113	1	0	0	0	0	0	0	0	0	0	1	1	0	0	0	0	0	1	0	0	0	0	0	0	0	0	0	0	0	0	0	0	0	0	0	0	0	0	0	0	0	0	g__Bacillus_pseudomycoides_SIN1.1_GCA_031324125.1	s__	Bacillus_pseudomycoides_SIN1.1_GCA_031324125.1
OTU_114	0	0	0	0	0	0	0	0	0	0	0	0	0	1	0	0	0	0	0	0	0	0	0	0	0	0	0	0	0	0	0	0	0	0	0	0	0	0	0	0	0	0	g__Paenibacillus_sp.	s__11B_GCF-030487755.1	Paenibacillus_sp. 11B_GCF-030487755.1
OTU_115	0	0	0	0	0	0	0	0	0	0	0	0	0	0	0	0	0	0	0	0	0	0	0	0	0	0	0	0	0	0	0	0	0	0	0	1	0	0	0	0	0	0	g__Paenibacillus_woosongensis	s__B2_4_GCA_030122845.1	Paenibacillus_woosongensis B2_4_GCA_030122845.1
OTU_116	0	1	0	0	0	0	0	0	0	0	0	0	0	0	0	0	0	0	0	0	0	0	0	0	0	0	0	0	0	0	0	0	0	0	0	0	0	0	0	0	0	0	g__Paenibacillus_silvae_LY60_GCF_030348445.1	s__	Paenibacillus_silvae_LY60_GCF_030348445.1
OTU_117	0	0	0	0	0	0	0	0	0	0	1	0	0	0	0	0	0	0	0	0	0	0	0	0	0	0	0	0	0	0	0	0	0	0	0	0	0	0	0	0	0	0	g__Paenibacillus_sp.	s__11B_GCF-030487755.1	Paenibacillus_sp. 11B_GCF-030487755.1
OTU_118	2	2	1	2	3	0	0	0	2	3	2	4	0	2	4	3	5	3	5	3	2	1	0	0	0	0	2	1	0	0	0	0	2	0	0	0	2	0	0	0	1	2	g__Paenibacillus_woosongensis	s__B2_4_GCA_030122845.1	Paenibacillus_woosongensis B2_4_GCA_030122845.1
OTU_119	0	0	0	0	0	0	0	0	0	0	0	0	0	0	0	0	0	0	0	0	0	1	0	0	0	0	0	0	0	0	0	0	0	0	0	0	0	0	0	0	0	0	g__Paenibacillus_sp.	s__11B_GCF-030487755.1	Paenibacillus_sp. 11B_GCF-030487755.1
OTU_120	0	0	1	0	0	0	0	0	0	0	0	0	0	0	0	0	0	1	0	0	0	0	0	0	0	0	0	0	0	0	0	0	1	0	0	0	0	0	0	0	0	0	g__Paenibacillus_sp.	s__11B_GCF-030487755.1	Paenibacillus_sp. 11B_GCF-030487755.1
OTU_121	0	0	0	0	0	0	0	0	0	1	0	0	0	0	0	0	0	0	0	0	0	0	0	0	0	0	0	0	0	0	0	0	0	0	0	0	0	0	0	0	0	0	g__Paenibacillus_silvae_LY60_GCF_030348445.1	s__	Paenibacillus_silvae_LY60_GCF_030348445.1
OTU_122	0	0	0	0	0	0	0	0	0	0	0	0	0	0	1	0	0	0	0	0	0	0	0	0	0	0	0	0	0	0	0	0	0	0	0	0	0	0	0	0	0	0	g__Brevibacillus_parabrevis_GCA_031324325.1	s__	Brevibacillus_parabrevis_GCA_031324325.1
OTU_123	0	0	0	0	0	0	0	0	0	0	0	0	0	0	0	0	0	1	0	0	0	0	0	0	0	0	0	0	0	0	0	0	0	0	0	0	0	0	0	0	0	0	g__Paenibacillus_sp.	s__11B_GCF-030487755.1	Paenibacillus_sp. 11B_GCF-030487755.1
OTU_124	0	0	0	0	1	0	0	0	0	0	0	0	0	0	0	1	0	0	0	0	0	0	0	0	0	0	0	0	0	0	0	0	0	0	0	0	0	0	0	0	1	0	g__Paenibacillus_silvae_LY60_GCF_030348445.1	s__	Paenibacillus_silvae_LY60_GCF_030348445.1
OTU_125	0	0	0	0	0	0	0	0	0	0	0	0	0	0	0	0	0	0	0	1	0	0	0	0	0	0	0	0	0	0	0	0	0	0	0	0	0	0	0	0	0	0	g__Paenibacillus_sp.	s__11B_GCF-030487755.1	Paenibacillus_sp. 11B_GCF-030487755.1
OTU_126	0	0	0	0	0	1	0	0	0	0	0	0	0	0	0	0	0	0	0	0	0	0	0	0	0	0	0	0	0	0	0	0	0	0	0	0	0	0	0	0	0	0	g__Paenibacillus_silvae_LY60_GCF_030348445.1	s__	Paenibacillus_silvae_LY60_GCF_030348445.1
OTU_127	0	0	0	0	0	0	0	0	0	0	0	0	0	0	0	0	0	1	0	0	0	0	0	0	0	0	0	0	0	0	0	0	0	0	0	0	0	0	0	0	0	0	g__Bacillus_paralicheniformis_CEW	s__1W_GCA_030123025.1	Bacillus_paralicheniformis_CEW 1W_GCA_030123025.1
OTU_128	2	1	0	0	0	0	0	0	0	0	0	1	0	0	1	1	1	1	0	1	0	0	0	0	0	0	0	0	0	0	0	0	0	0	0	0	0	0	0	0	0	0	g__Bacillus_pumilus_B2_10_GCA_030122825.1	s__	Bacillus_pumilus_B2_10_GCA_030122825.1
OTU_129	0	0	0	0	0	0	0	0	0	0	0	0	0	0	0	0	1	0	0	0	0	1	0	0	0	1	0	0	0	0	0	0	0	0	0	0	0	0	0	0	1	0	g__Paenibacillus_silvae_LY60_GCF_030348445.1	s__	Paenibacillus_silvae_LY60_GCF_030348445.1
OTU_130	1	0	0	0	1	0	0	0	0	0	0	0	0	0	0	0	0	0	0	0	0	0	0	0	0	0	0	0	0	0	0	0	0	0	0	0	0	0	0	0	0	0	g__Bacillus_safensis_CEW-AP100_GCA_030122965.1	s__	Bacillus_safensis_CEW-AP100_GCA_030122965.1
OTU_131	0	0	0	0	0	0	0	0	0	0	1	0	0	0	0	0	0	0	0	0	0	0	0	0	0	0	0	0	0	0	0	0	0	0	0	0	0	0	0	0	0	0	g__Paenibacillus_silvae_LY60_GCF_030348445.1	s__	Paenibacillus_silvae_LY60_GCF_030348445.1
OTU_132	1	1	2	2	1	2	1	0	0	0	1	2	1	3	4	1	1	2	1	1	0	1	0	0	0	0	0	0	0	0	1	0	0	0	0	3	0	0	0	0	1	3	g__Paenibacillus_sp.	s__11B_GCF-030487755.1	Paenibacillus_sp. 11B_GCF-030487755.1
OTU_133	0	0	0	1	0	0	0	0	0	0	0	0	0	0	0	0	0	0	0	0	0	0	0	0	0	0	0	0	0	0	0	0	0	0	0	0	0	0	0	0	0	0	g__Bacillus_paralicheniformis_CEW	s__1W_GCA_030123025.1	Bacillus_paralicheniformis_CEW 1W_GCA_030123025.1
OTU_134	0	0	0	0	0	0	0	0	0	0	0	0	0	0	0	0	1	0	0	0	0	0	0	0	0	0	0	0	0	0	0	0	0	0	0	0	0	0	0	0	0	0	g__Paenibacillus_sp.	s__11B_GCF-030487755.1	Paenibacillus_sp. 11B_GCF-030487755.1
OTU_135	0	0	0	0	0	0	0	0	0	0	0	0	0	0	0	0	0	0	1	0	0	0	0	0	0	0	0	0	0	0	0	0	0	0	0	0	0	0	0	0	0	0	g__Bacillus_paralicheniformis_CEW	s__1W_GCA_030123025.1	Bacillus_paralicheniformis_CEW 1W_GCA_030123025.1
OTU_136	0	0	0	1	1	1	1	1	0	0	1	1	0	0	0	0	0	1	0	0	1	0	0	1	0	1	1	2	1	1	0	0	0	0	1	0	0	0	1	0	1	0	g__Paenibacillus_sp.	s__11B_GCF-030487755.1	Paenibacillus_sp. 11B_GCF-030487755.1
OTU_137	0	0	0	0	0	0	0	0	0	0	0	0	0	1	0	0	0	1	0	0	0	0	0	0	0	0	0	0	0	0	0	0	0	0	0	0	0	0	0	0	0	0	g__Bacillus_paralicheniformis_CEW	s__1W_GCA_030123025.1	Bacillus_paralicheniformis_CEW 1W_GCA_030123025.1
OTU_138	1	0	0	0	0	0	0	0	0	0	0	0	0	0	0	0	0	0	0	0	0	0	0	0	0	0	0	0	0	0	0	0	0	0	0	0	0	0	0	0	0	0	g__Paenibacillus_sp.	s__11B_GCF-030487755.1	Paenibacillus_sp. 11B_GCF-030487755.1
OTU_139	2	0	0	0	0	0	0	0	1	0	0	0	0	3	1	2	2	1	0	1	0	0	0	0	0	0	0	0	0	0	0	0	0	0	0	0	1	0	0	0	0	0	g__Paenibacillus_sp.	s__11B_GCF-030487755.1	Paenibacillus_sp. 11B_GCF-030487755.1
OTU_140	0	0	0	0	0	0	0	0	0	0	0	1	0	0	1	0	0	0	0	0	0	0	0	1	0	0	0	0	1	0	0	0	0	0	0	0	0	0	0	0	0	0	g__Paenibacillus_silvae_LY60_GCF_030348445.1	s__	Paenibacillus_silvae_LY60_GCF_030348445.1
OTU_141	0	0	0	0	0	0	0	0	0	0	0	0	0	0	0	0	0	0	0	0	0	0	0	0	0	0	0	0	0	0	0	0	0	0	1	0	0	0	0	0	0	0	g__Bacillus_paralicheniformis_CEW	s__1W_GCA_030123025.1	Bacillus_paralicheniformis_CEW 1W_GCA_030123025.1
OTU_142	0	0	0	0	0	0	1	0	0	0	0	0	0	0	0	0	0	0	0	0	0	0	0	0	0	0	0	0	0	0	0	0	0	0	0	0	0	1	0	1	0	0	g__Paenibacillus_sp.	s__11B_GCF-030487755.1	Paenibacillus_sp. 11B_GCF-030487755.1
OTU_143	1	0	0	0	0	0	0	1	0	0	0	0	0	0	0	0	0	0	0	1	0	0	0	0	0	0	0	0	0	0	0	0	0	0	0	0	1	0	0	0	0	0	g__Brevibacillus_parabrevis_GCA_031324325.1	s__	Brevibacillus_parabrevis_GCA_031324325.1
OTU_144	0	0	0	0	0	0	0	0	0	0	0	0	0	0	0	0	0	0	0	0	0	0	0	0	0	0	0	0	0	0	0	0	0	0	0	0	1	0	0	0	0	0	g__Paenibacillus_sp.	s__11B_GCF-030487755.1	Paenibacillus_sp. 11B_GCF-030487755.1
OTU_145	0	0	0	0	0	0	0	0	0	0	0	0	0	0	0	0	0	0	0	0	1	0	0	0	0	0	0	0	0	0	0	0	0	0	0	0	0	0	0	0	0	0	g__Bacillus_sp._DX4.1_GCA_030348195.1	s__	Bacillus_sp._DX4.1_GCA_030348195.1
OTU_146	1	0	0	0	0	0	0	0	0	0	0	0	0	0	0	0	0	0	0	0	0	0	0	0	0	0	0	0	0	0	0	0	0	0	0	0	0	0	0	0	0	0	g__Bacillus_paralicheniformis_CEW	s__1W_GCA_030123025.1	Bacillus_paralicheniformis_CEW 1W_GCA_030123025.1
OTU_147	1	0	0	0	0	0	0	0	0	0	0	0	0	0	0	0	0	0	0	0	0	0	0	0	0	0	0	0	0	0	0	0	0	0	0	0	0	0	0	0	0	0	g__Bacillus_paralicheniformis_CEW	s__1W_GCA_030123025.1	Bacillus_paralicheniformis_CEW 1W_GCA_030123025.1
OTU_148	0	0	0	0	0	0	0	0	0	0	0	0	0	0	1	0	1	0	0	0	0	0	0	0	0	0	0	0	0	0	0	0	0	0	0	0	0	0	0	0	0	0	g__Paenibacillus_sp.	s__11B_GCF-030487755.1	Paenibacillus_sp. 11B_GCF-030487755.1
OTU_149	0	1	0	0	1	0	0	0	1	0	0	0	0	0	0	0	0	0	0	0	0	0	0	0	0	0	0	1	0	0	0	0	0	0	0	0	0	0	0	0	0	0	g__Paenibacillus_silvae_LY60_GCF_030348445.1	s__	Paenibacillus_silvae_LY60_GCF_030348445.1
OTU_150	0	0	1	0	0	0	0	0	0	0	0	0	0	0	0	0	0	0	0	0	0	0	0	0	0	0	0	0	0	0	0	0	0	0	0	0	0	0	0	0	0	0	g__Bacillus_paralicheniformis_CEW	s__1W_GCA_030123025.1	Bacillus_paralicheniformis_CEW 1W_GCA_030123025.1
OTU_151	1	0	0	1	0	0	0	0	0	0	0	0	0	0	1	1	0	0	0	0	0	0	0	0	0	0	0	0	0	0	0	0	0	0	0	0	0	0	0	0	0	0	g__Bacillus_sonorensis_YX13_GCA_031324045.1	s__	Bacillus_sonorensis_YX13_GCA_031324045.1
OTU_152	0	0	0	0	0	0	0	0	0	0	0	0	0	0	0	1	0	0	0	0	0	0	0	0	0	0	0	0	0	0	0	0	0	0	0	0	0	0	0	0	0	0	g__Bacillus_paralicheniformis_CEW	s__1W_GCA_030123025.1	Bacillus_paralicheniformis_CEW 1W_GCA_030123025.1
OTU_153	0	0	0	1	0	0	0	0	0	0	0	0	0	0	0	0	0	0	0	0	0	0	0	0	0	0	0	0	0	0	0	0	0	0	0	0	0	0	0	0	0	0	g__Paenibacillus_silvae_LY60_GCF_030348445.1	s__	Paenibacillus_silvae_LY60_GCF_030348445.1
OTU_154	0	0	0	0	0	1	0	0	0	0	0	0	0	0	0	0	0	0	0	0	0	0	0	0	0	0	0	0	0	0	0	0	0	0	0	0	0	0	0	0	0	0	g__Bacillus_paralicheniformis_CEW	s__1W_GCA_030123025.1	Bacillus_paralicheniformis_CEW 1W_GCA_030123025.1
OTU_155	0	0	0	0	0	0	0	0	0	0	0	0	0	0	0	0	0	0	0	0	0	0	0	0	0	0	0	0	0	0	0	0	0	0	0	0	0	0	0	1	0	0	g__Virgibacillus_halodenitrifican_ACCC02857_GCA_030122745.1	s__	Virgibacillus_halodenitrifican_ACCC02857_GCA_030122745.1
OTU_156	1	0	0	0	0	0	0	0	0	0	0	1	0	1	0	1	1	1	0	1	1	0	0	0	0	0	0	0	0	0	0	0	0	0	0	0	0	0	0	0	0	0	g__Brevibacillus_parabrevis_GCA_031324325.1	s__	Brevibacillus_parabrevis_GCA_031324325.1
OTU_157	0	0	0	0	0	0	0	0	0	0	0	0	0	0	0	0	0	1	0	0	0	0	0	0	0	0	0	0	0	0	0	0	0	0	0	0	0	0	0	0	0	0	g__Bacillus_paralicheniformis_CEW	s__1W_GCA_030123025.1	Bacillus_paralicheniformis_CEW 1W_GCA_030123025.1
OTU_158	0	0	0	0	0	1	0	0	0	0	0	0	0	0	0	0	0	0	0	0	0	0	0	0	0	0	0	0	0	0	0	0	0	0	0	0	0	0	0	0	0	0	g__Neobacillus_novalis_XLM17_GCA_030123445.1	s__	Neobacillus_novalis_XLM17_GCA_030123445.1
OTU_159	0	0	0	0	0	0	0	0	0	0	0	1	0	0	0	0	0	0	0	0	0	0	0	0	0	0	0	0	0	0	0	0	0	0	0	0	0	0	0	0	0	0	g__Bacillus_paralicheniformis_CEW	s__1W_GCA_030123025.1	Bacillus_paralicheniformis_CEW 1W_GCA_030123025.1
OTU_160	0	0	0	0	0	0	0	0	0	0	0	0	0	0	0	0	0	0	0	0	1	0	0	0	0	0	0	0	0	0	0	0	0	0	0	0	0	0	0	0	0	0	g__Bacillus_paralicheniformis_CEW	s__1W_GCA_030123025.1	Bacillus_paralicheniformis_CEW 1W_GCA_030123025.1
OTU_161	0	0	0	0	0	0	0	0	0	0	0	0	0	1	0	0	0	0	0	0	0	0	0	0	0	0	0	0	0	0	0	0	0	0	0	0	0	0	0	0	0	0	g__Bacillus_paralicheniformis_CEW	s__1W_GCA_030123025.1	Bacillus_paralicheniformis_CEW 1W_GCA_030123025.1
OTU_162	0	0	0	0	0	0	0	0	0	0	0	0	0	0	1	0	0	0	0	0	0	0	0	0	0	0	0	0	0	0	0	0	0	0	0	0	0	0	0	0	0	0	g__Paenibacillus_silvae_LY60_GCF_030348445.1	s__	Paenibacillus_silvae_LY60_GCF_030348445.1
OTU_163	0	0	0	0	0	0	0	0	0	0	0	0	0	0	0	0	1	0	0	0	0	0	0	0	0	0	0	0	0	0	0	0	0	0	0	0	0	0	0	0	0	0	g__Bacillus_safensis_CEW-AP100_GCA_030122965.1	s__	Bacillus_safensis_CEW-AP100_GCA_030122965.1
OTU_164	2	2	4	3	3	0	1	2	2	2	2	8	0	8	6	1	3	5	1	6	1	4	2	1	1	2	3	1	2	2	2	0	5	1	1	4	2	1	3	3	2	1	g__Paenibacillus_sp.	s__11B_GCF-030487755.1	Paenibacillus_sp. 11B_GCF-030487755.1
OTU_165	0	0	0	0	0	0	0	0	0	0	0	0	0	0	0	1	0	0	0	0	0	0	0	0	0	0	0	0	0	0	0	0	0	0	0	0	0	0	0	0	0	0	g__Bacillus_altitudinis_G6S2_GCA_030123125.1	s__	Bacillus_altitudinis_G6S2_GCA_030123125.1
OTU_167	0	0	0	0	0	0	0	0	0	0	0	0	0	1	0	0	0	0	0	0	0	0	0	0	0	0	0	0	0	0	0	0	0	0	0	0	0	0	0	0	0	0	g__Bacillus_paralicheniformis_CEW	s__1W_GCA_030123025.1	Bacillus_paralicheniformis_CEW 1W_GCA_030123025.1
OTU_168	0	0	0	0	0	0	1	0	1	0	0	0	0	0	0	0	0	0	0	0	1	0	0	0	0	0	1	0	0	0	0	0	0	0	0	1	0	0	2	0	0	0	g__Neobacillus_novalis_XLM17_GCA_030123445.1	s__	Neobacillus_novalis_XLM17_GCA_030123445.1
OTU_169	0	0	0	1	0	0	0	0	0	0	0	1	0	0	0	0	0	0	1	1	1	0	0	0	0	0	0	0	0	0	0	0	0	0	1	1	0	0	0	0	0	0	g__Paenibacillus_sp.	s__11B_GCF-030487755.1	Paenibacillus_sp. 11B_GCF-030487755.1
OTU_170	0	0	1	1	0	0	1	0	0	0	1	1	1	0	0	0	0	1	0	1	0	0	0	0	0	0	0	0	0	0	0	0	0	0	0	0	0	0	1	1	0	1	g__Bacillus_velezensis_MB7_B13_GCA_030348465.1	s__	Bacillus_velezensis_MB7_B13_GCA_030348465.1
OTU_171	0	0	0	0	0	0	0	0	0	0	0	0	0	0	0	0	0	1	0	0	0	0	0	0	0	0	0	0	0	0	0	0	0	0	0	0	0	0	0	0	1	0	g__Bacillus_paralicheniformis_CEW	s__1W_GCA_030123025.1	Bacillus_paralicheniformis_CEW 1W_GCA_030123025.1
OTU_172	0	0	0	0	0	0	0	0	0	0	0	1	0	0	0	0	0	0	0	0	0	0	0	0	0	0	0	0	0	0	0	0	0	0	0	0	0	0	0	0	0	0	g__Bacillus_paralicheniformis_CEW	s__1W_GCA_030123025.1	Bacillus_paralicheniformis_CEW 1W_GCA_030123025.1
OTU_173	0	0	0	0	1	0	0	0	0	0	0	0	0	0	0	0	0	0	0	0	0	0	0	0	0	0	0	0	0	0	0	0	0	0	0	0	0	0	0	0	0	0	g__Paenibacillus_silvae_LY60_GCF_030348445.1	s__	Paenibacillus_silvae_LY60_GCF_030348445.1
OTU_174	0	0	0	0	0	0	0	0	1	0	1	0	0	0	0	0	0	0	0	0	0	0	0	0	0	0	0	1	0	0	0	0	0	0	0	1	0	0	0	0	0	0	g__Bacillus_paralicheniformis_CEW	s__1W_GCA_030123025.1	Bacillus_paralicheniformis_CEW 1W_GCA_030123025.1
OTU_175	3	0	1	0	0	0	0	0	1	0	0	3	0	2	4	1	3	0	1	0	3	0	0	0	0	1	1	0	0	0	0	0	1	0	1	0	1	1	1	0	2	0	g__Rossellomorea_marisflavi_LC18_GCA_031324195.1	s__	Rossellomorea_marisflavi_LC18_GCA_031324195.1
OTU_176	1	0	0	0	0	0	0	0	0	0	0	0	0	0	0	0	0	0	0	0	0	0	0	0	0	0	0	0	0	0	0	0	0	0	0	0	0	0	0	0	0	0	g__Bacillus_paralicheniformis_CEW	s__1W_GCA_030123025.1	Bacillus_paralicheniformis_CEW 1W_GCA_030123025.1
OTU_177	0	0	1	0	0	0	0	0	0	0	0	2	0	1	0	0	0	1	0	0	1	0	0	0	0	0	0	1	0	0	0	0	1	0	1	0	0	0	1	2	0	1	g__Bacillus_halotolerans_KF17_GCA_030292055.1	s__	Bacillus_halotolerans_KF17_GCA_030292055.1
OTU_178	0	0	1	0	0	1	0	0	0	0	0	2	0	0	0	1	0	1	1	0	1	0	0	0	0	0	0	0	0	0	0	0	1	0	0	0	0	0	0	0	0	1	g__Rossellomorea_marisflavi_LC18_GCA_031324195.1	s__	Rossellomorea_marisflavi_LC18_GCA_031324195.1
OTU_179	0	0	0	0	0	0	0	0	0	0	0	0	0	0	0	0	0	0	0	0	0	1	0	0	0	0	0	0	0	0	0	0	0	0	0	0	1	0	0	0	0	0	g__Bacillus_paralicheniformis_CEW	s__1W_GCA_030123025.1	Bacillus_paralicheniformis_CEW 1W_GCA_030123025.1
OTU_180	10	5	4	5	5	4	3	5	1	4	4	13	0	8	10	7	4	10	12	9	8	7	4	6	1	2	1	1	1	3	3	2	2	1	4	2	3	4	5	7	8	3	g__Bacillus_paralicheniformis_CEW	s__1W_GCA_030123025.1	Bacillus_paralicheniformis_CEW 1W_GCA_030123025.1
OTU_181	0	0	0	0	0	0	0	0	0	0	0	0	0	0	0	0	0	0	0	0	0	0	0	0	0	0	0	0	0	0	0	1	0	0	0	0	0	0	0	0	0	0	g__Rossellomorea_marisflavi_LC18_GCA_031324195.1	s__	Rossellomorea_marisflavi_LC18_GCA_031324195.1
OTU_182	0	0	0	0	0	0	0	0	0	0	0	0	0	0	1	0	0	0	0	1	0	0	0	1	0	0	0	0	0	0	0	1	0	0	0	0	0	1	0	0	0	1	g__Bacillus_sp._DX1.1_GCA_030348225.1	s__	Bacillus_sp._DX1.1_GCA_030348225.1
OTU_183	0	0	0	0	0	0	0	0	0	0	0	0	0	0	0	0	0	0	0	0	0	0	0	0	0	0	0	0	0	0	0	0	0	0	0	0	0	0	0	0	1	0	g__Bacillus_paralicheniformis_CEW	s__1W_GCA_030123025.1	Bacillus_paralicheniformis_CEW 1W_GCA_030123025.1
OTU_184	0	0	0	0	0	0	0	0	0	0	0	0	0	0	0	0	0	0	0	0	0	0	0	0	0	0	0	0	0	0	0	0	1	0	0	0	0	0	0	0	0	0	g__Paenibacillus_silvae_LY60_GCF_030348445.1	s__	Paenibacillus_silvae_LY60_GCF_030348445.1
OTU_185	0	0	0	0	0	0	0	0	0	0	0	0	0	0	0	0	0	0	0	0	0	0	0	0	0	0	0	0	0	0	0	0	0	0	0	0	0	0	0	1	0	0	g__Halobacillus_sp.	s__ACCC02827_GCA_030291935.1	Halobacillus_sp. ACCC02827_GCA_030291935.1
OTU_186	0	0	0	0	0	0	0	0	0	0	0	0	0	0	0	0	0	1	0	0	0	0	0	0	1	0	0	0	0	0	0	0	0	0	0	0	0	0	0	0	0	0	g__Paenibacillus_sp.	s__11B_GCF-030487755.1	Paenibacillus_sp. 11B_GCF-030487755.1
OTU_188	0	0	0	0	0	0	0	0	0	0	0	0	0	0	0	0	0	0	0	1	0	0	0	0	0	0	0	0	0	0	0	0	0	0	0	0	0	0	0	0	0	0	g__Paenibacillus_silvae_LY60_GCF_030348445.1	s__	Paenibacillus_silvae_LY60_GCF_030348445.1
OTU_190	3	0	1	1	0	0	2	0	0	1	1	0	0	1	3	1	1	0	2	0	2	2	0	1	0	0	2	0	0	1	0	0	1	0	3	0	1	1	1	1	0	0	g__Lysinibacillus_pakistanensis_LY92_GCA_030123265.1	s__	Lysinibacillus_pakistanensis_LY92_GCA_030123265.1
OTU_191	1	0	0	0	0	0	0	0	0	0	0	0	0	0	0	0	0	0	0	0	0	0	0	0	0	0	0	1	0	0	0	0	0	0	0	0	0	0	0	0	0	0	g__Bacillus_cereus_YX23_GCA_030348245.1	s__	Bacillus_cereus_YX23_GCA_030348245.1
OTU_192	0	0	0	0	0	0	0	0	0	0	0	0	0	0	0	0	1	0	0	1	0	0	0	0	0	0	0	0	0	0	0	0	0	0	0	0	0	0	0	1	0	0	g__Lysinibacillus_pakistanensis_LY92_GCA_030123265.1	s__	Lysinibacillus_pakistanensis_LY92_GCA_030123265.1
OTU_193	0	0	0	1	0	0	0	0	0	0	0	0	0	0	0	0	0	0	0	1	0	0	0	0	0	0	0	0	0	0	0	0	0	0	0	1	1	0	0	0	0	0	g__Paenibacillus_sp.	s__11B_GCF-030487755.1	Paenibacillus_sp. 11B_GCF-030487755.1
OTU_194	0	0	0	0	0	0	0	0	0	0	0	0	0	0	0	0	0	0	0	0	0	0	0	0	0	0	0	0	0	0	0	0	0	0	0	0	0	1	0	0	0	0	g__Neobacillus_sp._SuZ13_GCA_030123365.1	s__	Neobacillus_sp._SuZ13_GCA_030123365.1
OTU_195	0	0	0	0	0	0	0	0	0	1	0	0	0	0	0	0	0	0	0	0	0	0	0	0	0	0	0	0	0	0	0	0	0	0	0	0	0	0	0	0	0	0	g__Bacillus_safensis_CEW-AP100_GCA_030122965.1	s__	Bacillus_safensis_CEW-AP100_GCA_030122965.1
OTU_196	0	0	0	0	0	1	0	0	0	0	0	0	1	0	0	0	0	0	0	0	0	0	0	0	0	0	0	0	0	0	0	0	0	0	0	0	0	0	0	0	0	0	g__Bacillus_mycoides_SIN2.2_GCA_030292205.1	s__	Bacillus_mycoides_SIN2.2_GCA_030292205.1
OTU_197	0	0	0	0	0	0	0	0	1	0	0	0	0	0	0	0	0	0	0	0	0	0	0	0	0	0	0	0	0	0	0	0	0	0	0	0	0	0	0	0	0	0	g__Bacillus_hominis_SIN2.1_GCA_030348325.1	s__	Bacillus_hominis_SIN2.1_GCA_030348325.1
OTU_198	0	0	0	0	0	0	0	0	0	0	0	0	0	0	0	1	0	0	0	0	0	0	0	0	0	0	0	0	0	0	0	0	0	0	0	0	0	0	0	0	0	0	g__Bacillus_paralicheniformis_CEW	s__1W_GCA_030123025.1	Bacillus_paralicheniformis_CEW 1W_GCA_030123025.1
OTU_199	0	0	0	0	0	0	0	0	0	0	0	0	0	0	0	0	0	0	0	0	0	0	0	0	0	0	0	0	0	0	0	0	0	0	0	0	0	0	0	0	1	0	g__Paenibacillus_sp.	s__11B_GCF-030487755.1	Paenibacillus_sp. 11B_GCF-030487755.1
OTU_200	0	0	1	0	0	0	0	0	0	0	0	0	0	0	0	0	0	0	0	0	0	0	0	0	0	0	0	0	0	0	0	0	0	0	0	0	0	0	0	0	0	0	g__Mesobacillus_sp.	s__AQ2_GCA_030122805.1	Mesobacillus_sp. AQ2_GCA_030122805.1
OTU_201	0	0	0	0	0	0	0	0	0	0	0	1	0	0	0	0	0	0	0	0	0	0	0	0	0	0	0	0	0	0	0	0	0	0	0	0	0	0	0	0	0	0	g__Paenibacillus_sp.	s__11B_GCF-030487755.1	Paenibacillus_sp. 11B_GCF-030487755.1
OTU_203	0	0	0	0	0	0	0	0	0	0	0	0	0	0	0	0	0	0	0	0	1	0	0	0	0	0	0	0	0	0	0	0	0	0	0	0	0	0	0	0	0	0	g__Paenibacillus_silvae_LY60_GCF_030348445.1	s__	Paenibacillus_silvae_LY60_GCF_030348445.1
OTU_204	0	0	0	0	0	0	0	0	0	0	1	0	0	0	0	0	0	0	0	0	0	0	0	0	0	0	0	0	0	0	0	0	0	0	0	0	0	0	0	0	0	0	g__Paenibacillus_sp.	s__11B_GCF-030487755.1	Paenibacillus_sp. 11B_GCF-030487755.1
OTU_205	0	0	0	0	0	0	0	0	0	0	0	0	0	0	0	0	0	1	0	0	0	0	0	0	0	0	0	0	0	0	0	0	0	0	0	0	0	0	0	0	0	0	g__Bacillus_paralicheniformis_CEW	s__1W_GCA_030123025.1	Bacillus_paralicheniformis_CEW 1W_GCA_030123025.1
OTU_206	0	0	0	0	0	0	0	0	0	0	0	0	0	0	0	0	0	0	0	0	0	0	0	0	0	0	0	0	0	0	0	0	1	0	0	0	0	0	0	0	0	0	g__Paenibacillus_sp.	s__11B_GCF-030487755.1	Paenibacillus_sp. 11B_GCF-030487755.1
OTU_207	0	0	0	0	0	0	1	0	0	0	0	0	0	0	0	0	0	0	0	0	0	0	0	0	0	0	0	0	0	0	0	0	0	0	0	0	0	0	0	0	0	0	g__Paenibacillus_sp.	s__11B_GCF-030487755.1	Paenibacillus_sp. 11B_GCF-030487755.1
OTU_208	0	0	0	0	0	0	0	0	0	0	0	1	0	0	0	0	0	0	0	0	0	0	0	0	0	0	0	0	0	0	0	0	0	0	0	0	0	0	0	0	0	0	g__Paenibacillus_sp.	s__11B_GCF-030487755.1	Paenibacillus_sp. 11B_GCF-030487755.1
OTU_209	1	0	0	1	0	1	0	0	1	0	0	1	0	1	1	0	2	1	0	1	0	0	0	0	0	0	0	0	0	0	0	0	0	0	0	1	0	1	0	1	0	0	g__Paenibacillus_sp.	s__11B_GCF-030487755.1	Paenibacillus_sp. 11B_GCF-030487755.1
OTU_210	0	0	0	0	0	0	0	0	0	0	0	1	0	0	0	0	0	0	0	0	0	0	0	0	0	0	0	0	0	0	0	0	0	0	0	0	0	0	0	0	0	0	g__Paenibacillus_sp.	s__11B_GCF-030487755.1	Paenibacillus_sp. 11B_GCF-030487755.1
OTU_211	0	0	0	0	0	0	0	0	0	0	0	1	0	0	0	0	0	0	0	0	0	0	0	0	0	0	0	0	0	0	0	0	0	0	0	0	0	0	0	0	0	0	g__Bacillus_sonorensis_YX13_GCA_031324045.1	s__	Bacillus_sonorensis_YX13_GCA_031324045.1
OTU_212	0	0	0	0	0	0	0	0	0	0	0	0	0	0	1	0	0	0	0	0	0	0	0	0	0	0	0	0	0	0	0	0	0	0	0	0	0	0	0	0	0	0	g__Paenibacillus_silvae_LY60_GCF_030348445.1	s__	Paenibacillus_silvae_LY60_GCF_030348445.1
OTU_213	0	0	0	0	0	0	0	0	0	0	0	0	0	0	0	0	1	0	0	0	0	0	0	0	0	0	0	0	0	0	0	0	0	0	0	0	0	0	0	0	0	0	g__Paenibacillus_sp.	s__11B_GCF-030487755.1	Paenibacillus_sp. 11B_GCF-030487755.1
OTU_214	0	0	0	0	0	0	0	0	0	0	0	0	0	0	0	0	0	1	0	0	0	0	0	0	0	0	0	0	0	0	0	0	0	0	0	0	0	0	0	0	0	0	g__Paenibacillus_sp.	s__11B_GCF-030487755.1	Paenibacillus_sp. 11B_GCF-030487755.1
OTU_215	0	0	0	0	0	0	0	0	0	0	0	0	0	0	0	0	0	0	0	0	0	0	0	0	0	0	0	0	0	0	0	0	0	0	1	0	0	0	0	0	0	0	g__Bacillus_paralicheniformis_CEW	s__1W_GCA_030123025.1	Bacillus_paralicheniformis_CEW 1W_GCA_030123025.1
OTU_216	1	0	0	0	0	0	0	0	1	0	0	0	0	1	0	0	0	0	1	0	0	0	0	0	0	0	0	0	0	0	0	0	0	0	0	0	0	0	0	0	1	0	g__Bacillus_sonorensis_YX13_GCA_031324045.1	s__	Bacillus_sonorensis_YX13_GCA_031324045.1
OTU_217	0	0	0	0	0	0	0	0	0	0	0	0	0	0	1	0	0	0	1	0	0	0	0	0	0	0	0	0	0	1	0	0	0	0	0	0	0	0	0	0	0	0	g__Bacillus_paralicheniformis_CEW	s__1W_GCA_030123025.1	Bacillus_paralicheniformis_CEW 1W_GCA_030123025.1
OTU_218	0	0	0	0	0	0	0	0	0	0	0	0	0	0	0	0	0	0	0	0	0	0	0	0	0	0	0	0	0	0	0	0	0	0	0	0	0	0	0	0	0	1	g__Paenibacillus_sp.	s__11B_GCF-030487755.1	Paenibacillus_sp. 11B_GCF-030487755.1
OTU_219	0	0	0	0	0	0	0	0	0	0	0	0	0	0	1	0	0	0	0	0	0	0	0	0	0	0	0	0	0	0	0	0	0	0	0	0	0	0	0	0	0	0	g__Paenibacillus_sp.	s__11B_GCF-030487755.1	Paenibacillus_sp. 11B_GCF-030487755.1
OTU_220	0	0	0	0	0	0	0	0	0	0	0	0	0	1	0	0	0	1	0	1	0	0	0	0	0	0	0	0	0	0	0	0	0	0	1	0	0	0	0	0	0	0	g__Neobacillus_novalis_XLM17_GCA_030123445.1	s__	Neobacillus_novalis_XLM17_GCA_030123445.1
OTU_221	0	0	0	0	0	0	0	0	0	0	0	0	0	0	0	0	0	0	0	0	0	0	0	0	0	0	0	0	0	0	0	0	0	0	0	0	0	0	0	1	0	0	g__Paenibacillus_sp.	s__11B_GCF-030487755.1	Paenibacillus_sp. 11B_GCF-030487755.1
OTU_222	1	1	0	0	2	1	0	0	1	1	1	2	0	5	0	1	1	4	1	2	1	0	0	0	0	0	0	0	0	0	0	0	1	0	0	1	1	0	1	2	0	1	g__Bacillus_sp._DX4.1_GCA_030348195.1	s__	Bacillus_sp._DX4.1_GCA_030348195.1
OTU_223	0	0	0	0	0	0	0	0	0	0	0	0	0	1	0	0	0	0	0	0	0	0	0	0	0	0	0	0	0	0	0	0	0	0	0	0	0	0	0	0	0	0	g__Neobacillus_sp._SuZ13_GCA_030123365.1	s__	Neobacillus_sp._SuZ13_GCA_030123365.1
OTU_224	0	0	0	0	0	0	0	0	0	0	0	0	0	0	0	0	0	0	0	0	0	0	0	0	0	0	0	0	0	0	0	0	0	0	0	1	0	0	0	0	0	0	g__Bacillus_sp._DX4.1_GCA_030348195.1	s__	Bacillus_sp._DX4.1_GCA_030348195.1
OTU_225	0	0	0	0	0	1	0	0	0	0	0	0	0	0	0	0	0	0	0	0	0	0	0	0	0	0	0	0	0	0	0	0	0	0	0	0	0	0	0	0	0	0	g__Bacillus_altitudinis_G6S2_GCA_030123125.1	s__	Bacillus_altitudinis_G6S2_GCA_030123125.1
OTU_226	0	0	0	0	0	1	0	0	0	0	0	0	0	0	0	0	0	0	0	0	0	0	0	0	0	0	0	0	0	0	0	0	0	0	0	0	0	0	0	0	0	0	g__Bacillus_paralicheniformis_CEW	s__1W_GCA_030123025.1	Bacillus_paralicheniformis_CEW 1W_GCA_030123025.1
OTU_227	0	0	0	0	0	0	0	0	0	1	0	0	0	0	0	0	0	0	0	0	0	0	0	0	0	0	0	0	0	0	0	0	0	0	0	0	0	0	0	0	0	0	g__Paenibacillus_sp.	s__11B_GCF-030487755.1	Paenibacillus_sp. 11B_GCF-030487755.1
OTU_228	0	0	0	0	0	0	0	0	0	0	0	0	0	0	0	0	0	0	0	0	0	0	1	0	0	0	0	0	0	0	0	0	0	0	0	0	0	0	0	0	0	0	g__Paenibacillus_sp.	s__11B_GCF-030487755.1	Paenibacillus_sp. 11B_GCF-030487755.1
OTU_229	0	0	0	0	0	0	0	0	0	0	0	1	0	0	0	0	0	0	0	0	0	0	0	0	0	0	0	0	0	0	0	0	0	0	0	0	0	0	0	0	0	0	g__Bacillus_paralicheniformis_CEW	s__1W_GCA_030123025.1	Bacillus_paralicheniformis_CEW 1W_GCA_030123025.1
OTU_230	0	1	0	1	1	0	2	0	0	0	0	1	0	2	1	1	2	1	0	0	0	1	0	0	0	0	0	0	0	1	0	0	0	0	1	1	0	1	0	0	0	0	g__Bacillus_subtilis_KF24_GCA_030123145.1	s__	Bacillus_subtilis_KF24_GCA_030123145.1
OTU_231	0	0	0	0	0	0	0	0	0	0	0	0	0	0	0	0	0	0	1	0	0	0	0	0	0	0	0	0	0	0	0	0	0	0	0	0	0	0	0	0	0	0	g__Paenibacillus_sp.	s__11B_GCF-030487755.1	Paenibacillus_sp. 11B_GCF-030487755.1
OTU_232	1	0	0	0	1	0	0	1	0	0	1	0	0	0	2	0	0	0	0	0	1	0	0	0	0	1	0	1	0	0	0	0	2	0	0	0	1	0	0	0	0	0	g__Bacillus_paralicheniformis_CEW	s__1W_GCA_030123025.1	Bacillus_paralicheniformis_CEW 1W_GCA_030123025.1
OTU_233	0	0	0	0	0	0	0	0	0	0	0	0	0	0	0	1	0	0	0	0	0	0	0	0	0	0	0	0	0	0	0	0	0	0	0	0	0	0	0	0	0	0	g__Bacillus_paralicheniformis_CEW	s__1W_GCA_030123025.1	Bacillus_paralicheniformis_CEW 1W_GCA_030123025.1
OTU_234	0	0	0	0	0	0	0	0	0	0	0	0	0	0	0	1	0	0	0	0	0	0	0	0	0	0	0	0	0	0	0	0	0	0	0	0	0	0	0	0	0	0	g__Bacillus_paralicheniformis_CEW	s__1W_GCA_030123025.1	Bacillus_paralicheniformis_CEW 1W_GCA_030123025.1
OTU_235	0	0	0	0	0	0	0	0	0	0	0	0	0	0	0	0	0	1	0	0	0	0	0	0	0	0	0	0	0	0	0	0	0	0	0	0	0	0	0	0	0	0	g__Paenibacillus_silvae_LY60_GCF_030348445.1	s__	Paenibacillus_silvae_LY60_GCF_030348445.1
OTU_236	0	1	0	0	0	0	0	0	0	0	0	0	0	0	0	0	0	0	0	0	0	0	0	0	0	0	0	0	0	0	0	0	1	0	0	0	0	0	0	0	0	0	g__Paenibacillus_sp.	s__11B_GCF-030487755.1	Paenibacillus_sp. 11B_GCF-030487755.1
OTU_237	0	0	0	0	0	0	0	0	0	0	0	0	0	0	1	0	0	0	0	0	0	0	0	0	0	0	0	0	0	0	0	0	0	0	0	0	0	0	0	0	0	0	g__Paenibacillus_sp.	s__11B_GCF-030487755.1	Paenibacillus_sp. 11B_GCF-030487755.1
OTU_239	0	0	0	0	0	0	0	0	0	0	0	0	0	0	0	0	0	0	0	1	0	0	0	0	0	0	0	0	0	0	0	0	0	0	0	0	0	0	0	0	0	0	g__Paenibacillus_sp.	s__11B_GCF-030487755.1	Paenibacillus_sp. 11B_GCF-030487755.1
OTU_241	0	0	0	0	0	0	0	0	0	0	0	0	0	0	0	0	0	0	0	0	0	0	0	1	0	0	0	0	0	0	0	0	0	0	0	0	0	0	0	0	0	0	g__Neobacillus_sp._SuZ13_GCA_030123365.1	s__	Neobacillus_sp._SuZ13_GCA_030123365.1
OTU_242	0	0	0	0	0	0	0	0	0	0	0	0	0	0	0	1	0	0	0	0	0	0	0	0	0	0	0	0	0	0	0	0	0	0	0	0	0	0	0	0	0	0	g__Paenibacillus_silvae_LY60_GCF_030348445.1	s__	Paenibacillus_silvae_LY60_GCF_030348445.1
OTU_244	0	0	0	0	0	0	0	0	0	0	0	0	0	0	0	0	0	0	0	0	0	0	0	0	0	0	0	0	0	0	0	0	0	0	0	0	0	0	0	0	1	0	g__Paenibacillus_sp.	s__11B_GCF-030487755.1	Paenibacillus_sp. 11B_GCF-030487755.1
OTU_245	0	0	0	0	0	0	0	1	0	0	0	0	0	0	0	0	0	0	0	0	0	0	0	0	0	0	0	0	0	0	0	0	0	0	0	0	0	0	0	0	0	0	g__Bacillus_paralicheniformis_CEW	s__1W_GCA_030123025.1	Bacillus_paralicheniformis_CEW 1W_GCA_030123025.1
OTU_246	0	0	0	0	0	0	0	0	0	0	0	0	0	0	1	0	0	0	0	0	0	0	0	0	0	0	0	0	0	0	0	0	0	0	0	0	0	0	0	0	0	0	g__Bacillus_paralicheniformis_CEW	s__1W_GCA_030123025.1	Bacillus_paralicheniformis_CEW 1W_GCA_030123025.1
OTU_247	0	0	0	0	0	0	0	0	0	0	0	0	0	1	0	1	0	0	0	0	0	0	0	0	0	0	0	0	0	0	0	0	0	0	0	0	0	0	0	0	0	0	g__Bacillus_paralicheniformis_CEW	s__1W_GCA_030123025.1	Bacillus_paralicheniformis_CEW 1W_GCA_030123025.1
OTU_248	0	0	0	0	0	0	0	0	0	0	0	0	0	0	0	0	0	0	0	0	0	0	0	0	0	0	0	0	0	0	0	0	0	0	0	0	0	0	0	0	1	0	g__Bacillus_paralicheniformis_CEW	s__1W_GCA_030123025.1	Bacillus_paralicheniformis_CEW 1W_GCA_030123025.1
OTU_249	0	0	0	0	0	0	0	0	0	0	0	0	0	0	0	0	1	0	0	0	0	0	0	0	0	0	0	0	0	0	0	0	0	0	0	0	0	0	0	0	0	0	g__Bacillus_paralicheniformis_CEW	s__1W_GCA_030123025.1	Bacillus_paralicheniformis_CEW 1W_GCA_030123025.1
OTU_250	0	0	0	0	0	0	0	0	0	0	0	1	0	0	0	0	0	0	0	1	0	1	0	0	0	0	0	0	0	0	0	0	0	0	0	0	0	0	0	1	0	0	g__Bacillus_pumilus_GT4_IS1_GCA_030348915.1	s__	Bacillus_pumilus_GT4_IS1_GCA_030348915.1
OTU_251	0	0	0	0	0	0	0	0	0	0	0	0	0	0	0	0	0	0	0	0	0	0	0	0	0	0	0	0	0	0	0	0	1	0	0	0	0	0	0	0	0	0	g__Bacillus_safensis_CEW-AP100_GCA_030122965.1	s__	Bacillus_safensis_CEW-AP100_GCA_030122965.1
OTU_252	1	0	0	0	0	0	0	0	0	0	0	0	0	0	0	0	0	0	0	0	0	0	0	0	0	0	0	0	0	0	0	0	0	0	0	0	0	0	0	0	0	0	g__Bacillus_pseudomycoides_SIN1.1_GCA_031324125.1	s__	Bacillus_pseudomycoides_SIN1.1_GCA_031324125.1
OTU_253	0	0	0	0	0	0	0	0	0	0	0	0	0	0	0	0	1	0	0	0	0	0	0	0	0	0	0	0	0	0	0	0	0	0	0	0	0	0	0	0	0	0	g__Bacillus_paralicheniformis_CEW	s__1W_GCA_030123025.1	Bacillus_paralicheniformis_CEW 1W_GCA_030123025.1
OTU_254	0	0	0	0	0	0	0	0	0	0	0	0	0	0	0	0	0	0	0	0	0	0	0	0	0	0	0	0	0	0	0	0	0	0	0	0	0	0	1	0	0	0	g__Paenibacillus_sp.	s__11B_GCF-030487755.1	Paenibacillus_sp. 11B_GCF-030487755.1
OTU_255	0	0	0	0	1	0	0	0	0	0	0	0	0	0	0	0	0	0	0	0	0	0	0	0	0	0	0	0	0	0	0	0	0	0	0	0	0	0	0	0	0	0	g__Mesobacillus_sp.	s__AQ2_GCA_030122805.1	Mesobacillus_sp. AQ2_GCA_030122805.1
OTU_256	0	0	0	0	0	0	0	0	0	0	0	0	0	0	1	0	0	0	0	0	0	0	0	0	0	0	0	0	0	0	0	0	0	0	0	0	0	0	0	0	0	0	g__Bacillus_subtilis_G2S2_GCA_030123085.1	s__	Bacillus_subtilis_G2S2_GCA_030123085.1
OTU_257	0	0	0	0	0	0	0	0	0	0	0	0	0	0	0	0	0	0	0	0	0	0	0	0	0	1	0	0	0	0	0	0	0	0	0	0	0	0	0	0	0	0	g__Paenibacillus_silvae_LY60_GCF_030348445.1	s__	Paenibacillus_silvae_LY60_GCF_030348445.1
OTU_258	0	0	0	0	0	0	0	0	0	0	0	0	0	0	0	0	0	0	0	0	0	0	0	0	0	0	0	0	0	0	0	0	0	0	0	0	0	0	0	0	0	1	g__Bacillus_paralicheniformis_CEW	s__1W_GCA_030123025.1	Bacillus_paralicheniformis_CEW 1W_GCA_030123025.1
OTU_259	0	0	0	0	0	0	0	0	0	0	0	0	0	1	1	0	0	0	0	0	0	0	0	0	0	0	0	0	0	0	0	0	0	0	0	0	0	0	0	0	0	0	g__Paenibacillus_sp.	s__11B_GCF-030487755.1	Paenibacillus_sp. 11B_GCF-030487755.1
OTU_260	0	0	0	0	0	0	0	0	0	0	0	0	0	0	0	0	0	0	0	0	0	0	0	0	0	0	0	0	0	0	0	0	0	0	0	0	1	0	0	0	0	0	g__Bacillus_safensis_CEW-AP100_GCA_030122965.1	s__	Bacillus_safensis_CEW-AP100_GCA_030122965.1
OTU_261	0	0	0	0	0	0	0	0	0	0	0	0	0	0	0	0	0	0	0	0	0	0	0	0	0	0	0	0	0	0	0	0	0	0	0	0	0	1	0	0	0	0	g__Bacillus_altitudinis_G6S2_GCA_030123125.1	s__	Bacillus_altitudinis_G6S2_GCA_030123125.1
OTU_262	0	0	0	0	0	1	0	0	0	0	0	2	0	0	1	0	0	0	0	0	0	0	0	0	0	0	0	0	0	0	0	0	0	0	0	0	0	0	0	0	0	0	g__Lysinibacillus_pakistanensis_LY92_GCA_030123265.1	s__	Lysinibacillus_pakistanensis_LY92_GCA_030123265.1
OTU_263	0	0	0	0	0	0	0	0	1	0	0	0	0	0	0	0	0	0	0	0	0	0	0	0	0	0	0	0	0	0	0	0	0	0	0	0	0	0	0	0	0	0	g__Paenibacillus_sp.	s__11B_GCF-030487755.1	Paenibacillus_sp. 11B_GCF-030487755.1
OTU_264	0	0	0	0	0	0	0	0	0	0	0	0	0	0	1	0	0	0	0	0	0	0	0	0	0	0	0	0	0	0	0	0	0	0	0	0	0	0	0	0	0	0	g__Paenibacillus_sp.	s__11B_GCF-030487755.1	Paenibacillus_sp. 11B_GCF-030487755.1
OTU_265	0	0	0	0	0	0	0	0	0	0	0	0	0	0	0	0	0	1	0	0	0	0	0	0	0	0	0	0	0	0	0	0	0	0	0	0	0	0	0	0	0	0	g__Bacillus_safensis_CEW-AP100_GCA_030122965.1	s__	Bacillus_safensis_CEW-AP100_GCA_030122965.1
OTU_266	0	0	0	0	0	0	0	0	0	0	0	0	0	0	0	0	0	0	0	0	0	0	0	0	0	0	0	0	0	0	0	0	0	0	1	0	0	0	0	0	0	0	g__Peribacillus_frigoritolerans_CF13_GCA_030348785.1	s__	Peribacillus_frigoritolerans_CF13_GCA_030348785.1
OTU_267	0	0	0	0	0	0	0	0	0	0	0	0	0	0	0	0	0	0	0	0	0	0	0	0	0	0	0	0	0	0	0	0	0	0	0	0	0	0	1	0	0	0	g__Bacillus_altitudinis_G6S2_GCA_030123125.1	s__	Bacillus_altitudinis_G6S2_GCA_030123125.1
OTU_268	0	0	0	0	0	0	0	0	0	0	0	1	0	0	0	0	0	0	0	0	0	0	0	0	0	0	0	0	0	0	0	0	0	0	0	0	0	0	0	0	0	0	g__Bacillus_paralicheniformis_CEW	s__1W_GCA_030123025.1	Bacillus_paralicheniformis_CEW 1W_GCA_030123025.1
OTU_270	0	0	0	0	0	0	0	0	0	0	0	0	0	0	0	0	0	1	0	0	0	0	0	0	0	0	0	0	0	0	0	0	0	0	0	0	0	0	0	0	0	0	g__Bacillus_paralicheniformis_CEW	s__1W_GCA_030123025.1	Bacillus_paralicheniformis_CEW 1W_GCA_030123025.1
OTU_271	0	0	0	0	0	0	0	0	0	0	0	1	0	0	0	0	0	0	0	0	0	0	0	0	0	0	0	0	0	0	0	0	0	0	0	0	0	0	0	0	0	0	g__Paenibacillus_sp.	s__11B_GCF-030487755.1	Paenibacillus_sp. 11B_GCF-030487755.1
OTU_273	0	0	0	0	1	0	0	0	0	0	0	1	0	0	0	0	0	0	0	0	0	0	0	0	0	0	0	0	0	0	0	0	0	0	0	0	0	0	0	0	0	0	g__Bacillus_paralicheniformis_CEW	s__1W_GCA_030123025.1	Bacillus_paralicheniformis_CEW 1W_GCA_030123025.1
OTU_274	0	0	0	0	0	0	0	0	0	0	0	0	0	0	0	0	1	0	0	0	0	0	0	0	0	0	0	0	0	0	0	0	0	0	0	0	0	0	0	0	0	0	g__Bacillus_sonorensis_YX13_GCA_031324045.1	s__	Bacillus_sonorensis_YX13_GCA_031324045.1
OTU_275	0	0	0	0	0	0	0	0	0	0	0	0	0	2	0	0	0	0	0	0	0	0	0	0	0	0	0	1	0	0	0	0	0	0	0	0	0	0	0	0	0	0	g__Bacillus_safensis_CEW-AP100_GCA_030122965.1	s__	Bacillus_safensis_CEW-AP100_GCA_030122965.1
OTU_276	6	1	4	2	3	3	1	3	5	2	1	5	0	8	6	4	4	9	4	6	3	3	0	0	1	2	1	0	0	0	2	0	2	0	4	4	2	0	5	5	3	0	g__Bacillus_paralicheniformis_CEW	s__1W_GCA_030123025.1	Bacillus_paralicheniformis_CEW 1W_GCA_030123025.1
OTU_277	1	1	0	0	0	0	1	0	1	0	0	0	0	0	0	0	0	0	1	0	0	0	0	0	0	0	0	0	0	0	0	0	0	0	0	1	0	0	1	0	0	0	g__Bacillus_anthracis_Mn106-1	s__head2	Bacillus_anthracis_Mn106-1 head2 chi_GCA_030166975.1
OTU_278	0	0	0	0	0	0	0	0	0	0	0	0	0	2	0	0	0	0	0	0	0	0	0	0	0	0	0	0	0	0	0	0	0	0	0	0	0	0	0	0	0	0	g__Bacillus_altitudinis_G6S2_GCA_030123125.1	s__	Bacillus_altitudinis_G6S2_GCA_030123125.1
OTU_279	0	0	0	0	0	0	0	0	0	0	0	0	0	0	0	1	0	0	0	0	0	0	0	0	0	0	0	0	0	0	0	0	0	0	0	0	0	0	0	0	0	0	g__Lysinibacillus_sp._G4S2_GCA_030348505.1	s__	Lysinibacillus_sp._G4S2_GCA_030348505.1
OTU_280	0	0	0	0	0	0	0	0	0	0	0	0	0	0	0	0	0	0	0	0	0	0	0	0	0	0	0	0	0	0	0	0	0	0	0	0	0	0	0	0	0	1	g__Paenibacillus_sp.	s__11B_GCF-030487755.1	Paenibacillus_sp. 11B_GCF-030487755.1
OTU_281	0	0	0	0	0	0	0	0	0	0	1	0	0	0	0	0	0	0	0	0	0	0	0	0	0	0	0	0	0	0	0	0	0	0	0	0	0	0	0	0	0	0	g__Paenibacillus_sp.	s__11B_GCF-030487755.1	Paenibacillus_sp. 11B_GCF-030487755.1
OTU_282	0	0	0	0	0	0	0	0	0	0	1	0	0	0	0	0	0	0	0	0	0	0	0	0	0	0	0	0	0	0	0	0	0	0	0	0	0	0	0	0	0	0	g__Bacillus_paralicheniformis_CEW	s__1W_GCA_030123025.1	Bacillus_paralicheniformis_CEW 1W_GCA_030123025.1
OTU_283	0	0	0	0	0	0	0	0	0	0	0	0	0	0	0	0	0	1	0	0	0	0	0	0	0	0	0	0	0	0	0	0	0	0	0	0	0	0	0	0	0	0	g__Paenibacillus_sp.	s__11B_GCF-030487755.1	Paenibacillus_sp. 11B_GCF-030487755.1
OTU_284	0	0	0	0	0	0	0	0	0	0	0	0	0	0	0	0	0	0	0	0	1	0	0	0	0	0	0	0	0	0	0	0	0	0	0	0	0	0	0	0	0	0	g__Bacillus_safensis_CEW-AP100_GCA_030122965.1	s__	Bacillus_safensis_CEW-AP100_GCA_030122965.1
OTU_285	0	0	0	0	0	0	0	0	0	0	0	0	0	0	0	0	0	0	0	0	0	0	0	0	0	0	0	0	0	0	0	0	1	0	0	0	0	0	0	0	0	1	g__Bacillus_paralicheniformis_CEW	s__1W_GCA_030123025.1	Bacillus_paralicheniformis_CEW 1W_GCA_030123025.1
OTU_286	1	0	0	0	0	0	0	0	0	0	0	0	0	0	0	0	0	0	0	0	0	0	0	0	0	0	0	0	0	0	0	0	0	0	0	0	0	0	0	0	0	0	g__Paenibacillus_sp.	s__11B_GCF-030487755.1	Paenibacillus_sp. 11B_GCF-030487755.1
OTU_287	0	0	0	0	0	0	0	0	0	0	0	0	0	0	0	0	0	0	0	0	1	0	0	0	0	0	0	0	0	0	0	0	0	0	0	0	0	0	0	0	0	0	g__Paenibacillus_sp.	s__11B_GCF-030487755.1	Paenibacillus_sp. 11B_GCF-030487755.1
OTU_288	0	0	0	0	0	0	0	0	0	0	0	0	0	0	0	0	0	0	1	0	0	0	0	0	0	0	0	0	0	0	0	0	0	0	0	0	0	0	0	0	0	0	g__Paenibacillus_sp.	s__11B_GCF-030487755.1	Paenibacillus_sp. 11B_GCF-030487755.1
OTU_289	0	0	0	0	0	0	1	0	0	0	0	0	0	0	0	0	0	0	0	0	0	0	0	0	0	0	0	0	0	0	0	0	0	0	0	0	0	0	0	0	0	0	g__Bacillus_paralicheniformis_CEW	s__1W_GCA_030123025.1	Bacillus_paralicheniformis_CEW 1W_GCA_030123025.1
OTU_290	1	0	0	0	1	0	0	0	0	0	0	1	0	0	0	1	2	1	0	1	0	0	0	0	0	0	0	0	0	0	0	0	1	0	0	0	1	1	0	0	0	0	g__Bacillus_pseudomycoides_SIN1.1_GCA_031324125.1	s__	Bacillus_pseudomycoides_SIN1.1_GCA_031324125.1
OTU_291	0	0	0	0	0	0	0	0	0	0	0	0	0	0	0	0	0	0	0	0	0	0	0	0	0	0	0	0	0	0	0	0	0	0	0	1	0	0	0	0	1	0	g__Paenibacillus_silvae_LY60_GCF_030348445.1	s__	Paenibacillus_silvae_LY60_GCF_030348445.1
OTU_292	0	0	0	0	0	0	0	0	0	0	0	0	0	0	0	0	1	0	0	0	0	0	0	0	0	0	0	0	0	0	0	0	0	0	0	0	0	0	0	0	0	0	g__Paenibacillus_sp.	s__11B_GCF-030487755.1	Paenibacillus_sp. 11B_GCF-030487755.1
OTU_293	0	0	0	0	0	0	0	0	0	0	0	0	0	0	1	0	0	0	0	0	0	0	0	0	0	0	0	0	0	0	0	0	0	0	0	0	0	0	0	0	0	0	g__Bacillus_paralicheniformis_CEW	s__1W_GCA_030123025.1	Bacillus_paralicheniformis_CEW 1W_GCA_030123025.1
OTU_294	0	0	0	0	0	0	0	0	0	0	0	0	0	0	0	0	0	0	0	0	0	0	0	0	0	0	1	0	0	0	0	0	0	0	0	0	0	0	0	0	0	0	g__Bacillus_paralicheniformis_CEW	s__1W_GCA_030123025.1	Bacillus_paralicheniformis_CEW 1W_GCA_030123025.1
OTU_295	0	0	0	0	0	0	0	0	0	0	0	1	0	0	0	0	0	0	0	0	0	0	0	0	0	0	0	0	0	0	0	0	0	0	0	0	0	0	0	0	0	0	g__Paenibacillus_silvae_LY60_GCF_030348445.1	s__	Paenibacillus_silvae_LY60_GCF_030348445.1
OTU_296	0	0	0	0	0	0	0	0	0	0	0	0	0	0	0	0	0	0	0	0	0	0	0	0	0	0	0	0	0	0	0	0	1	0	0	0	0	0	0	0	0	0	g__Bacillus_paralicheniformis_CEW	s__1W_GCA_030123025.1	Bacillus_paralicheniformis_CEW 1W_GCA_030123025.1
OTU_298	0	0	0	0	0	1	0	0	0	0	0	0	0	0	0	0	0	0	0	0	0	0	0	0	0	0	0	0	0	0	0	0	0	0	0	0	0	0	0	0	0	0	g__Lysinibacillus_pakistanensis_LY92_GCA_030123265.1	s__	Lysinibacillus_pakistanensis_LY92_GCA_030123265.1
OTU_299	0	0	0	0	0	0	0	0	0	0	0	0	0	0	0	0	0	0	1	0	0	0	0	0	0	0	0	0	0	0	0	0	0	0	0	0	0	0	0	0	0	0	g__Paenibacillus_silvae_LY60_GCF_030348445.1	s__	Paenibacillus_silvae_LY60_GCF_030348445.1
OTU_300	0	0	0	0	0	0	0	0	0	0	0	0	0	0	0	0	0	0	0	0	0	0	0	0	0	0	0	0	0	0	0	0	1	0	0	0	0	0	0	0	0	0	g__Bacillus_paralicheniformis_CEW	s__1W_GCA_030123025.1	Bacillus_paralicheniformis_CEW 1W_GCA_030123025.1
OTU_301	0	0	0	0	0	0	0	0	0	0	0	0	0	0	0	0	0	0	0	0	0	0	0	0	0	0	0	0	0	0	0	0	1	0	0	0	0	0	0	0	0	0	g__Paenibacillus_sp.	s__11B_GCF-030487755.1	Paenibacillus_sp. 11B_GCF-030487755.1
OTU_302	0	0	0	0	0	0	0	0	0	0	0	0	0	0	0	0	0	1	0	0	0	0	0	0	0	0	0	0	0	0	0	0	0	0	0	0	0	0	0	0	0	0	g__Paenibacillus_sp.	s__11B_GCF-030487755.1	Paenibacillus_sp. 11B_GCF-030487755.1
OTU_303	0	0	0	0	0	0	0	0	0	0	0	0	0	0	0	0	0	1	0	0	0	0	0	0	0	0	0	0	0	0	0	0	0	0	0	0	0	0	0	0	0	0	g__Paenibacillus_sp.	s__11B_GCF-030487755.1	Paenibacillus_sp. 11B_GCF-030487755.1
OTU_304	0	0	0	0	0	0	0	0	0	0	0	0	0	0	0	0	0	0	0	0	0	0	0	0	0	0	0	1	0	0	0	0	0	0	0	0	0	0	0	0	0	0	g__Bacillus_safensis_CEW-AP100_GCA_030122965.1	s__	Bacillus_safensis_CEW-AP100_GCA_030122965.1
OTU_305	0	0	0	0	0	0	0	0	0	0	0	0	0	0	0	0	0	1	0	0	0	0	0	0	0	0	0	0	0	0	0	0	0	0	1	0	0	0	1	0	0	0	g__Paenibacillus_woosongensis	s__B2_4_GCA_030122845.1	Paenibacillus_woosongensis B2_4_GCA_030122845.1
OTU_306	5	2	3	2	5	0	1	0	1	1	0	4	0	5	1	2	3	4	4	2	5	1	0	1	0	1	1	0	0	0	0	0	1	0	0	3	1	1	1	0	3	1	g__Bacillus_altitudinis_G6S2_GCA_030123125.1	s__	Bacillus_altitudinis_G6S2_GCA_030123125.1
OTU_307	0	0	0	0	0	0	0	0	0	0	0	0	0	0	0	0	0	0	0	1	0	0	0	0	0	0	0	0	0	0	0	0	0	0	0	0	0	0	0	0	0	0	g__Paenibacillus_silvae_LY60_GCF_030348445.1	s__	Paenibacillus_silvae_LY60_GCF_030348445.1
OTU_308	0	0	0	0	0	0	0	0	0	0	0	0	0	0	0	0	0	0	0	0	0	0	0	0	0	0	0	0	0	0	0	0	1	0	0	0	0	0	0	0	0	0	g__Paenibacillus_sp.	s__11B_GCF-030487755.1	Paenibacillus_sp. 11B_GCF-030487755.1
OTU_309	0	0	0	0	0	0	0	0	0	0	0	0	0	0	0	0	0	0	0	0	0	0	0	0	0	0	0	0	0	0	0	0	1	0	0	0	0	0	0	0	0	0	g__Paenibacillus_sp.	s__11B_GCF-030487755.1	Paenibacillus_sp. 11B_GCF-030487755.1
OTU_310	0	0	0	0	0	0	0	0	0	0	0	1	0	0	0	0	0	0	0	0	0	0	0	0	0	0	0	0	0	0	0	0	0	0	0	0	0	0	0	0	0	0	g__Paenibacillus_sp.	s__11B_GCF-030487755.1	Paenibacillus_sp. 11B_GCF-030487755.1
OTU_311	0	0	0	0	0	0	0	0	0	0	0	0	0	0	0	0	0	0	1	0	0	0	0	0	0	0	0	0	0	0	0	0	0	0	0	0	0	0	0	0	0	0	g__Peribacillus_frigoritolerans_CF29_GCA_030122925.1	s__	Peribacillus_frigoritolerans_CF29_GCA_030122925.1
OTU_312	1	0	0	0	0	0	0	0	0	0	0	0	0	0	0	0	0	0	0	0	0	0	0	0	0	0	0	0	0	0	0	0	0	0	0	0	0	0	0	0	0	0	g__Bacillus_subtilis_G2S2_GCA_030123085.1	s__	Bacillus_subtilis_G2S2_GCA_030123085.1
OTU_313	1	1	1	1	1	0	2	1	0	0	0	1	1	5	3	4	3	1	3	1	0	2	1	1	0	1	1	0	0	0	0	0	0	1	4	2	3	1	0	2	1	3	g__Bacillus_paralicheniformis_CEW	s__1W_GCA_030123025.1	Bacillus_paralicheniformis_CEW 1W_GCA_030123025.1
OTU_314	0	0	0	1	0	0	0	0	0	0	0	0	0	0	0	0	0	0	0	0	0	0	0	0	0	0	0	0	0	0	0	0	0	0	0	0	0	0	0	0	0	0	g__Bacillus_sonorensis_YX13_GCA_031324045.1	s__	Bacillus_sonorensis_YX13_GCA_031324045.1
OTU_315	0	0	0	0	0	0	0	0	0	0	0	0	0	1	0	0	0	0	0	0	0	0	0	0	0	0	0	0	0	0	0	0	0	0	0	0	0	0	0	0	0	0	g__Lysinibacillus_pakistanensis_LY92_GCA_030123265.1	s__	Lysinibacillus_pakistanensis_LY92_GCA_030123265.1
OTU_316	0	0	0	0	0	0	0	0	0	0	0	0	0	1	0	0	0	0	0	0	0	0	0	0	0	0	0	0	0	0	0	0	0	0	0	0	0	0	0	0	0	0	g__Brevibacillus_parabrevis_GCA_031324325.1	s__	Brevibacillus_parabrevis_GCA_031324325.1
OTU_317	0	0	0	0	0	0	0	0	0	0	0	0	0	0	1	0	0	0	0	0	0	0	0	0	0	0	0	0	0	0	0	0	0	0	0	0	0	0	0	0	0	0	g__Bacillus_paralicheniformis_CEW	s__1W_GCA_030123025.1	Bacillus_paralicheniformis_CEW 1W_GCA_030123025.1
OTU_318	0	0	0	0	0	0	0	0	0	0	0	0	0	0	0	0	0	0	0	0	0	0	0	0	0	0	0	1	0	0	0	0	0	0	0	0	0	0	0	0	0	0	g__Paenibacillus_sp.	s__11B_GCF-030487755.1	Paenibacillus_sp. 11B_GCF-030487755.1
OTU_319	0	0	0	0	0	0	0	0	0	0	0	0	0	0	0	0	0	0	0	1	0	0	0	0	0	0	0	0	0	0	0	0	0	0	0	0	0	0	0	0	0	0	g__Paenibacillus_sp.	s__11B_GCF-030487755.1	Paenibacillus_sp. 11B_GCF-030487755.1
OTU_320	0	0	0	0	0	0	0	0	0	0	0	0	0	0	0	0	0	0	0	0	0	0	0	0	0	0	0	0	1	0	0	0	0	0	0	0	0	0	0	0	0	0	g__Bacillus_sonorensis_YX13_GCA_031324045.1	s__	Bacillus_sonorensis_YX13_GCA_031324045.1
OTU_321	0	0	1	0	0	0	1	0	0	0	0	1	0	2	1	0	0	0	0	0	1	0	0	0	1	0	1	1	0	0	0	1	0	0	0	0	0	0	0	0	0	0	g__Bacillus_albus_SXL388_GCA_030292135.1	s__	Bacillus_albus_SXL388_GCA_030292135.1
OTU_322	0	0	0	0	0	0	0	0	1	0	0	0	0	0	1	0	0	0	0	0	0	0	0	0	0	0	0	0	0	0	0	0	0	0	0	0	0	0	0	0	0	0	g__Bacillus_sonorensis_YX13_GCA_031324045.1	s__	Bacillus_sonorensis_YX13_GCA_031324045.1
OTU_324	0	1	1	0	1	0	0	0	1	1	1	1	0	0	1	0	2	1	0	1	0	1	2	0	1	0	0	1	0	1	2	0	0	1	2	0	1	1	1	0	0	0	g__Bacillus_safensis_CEW-AP100_GCA_030122965.1	s__	Bacillus_safensis_CEW-AP100_GCA_030122965.1
OTU_325	3	2	1	1	1	1	1	0	2	0	0	3	0	1	1	1	6	4	3	4	2	2	0	0	1	0	3	1	0	1	1	0	3	0	0	2	1	2	1	0	1	2	g__Lysinibacillus_pakistanensis_LY92_GCA_030123265.1	s__	Lysinibacillus_pakistanensis_LY92_GCA_030123265.1
OTU_326	0	1	0	1	0	0	3	0	0	2	0	4	0	0	2	0	0	2	2	1	0	1	0	0	0	0	0	0	0	0	0	0	0	1	0	0	1	1	1	0	1	0	g__Paenibacillus_silvae_LY60_GCF_030348445.1	s__	Paenibacillus_silvae_LY60_GCF_030348445.1
OTU_327	3	1	2	1	2	2	0	1	0	2	3	4	1	2	0	2	3	1	1	2	2	3	1	0	0	1	0	0	0	0	0	0	0	0	1	0	0	1	2	0	1	2	g__Bacillus_sonorensis_YX13_GCA_031324045.1	s__	Bacillus_sonorensis_YX13_GCA_031324045.1
OTU_328	1	0	0	0	0	0	0	0	0	0	0	1	0	0	0	0	2	0	1	0	0	0	0	0	0	0	0	0	0	0	0	0	0	0	0	1	0	0	0	0	0	0	g__Bacillus_arachidis_YX15_GCA_030285945.1	s__	Bacillus_arachidis_YX15_GCA_030285945.1
OTU_329	1	0	0	0	0	0	0	0	0	0	0	0	0	0	0	0	0	0	0	0	0	0	0	0	0	0	0	0	0	0	0	0	0	0	0	0	0	0	0	0	0	0	g__Bacillus_safensis_CEW-AP100_GCA_030122965.1	s__	Bacillus_safensis_CEW-AP100_GCA_030122965.1
OTU_330	0	1	0	0	0	0	1	0	0	0	0	1	0	0	0	0	0	0	0	1	0	0	0	0	0	0	0	0	0	0	0	0	1	0	0	0	0	0	0	0	0	1	g__Bacillus_altitudinis_G6S2_GCA_030123125.1	s__	Bacillus_altitudinis_G6S2_GCA_030123125.1
OTU_331	0	0	0	0	0	0	0	0	0	0	0	0	0	0	1	0	0	0	0	0	0	1	0	0	0	0	0	0	0	0	0	0	0	0	0	0	0	1	0	0	0	0	g__Paenibacillus_silvae_LY60_GCF_030348445.1	s__	Paenibacillus_silvae_LY60_GCF_030348445.1
OTU_332	0	0	0	0	0	0	0	0	0	0	0	0	0	0	1	0	1	0	0	0	0	1	0	0	0	0	0	0	0	0	0	0	0	0	0	1	0	0	1	0	0	0	g__Peribacillus_frigoritolerans_LC22_GCA_030123165.1	s__	Peribacillus_frigoritolerans_LC22_GCA_030123165.1
OTU_333	0	0	0	0	0	0	0	0	0	0	0	0	0	0	0	0	0	0	0	0	0	0	0	0	0	0	0	0	0	0	0	0	1	0	0	0	0	0	0	0	0	0	g__Bacillus_paralicheniformis_CEW	s__1W_GCA_030123025.1	Bacillus_paralicheniformis_CEW 1W_GCA_030123025.1
OTU_334	0	0	1	0	0	0	0	0	0	0	0	0	0	0	0	0	0	0	0	0	0	0	0	0	0	0	0	0	0	0	0	0	0	0	0	0	0	0	0	0	0	0	g__Bacillus_sonorensis_YX13_GCA_031324045.1	s__	Bacillus_sonorensis_YX13_GCA_031324045.1
OTU_335	0	0	0	0	0	0	0	0	0	0	0	0	0	0	0	0	1	0	0	0	0	0	0	0	0	0	0	0	0	0	0	0	0	0	0	0	0	0	0	0	1	0	g__Bacillus_sonorensis_YX13_GCA_031324045.1	s__	Bacillus_sonorensis_YX13_GCA_031324045.1
OTU_336	0	0	0	0	0	0	0	0	0	0	0	0	0	0	0	0	0	0	0	0	0	0	0	0	0	0	0	0	0	0	0	0	0	0	0	0	0	0	1	0	0	0	g__Bacillus_paralicheniformis_CEW	s__1W_GCA_030123025.1	Bacillus_paralicheniformis_CEW 1W_GCA_030123025.1
OTU_337	0	0	0	0	0	0	0	0	0	0	0	0	0	0	0	0	0	0	0	0	0	0	0	0	0	0	0	0	0	0	0	0	1	0	0	0	0	0	0	0	0	0	g__Bacillus_paralicheniformis_CEW	s__1W_GCA_030123025.1	Bacillus_paralicheniformis_CEW 1W_GCA_030123025.1
OTU_338	0	0	0	0	0	0	0	0	1	0	0	0	0	0	0	0	0	0	0	0	0	0	0	0	0	0	0	0	0	0	0	0	0	0	0	0	0	0	0	0	0	0	g__Bacillus_sonorensis_YX13_GCA_031324045.1	s__	Bacillus_sonorensis_YX13_GCA_031324045.1
OTU_339	0	0	0	0	0	0	0	0	0	0	0	0	0	0	0	0	1	0	0	0	0	0	0	0	0	0	0	0	0	0	0	0	0	0	0	0	0	0	0	0	0	0	g__Bacillus_licheniformis_D9_B_45_GCA_030348625.1	s__	Bacillus_licheniformis_D9_B_45_GCA_030348625.1
OTU_340	0	0	0	0	0	0	0	0	0	0	0	0	0	0	0	0	0	1	0	0	0	0	0	0	0	0	0	0	0	0	0	0	0	0	0	0	0	0	0	0	0	0	g__Bacillus_safensis_CEW-AP100_GCA_030122965.1	s__	Bacillus_safensis_CEW-AP100_GCA_030122965.1
OTU_341	0	0	0	0	0	0	0	0	0	0	0	0	0	0	0	0	0	0	0	0	0	0	0	0	0	0	0	0	0	0	0	0	0	0	0	1	0	0	0	0	0	0	g__Bacillus_safensis_CEW-AP100_GCA_030122965.1	s__	Bacillus_safensis_CEW-AP100_GCA_030122965.1
OTU_342	0	0	1	0	0	0	0	0	0	0	0	0	0	0	0	0	0	0	0	0	0	0	0	0	0	0	0	0	0	0	0	0	0	0	0	0	0	0	0	0	0	0	g__Bacillus_paralicheniformis_CEW	s__1W_GCA_030123025.1	Bacillus_paralicheniformis_CEW 1W_GCA_030123025.1
OTU_343	0	0	0	0	0	0	0	0	0	0	0	0	0	1	0	0	0	0	0	0	0	0	0	0	0	0	0	0	0	0	0	0	0	0	0	0	0	0	0	0	0	0	g__Paenibacillus_sp.	s__11B_GCF-030487755.1	Paenibacillus_sp. 11B_GCF-030487755.1
OTU_344	0	0	0	0	0	0	0	0	0	0	0	0	0	0	0	0	0	1	0	0	0	0	0	0	0	0	0	0	0	0	0	0	0	0	0	0	0	0	0	0	0	0	g__Paenibacillus_silvae_LY60_GCF_030348445.1	s__	Paenibacillus_silvae_LY60_GCF_030348445.1
OTU_345	0	0	0	0	0	0	0	0	0	0	0	0	0	1	0	0	0	0	0	0	0	0	0	0	0	0	0	0	0	0	0	0	0	0	0	0	0	0	0	0	0	0	g__Bacillus_sonorensis_YX13_GCA_031324045.1	s__	Bacillus_sonorensis_YX13_GCA_031324045.1
OTU_346	0	0	0	0	0	0	0	0	0	0	0	0	0	0	0	1	0	0	0	0	0	0	0	0	0	0	0	0	0	0	0	0	0	0	0	0	0	0	0	0	0	0	g__Bacillus_albus_SXL388_GCA_030292135.1	s__	Bacillus_albus_SXL388_GCA_030292135.1
OTU_347	0	0	0	0	0	0	0	0	0	0	0	0	0	0	0	1	1	0	1	0	0	0	0	0	0	0	0	0	0	0	0	0	0	0	0	0	0	0	0	0	0	0	g__Bacillus_paralicheniformis_CEW	s__1W_GCA_030123025.1	Bacillus_paralicheniformis_CEW 1W_GCA_030123025.1
OTU_348	0	0	0	0	0	0	0	0	0	0	0	0	0	0	0	0	0	1	0	0	0	0	0	0	0	0	0	0	0	0	0	0	0	0	0	0	0	0	0	0	0	0	g__Bacillus_sonorensis_YX13_GCA_031324045.1	s__	Bacillus_sonorensis_YX13_GCA_031324045.1
OTU_349	0	0	0	0	0	0	0	0	0	0	0	0	0	0	0	0	0	0	0	0	0	0	0	0	0	0	0	0	0	0	0	0	0	1	0	0	0	0	0	0	0	0	g__Bacillus_anthracis_Mn106-1	s__head2	Bacillus_anthracis_Mn106-1 head2 chi_GCA_030166975.1
OTU_350	0	0	0	0	0	1	0	0	0	0	0	0	0	0	0	0	0	0	0	0	0	0	0	0	0	0	0	0	0	0	0	0	0	0	0	0	0	0	0	0	0	0	g__Paenibacillus_silvae_LY60_GCF_030348445.1	s__	Paenibacillus_silvae_LY60_GCF_030348445.1
OTU_351	0	0	0	0	0	0	0	0	0	0	0	0	0	0	1	0	0	0	0	0	0	0	0	0	0	0	0	0	0	0	0	0	0	0	0	0	0	0	0	0	0	0	g__Bacillus_sonorensis_YX13_GCA_031324045.1	s__	Bacillus_sonorensis_YX13_GCA_031324045.1
OTU_352	0	0	0	0	0	0	0	0	0	0	0	0	0	0	0	0	0	0	0	0	0	0	0	0	0	0	0	0	0	0	1	0	0	0	0	0	0	0	0	0	0	0	g__Bacillus_arachidis_YX15_GCA_030285945.1	s__	Bacillus_arachidis_YX15_GCA_030285945.1
OTU_353	0	0	0	0	0	0	0	0	1	0	0	0	0	0	0	0	0	0	0	0	0	0	0	0	0	0	0	0	0	0	0	0	0	0	0	0	0	0	0	0	0	0	g__Paenibacillus_sp.	s__11B_GCF-030487755.1	Paenibacillus_sp. 11B_GCF-030487755.1
OTU_354	0	0	0	0	0	0	0	0	0	0	0	1	0	0	0	0	0	0	0	0	0	0	0	0	0	0	0	0	0	0	0	0	0	0	0	0	0	0	0	0	0	0	g__Bacillus_paralicheniformis_CEW	s__1W_GCA_030123025.1	Bacillus_paralicheniformis_CEW 1W_GCA_030123025.1
OTU_355	0	0	0	0	0	0	0	0	0	0	0	0	0	0	0	0	0	0	0	0	1	0	0	0	0	0	0	0	0	0	0	0	0	0	0	0	0	0	0	0	0	0	g__Bacillus_paralicheniformis_CEW	s__1W_GCA_030123025.1	Bacillus_paralicheniformis_CEW 1W_GCA_030123025.1
OTU_356	0	0	0	0	0	0	0	0	0	0	0	0	0	0	0	0	0	0	0	0	0	0	0	0	0	0	0	0	0	0	0	0	0	0	0	0	0	0	0	0	0	1	g__Paenibacillus_silvae_LY60_GCF_030348445.1	s__	Paenibacillus_silvae_LY60_GCF_030348445.1
OTU_357	0	0	1	0	0	0	0	0	0	0	0	2	0	0	1	0	0	0	1	1	1	0	0	0	0	0	0	0	0	0	0	0	1	0	0	0	0	0	0	0	1	0	g__Bacillus_sp._DX1.1_GCA_030348225.1	s__	Bacillus_sp._DX1.1_GCA_030348225.1
OTU_358	0	0	0	1	0	0	0	0	0	0	0	0	0	0	0	0	0	0	0	0	0	0	0	0	0	0	0	0	0	0	0	0	0	0	0	0	0	0	0	0	0	0	g__Paenibacillus_sp.	s__11B_GCF-030487755.1	Paenibacillus_sp. 11B_GCF-030487755.1
OTU_359	0	0	0	0	0	0	0	0	0	0	0	1	0	0	0	0	0	0	0	0	0	0	0	0	0	0	0	0	0	0	0	0	0	0	0	0	0	0	0	0	0	0	g__Paenibacillus_sp.	s__11B_GCF-030487755.1	Paenibacillus_sp. 11B_GCF-030487755.1
OTU_360	0	0	0	0	0	0	0	0	0	0	0	0	0	1	0	0	0	0	0	0	0	0	0	0	0	0	0	0	0	0	0	0	0	0	0	0	0	0	0	0	0	0	g__Bacillus_paralicheniformis_CEW	s__1W_GCA_030123025.1	Bacillus_paralicheniformis_CEW 1W_GCA_030123025.1
OTU_361	1	0	0	0	0	0	0	0	0	0	0	0	0	0	0	0	1	0	0	0	0	0	0	0	0	0	0	0	0	0	0	0	0	0	0	0	0	0	0	0	0	0	g__Paenibacillus_sp.	s__11B_GCF-030487755.1	Paenibacillus_sp. 11B_GCF-030487755.1
OTU_362	1	0	0	0	0	0	0	0	0	0	0	0	1	0	0	0	0	0	1	0	1	0	0	0	0	0	0	0	0	0	0	0	0	0	0	0	0	0	0	0	0	0	g__Paenibacillus_sp.	s__11B_GCF-030487755.1	Paenibacillus_sp. 11B_GCF-030487755.1
OTU_363	0	0	0	0	0	0	0	1	0	0	0	0	0	0	0	0	0	0	0	0	0	0	0	0	0	0	0	0	0	0	0	0	0	0	0	0	0	0	0	0	0	0	g__Bacillus_paralicheniformis_CEW	s__1W_GCA_030123025.1	Bacillus_paralicheniformis_CEW 1W_GCA_030123025.1
OTU_364	0	0	0	0	0	0	0	0	0	0	0	1	0	0	0	0	0	0	0	0	0	0	0	0	0	0	0	0	0	0	0	0	0	0	0	0	0	0	0	0	0	0	g__Bacillus_paralicheniformis_CEW	s__1W_GCA_030123025.1	Bacillus_paralicheniformis_CEW 1W_GCA_030123025.1
OTU_365	0	0	0	0	0	0	0	0	0	0	0	0	0	0	1	0	0	0	0	0	0	0	0	0	0	0	0	0	0	0	0	0	0	0	0	0	0	0	0	0	0	0	g__Bacillus_sonorensis_YX13_GCA_031324045.1	s__	Bacillus_sonorensis_YX13_GCA_031324045.1
OTU_366	0	0	0	0	0	0	0	0	0	0	0	0	0	0	0	0	0	1	0	0	0	0	0	0	0	0	0	0	0	0	0	0	0	0	0	0	0	0	0	0	0	0	g__Mesobacillus_sp.	s__AQ2_GCA_030122805.1	Mesobacillus_sp. AQ2_GCA_030122805.1
OTU_367	0	0	2	0	1	0	0	0	0	1	0	1	0	0	2	0	1	1	0	1	0	0	0	0	0	0	0	0	0	0	0	0	1	0	0	1	0	0	0	0	0	1	g__Neobacillus_novalis_XLM17_GCA_030123445.1	s__	Neobacillus_novalis_XLM17_GCA_030123445.1
OTU_368	0	0	0	0	0	0	0	0	0	0	0	0	0	0	0	0	0	0	0	0	1	0	0	0	0	0	0	0	0	0	0	0	0	0	0	0	0	0	0	0	0	0	g__Paenibacillus_sp.	s__11B_GCF-030487755.1	Paenibacillus_sp. 11B_GCF-030487755.1
OTU_369	0	0	0	0	0	0	0	0	0	0	0	0	0	0	0	0	0	0	0	0	1	0	0	0	0	0	0	0	0	0	0	0	0	0	0	0	0	0	0	0	0	0	g__Bacillus_sonorensis_YX13_GCA_031324045.1	s__	Bacillus_sonorensis_YX13_GCA_031324045.1
OTU_370	0	0	0	0	0	0	0	0	0	0	0	0	0	0	0	0	0	0	0	0	1	0	0	0	0	0	0	0	0	0	0	0	0	0	0	0	0	0	0	0	0	0	g__Bacillus_paralicheniformis_CEW	s__1W_GCA_030123025.1	Bacillus_paralicheniformis_CEW 1W_GCA_030123025.1
OTU_371	0	0	1	0	0	0	0	0	0	0	0	0	0	0	0	0	0	0	0	0	0	0	0	0	0	0	0	0	0	0	0	0	0	0	0	0	0	0	0	0	0	0	g__Bacillus_toyonensis_Puebla_S2_GCA_030167055.1	s__	Bacillus_toyonensis_Puebla_S2_GCA_030167055.1
OTU_372	1	0	0	0	0	1	0	0	0	0	0	0	0	0	0	0	0	0	0	0	0	0	0	0	0	0	0	0	0	0	0	0	0	0	0	0	0	0	0	0	0	0	g__Lysinibacillus_pakistanensis_LY92_GCA_030123265.1	s__	Lysinibacillus_pakistanensis_LY92_GCA_030123265.1
OTU_373	0	0	0	0	0	0	0	1	0	0	0	0	0	0	0	0	0	0	0	0	0	0	0	0	0	0	0	0	0	0	0	0	0	0	0	0	0	0	0	0	0	0	g__Bacillus_sonorensis_YX13_GCA_031324045.1	s__	Bacillus_sonorensis_YX13_GCA_031324045.1
OTU_374	0	0	0	0	0	0	0	0	0	0	0	0	0	0	0	0	0	0	0	1	0	0	0	0	0	0	0	0	0	0	0	0	0	0	0	0	0	0	0	0	0	0	g__Bacillus_sonorensis_YX13_GCA_031324045.1	s__	Bacillus_sonorensis_YX13_GCA_031324045.1
OTU_375	1	0	0	0	0	0	0	0	0	0	0	0	0	0	0	0	0	0	0	0	0	0	0	0	0	0	0	0	0	0	0	0	0	0	0	0	0	0	0	0	0	0	g__Bacillus_sonorensis_YX13_GCA_031324045.1	s__	Bacillus_sonorensis_YX13_GCA_031324045.1
OTU_376	0	0	0	0	0	0	0	0	0	0	0	0	0	1	0	0	0	0	0	0	0	0	0	0	0	0	0	0	0	0	0	0	0	0	0	0	0	0	0	0	0	0	g__Bacillus_paralicheniformis_CEW	s__1W_GCA_030123025.1	Bacillus_paralicheniformis_CEW 1W_GCA_030123025.1
OTU_377	0	0	0	0	0	0	0	0	0	0	0	0	0	1	0	0	0	0	0	0	0	0	0	0	0	0	0	0	0	0	0	0	0	0	0	0	0	0	0	0	0	0	g__Paenibacillus_sp.	s__11B_GCF-030487755.1	Paenibacillus_sp. 11B_GCF-030487755.1
OTU_378	1	0	0	0	0	0	1	0	0	1	0	0	0	0	0	1	0	0	0	0	0	0	0	0	0	0	0	0	0	0	0	0	0	0	2	0	0	0	0	0	1	0	g__Mesobacillus_sp.	s__AQ2_GCA_030122805.1	Mesobacillus_sp. AQ2_GCA_030122805.1
OTU_379	0	0	0	0	1	0	0	0	0	0	0	0	0	0	0	0	0	0	0	0	0	0	0	0	0	0	0	0	0	0	0	0	0	0	0	0	0	0	0	0	0	0	g__Bacillus_sonorensis_YX13_GCA_031324045.1	s__	Bacillus_sonorensis_YX13_GCA_031324045.1
OTU_380	0	0	0	0	0	0	0	0	0	0	0	0	0	0	1	0	0	0	0	0	0	0	0	0	0	0	0	0	0	0	0	0	0	0	0	0	0	0	0	0	0	0	g__Bacillus_sonorensis_YX13_GCA_031324045.1	s__	Bacillus_sonorensis_YX13_GCA_031324045.1
OTU_381	0	0	0	0	0	0	0	0	0	0	0	0	0	0	0	1	0	0	0	0	0	0	0	0	0	0	0	0	0	0	0	0	0	0	0	0	0	0	0	0	0	0	g__Virgibacillus_halodenitrifican_ACCC02857_GCA_030122745.1	s__	Virgibacillus_halodenitrifican_ACCC02857_GCA_030122745.1
OTU_382	0	0	0	0	0	0	0	0	0	0	0	0	0	0	0	0	0	0	0	0	1	0	0	0	0	0	0	0	0	0	0	0	0	0	0	0	0	0	0	0	0	0	g__Bacillus_paralicheniformis_CEW	s__1W_GCA_030123025.1	Bacillus_paralicheniformis_CEW 1W_GCA_030123025.1
OTU_384	0	0	0	0	0	0	0	0	0	0	0	0	0	0	0	0	0	0	0	0	0	0	0	0	0	0	0	1	0	0	0	0	0	0	0	0	0	0	0	0	0	0	g__Bacillus_paralicheniformis_CEW	s__1W_GCA_030123025.1	Bacillus_paralicheniformis_CEW 1W_GCA_030123025.1
OTU_385	0	0	0	0	0	0	0	0	0	0	0	0	0	0	1	0	0	0	0	0	0	0	0	0	0	0	0	0	0	0	0	0	0	0	0	0	0	0	0	0	0	0	g__Paenibacillus_silvae_LY60_GCF_030348445.1	s__	Paenibacillus_silvae_LY60_GCF_030348445.1
OTU_386	3	1	3	1	2	3	1	0	2	1	1	5	3	2	4	1	4	5	6	8	7	2	2	2	1	2	0	2	0	0	0	1	6	0	6	3	0	4	2	0	0	1	g__Bacillus_sonorensis_YX13_GCA_031324045.1	s__	Bacillus_sonorensis_YX13_GCA_031324045.1
OTU_387	1	2	0	0	1	0	0	0	1	0	0	1	0	1	1	0	1	1	0	0	0	0	0	0	1	0	0	0	0	0	0	0	0	0	1	0	0	0	0	0	0	1	g__Bacillus_halotolerans_KF17_GCA_030292055.1	s__	Bacillus_halotolerans_KF17_GCA_030292055.1
OTU_388	0	0	0	0	1	0	0	0	0	0	0	0	0	0	0	0	0	0	0	0	0	0	0	0	0	0	0	0	0	0	0	0	0	0	0	0	0	0	0	0	0	0	g__Paenibacillus_sp.	s__11B_GCF-030487755.1	Paenibacillus_sp. 11B_GCF-030487755.1
OTU_389	0	0	0	0	0	0	0	0	1	0	0	0	0	0	0	0	0	0	0	0	0	0	0	0	0	0	0	0	0	0	0	0	0	0	0	0	0	0	0	0	0	0	g__Peribacillus_simplex_WH6_GCA_030123485.1	s__	Peribacillus_simplex_WH6_GCA_030123485.1
OTU_390	0	0	0	0	1	0	0	0	0	0	0	0	0	0	0	0	0	0	0	0	0	0	0	0	0	0	0	0	0	0	0	0	0	0	0	0	0	0	0	0	0	0	g__Bacillus_safensis_CEW-AP100_GCA_030122965.1	s__	Bacillus_safensis_CEW-AP100_GCA_030122965.1
OTU_391	0	0	0	0	0	0	0	0	0	0	0	0	0	0	0	0	0	0	0	0	0	0	0	0	0	0	0	0	0	0	0	0	0	0	1	0	0	0	0	0	0	0	g__Neobacillus_novalis_XLM17_GCA_030123445.1	s__	Neobacillus_novalis_XLM17_GCA_030123445.1
OTU_392	0	0	0	0	0	0	0	0	0	0	0	0	0	0	0	0	0	0	0	0	0	0	0	0	0	0	0	0	0	0	0	0	0	0	0	0	0	1	0	0	0	0	g__Bacillus_licheniformis_D9_B_45_GCA_030348625.1	s__	Bacillus_licheniformis_D9_B_45_GCA_030348625.1
OTU_393	0	0	0	0	0	0	0	0	0	1	0	0	0	0	0	0	0	0	0	0	0	0	0	0	0	0	0	0	0	0	0	0	0	0	0	0	0	0	0	0	0	0	g__Bacillus_safensis_CEW-AP100_GCA_030122965.1	s__	Bacillus_safensis_CEW-AP100_GCA_030122965.1
OTU_394	0	0	0	0	0	0	0	0	0	0	1	0	0	0	0	0	0	0	0	0	0	0	0	0	0	0	0	0	0	0	0	0	0	0	0	0	0	0	0	0	0	0	g__Bacillus_paralicheniformis_CEW	s__1W_GCA_030123025.1	Bacillus_paralicheniformis_CEW 1W_GCA_030123025.1
OTU_395	0	0	0	0	0	0	0	0	0	0	0	0	0	1	0	0	0	1	0	1	0	0	0	0	0	0	0	0	0	0	0	0	0	0	0	0	0	0	0	0	0	0	g__Bacillus_sp._DX1.1_GCA_030348225.1	s__	Bacillus_sp._DX1.1_GCA_030348225.1
OTU_396	0	0	0	0	0	0	0	0	0	0	0	0	0	0	0	0	0	0	0	0	1	0	0	0	0	0	0	0	0	0	0	0	0	0	0	0	0	0	0	0	0	0	g__Paenibacillus_silvae_LY60_GCF_030348445.1	s__	Paenibacillus_silvae_LY60_GCF_030348445.1
OTU_397	0	0	0	0	0	0	0	0	0	0	0	0	0	0	0	0	0	1	0	1	0	0	0	0	0	0	0	0	0	0	0	0	0	0	0	0	0	0	0	0	0	0	g__Bacillus_sonorensis_YX13_GCA_031324045.1	s__	Bacillus_sonorensis_YX13_GCA_031324045.1
OTU_398	1	0	0	0	0	0	0	0	0	0	0	0	0	0	0	0	0	0	0	0	0	0	0	0	0	0	0	0	0	0	0	0	0	0	0	0	0	0	0	0	0	0	g__Bacillus_sonorensis_YX13_GCA_031324045.1	s__	Bacillus_sonorensis_YX13_GCA_031324045.1
OTU_399	0	0	1	0	0	0	0	0	0	0	0	0	0	0	0	0	0	0	0	0	0	0	0	0	0	0	0	0	0	0	0	0	0	0	0	0	0	0	0	0	0	0	g__Bacillus_paralicheniformis_CEW	s__1W_GCA_030123025.1	Bacillus_paralicheniformis_CEW 1W_GCA_030123025.1
OTU_400	1	0	0	1	0	0	0	0	1	0	0	0	0	0	0	0	0	0	0	0	0	0	0	0	0	0	0	0	1	0	0	1	0	0	0	0	0	0	0	0	0	0	g__Bacillus_sonorensis_YX13_GCA_031324045.1	s__	Bacillus_sonorensis_YX13_GCA_031324045.1
OTU_401	0	0	0	0	0	0	0	1	0	0	0	0	0	0	0	0	0	0	0	0	0	0	0	0	0	0	0	0	0	0	0	0	0	0	0	0	0	0	0	0	0	0	g__Mesobacillus_sp.	s__AQ2_GCA_030122805.1	Mesobacillus_sp. AQ2_GCA_030122805.1
OTU_402	0	0	0	0	0	0	0	0	0	0	0	0	0	0	0	1	0	0	0	0	0	0	0	0	0	0	0	0	0	0	0	0	0	0	0	0	0	0	0	0	0	0	g__Bacillus_paralicheniformis_CEW	s__1W_GCA_030123025.1	Bacillus_paralicheniformis_CEW 1W_GCA_030123025.1
OTU_403	0	0	0	0	0	0	0	0	0	0	0	0	0	0	0	0	1	0	0	0	0	0	0	0	0	0	0	0	0	0	0	0	0	0	0	0	0	0	0	0	0	0	g__Bacillus_sonorensis_YX13_GCA_031324045.1	s__	Bacillus_sonorensis_YX13_GCA_031324045.1
OTU_404	0	1	0	0	0	0	0	0	0	0	0	0	0	0	0	0	0	0	0	0	0	0	0	0	0	0	0	0	0	0	0	0	0	0	0	0	0	0	0	0	0	0	g__Bacillus_sonorensis_YX13_GCA_031324045.1	s__	Bacillus_sonorensis_YX13_GCA_031324045.1
OTU_405	0	0	0	0	0	0	0	0	0	0	0	0	0	0	0	0	1	0	0	0	0	0	0	0	0	0	0	0	0	0	0	0	0	0	0	0	0	0	0	0	0	0	g__Lysinibacillus_pakistanensis_LY92_GCA_030123265.1	s__	Lysinibacillus_pakistanensis_LY92_GCA_030123265.1
OTU_406	0	0	0	0	0	0	0	0	0	0	0	0	0	0	0	0	0	0	0	0	0	0	0	0	0	0	0	0	0	0	0	0	0	0	0	0	0	0	1	0	0	0	g__Bacillus_hominis_DX2.3_GCA_030348535.1	s__	Bacillus_hominis_DX2.3_GCA_030348535.1
OTU_407	0	0	0	0	1	0	0	0	0	0	0	0	0	0	0	0	0	0	0	0	0	0	0	0	0	0	0	0	0	0	0	0	0	0	0	0	0	0	0	0	0	0	g__Bacillus_licheniformis_D9_B_45_GCA_030348625.1	s__	Bacillus_licheniformis_D9_B_45_GCA_030348625.1
OTU_408	0	0	0	0	0	0	0	0	0	0	0	0	0	0	0	1	0	0	0	0	0	0	0	0	0	0	0	0	0	0	0	0	0	0	0	0	0	0	0	0	0	0	g__Lysinibacillus_sp._G4S2_GCA_030348505.1	s__	Lysinibacillus_sp._G4S2_GCA_030348505.1
OTU_409	0	0	0	0	0	0	0	0	0	0	0	0	0	0	0	0	1	0	0	0	0	0	0	0	0	0	0	0	0	0	0	0	0	0	0	0	0	0	0	0	0	0	g__Paenibacillus_sp.	s__11B_GCF-030487755.1	Paenibacillus_sp. 11B_GCF-030487755.1
OTU_410	0	0	0	0	0	0	0	0	0	0	0	0	0	1	1	0	0	0	0	0	0	0	0	0	0	0	0	0	0	0	0	0	0	0	0	0	0	0	0	0	0	0	g__Mesobacillus_sp.	s__AQ2_GCA_030122805.1	Mesobacillus_sp. AQ2_GCA_030122805.1
OTU_411	0	1	0	0	0	0	0	0	0	0	0	0	0	0	0	0	0	0	0	0	0	0	0	0	0	0	0	0	0	0	0	0	0	0	0	0	0	0	0	0	0	0	g__Rossellomorea_marisflavi_LC18_GCA_031324195.1	s__	Rossellomorea_marisflavi_LC18_GCA_031324195.1
OTU_412	3	3	1	4	2	0	0	0	3	2	7	3	0	5	2	1	3	3	4	5	7	1	2	1	0	1	1	1	2	3	1	2	2	0	1	3	0	2	2	1	2	3	g__Paenibacillus_sp.	s__11B_GCF-030487755.1	Paenibacillus_sp. 11B_GCF-030487755.1
OTU_413	0	0	0	0	0	0	0	0	0	0	0	0	0	0	0	0	0	1	0	0	0	0	0	0	0	0	0	0	0	0	0	0	0	0	0	0	0	0	0	0	0	0	g__Bacillus_sonorensis_YX13_GCA_031324045.1	s__	Bacillus_sonorensis_YX13_GCA_031324045.1
OTU_414	0	0	0	0	0	0	0	0	0	0	0	0	0	0	0	0	0	0	0	0	0	0	0	0	0	0	1	0	0	0	0	0	0	0	0	0	0	0	0	0	0	0	g__Bacillus_paralicheniformis_CEW	s__1W_GCA_030123025.1	Bacillus_paralicheniformis_CEW 1W_GCA_030123025.1
OTU_415	0	0	0	0	0	0	0	0	0	0	0	0	0	0	0	0	0	0	0	0	0	0	0	0	0	0	0	0	0	0	0	0	0	0	0	0	0	0	1	0	0	0	g__Brevibacillus_parabrevis_GCA_031324325.1	s__	Brevibacillus_parabrevis_GCA_031324325.1
OTU_416	0	0	0	0	0	0	0	0	0	0	0	1	0	0	0	0	0	0	0	0	0	0	0	0	0	0	0	0	0	0	0	0	0	0	0	0	0	0	0	0	0	0	g__Bacillus_anthracis_Mn106-1	s__head2	Bacillus_anthracis_Mn106-1 head2 chi_GCA_030166975.1
OTU_417	0	0	0	0	0	0	0	0	0	0	0	0	0	0	0	0	0	0	0	0	1	0	0	0	0	0	0	0	0	0	0	0	0	0	0	0	0	0	0	0	0	0	g__Bacillus_paralicheniformis_CEW	s__1W_GCA_030123025.1	Bacillus_paralicheniformis_CEW 1W_GCA_030123025.1
OTU_418	0	0	0	0	0	0	0	0	0	0	0	0	0	0	0	0	0	0	0	0	0	0	0	0	0	0	0	0	0	0	0	0	1	0	0	0	0	0	0	0	0	0	g__Paenibacillus_sp.	s__11B_GCF-030487755.1	Paenibacillus_sp. 11B_GCF-030487755.1
OTU_419	0	0	0	0	1	0	0	0	0	0	0	0	0	0	0	0	0	0	0	0	0	0	0	0	0	0	0	0	0	0	0	0	0	0	0	1	0	0	0	0	0	0	g__Bacillus_paralicheniformis_CEW	s__1W_GCA_030123025.1	Bacillus_paralicheniformis_CEW 1W_GCA_030123025.1
OTU_420	0	0	0	0	0	0	0	0	0	0	0	0	0	0	0	0	0	1	0	0	0	0	0	0	0	0	0	0	0	0	0	0	0	0	0	0	0	0	0	0	0	0	g__Paenibacillus_sp.	s__11B_GCF-030487755.1	Paenibacillus_sp. 11B_GCF-030487755.1
OTU_421	0	0	0	0	0	0	0	0	0	0	0	0	0	0	0	0	0	0	0	0	0	1	0	0	0	0	0	0	0	0	0	0	0	0	1	0	0	0	0	0	0	0	g__Brevibacillus_parabrevis_GCA_031324325.1	s__	Brevibacillus_parabrevis_GCA_031324325.1
OTU_422	0	0	0	1	0	0	0	0	0	0	0	0	0	0	0	0	0	0	0	0	0	0	0	0	0	0	0	0	0	0	0	0	0	0	0	0	0	0	0	0	0	0	g__Bacillus_paralicheniformis_CEW	s__1W_GCA_030123025.1	Bacillus_paralicheniformis_CEW 1W_GCA_030123025.1
OTU_423	0	0	0	0	0	0	0	0	0	0	0	0	0	0	0	0	1	0	0	0	0	0	0	0	0	0	0	0	0	0	0	0	0	0	0	0	0	0	0	0	0	0	g__Bacillus_sonorensis_YX13_GCA_031324045.1	s__	Bacillus_sonorensis_YX13_GCA_031324045.1
OTU_424	0	0	0	0	0	0	0	0	0	0	0	0	0	0	0	0	0	0	0	0	1	0	0	0	0	0	0	0	0	0	0	0	0	0	0	0	0	0	0	0	0	0	g__Bacillus_paralicheniformis_CEW	s__1W_GCA_030123025.1	Bacillus_paralicheniformis_CEW 1W_GCA_030123025.1
OTU_425	0	0	0	0	0	0	0	0	0	0	0	0	0	0	0	0	0	0	0	0	0	0	0	0	0	0	1	0	0	0	0	0	0	0	0	0	0	0	0	0	0	0	g__Paenibacillus_silvae_LY60_GCF_030348445.1	s__	Paenibacillus_silvae_LY60_GCF_030348445.1
OTU_426	0	0	0	0	0	0	0	0	0	0	0	0	0	0	0	0	0	0	0	0	0	0	0	0	0	0	0	0	0	0	0	0	0	0	0	0	0	0	0	1	0	0	g__Paenibacillus_sp.	s__11B_GCF-030487755.1	Paenibacillus_sp. 11B_GCF-030487755.1
OTU_427	0	0	0	0	0	0	0	0	0	0	0	1	0	0	0	0	0	0	0	0	0	0	0	0	0	0	0	0	0	0	0	0	0	0	0	0	0	0	0	0	0	0	g__Bacillus_paralicheniformis_CEW	s__1W_GCA_030123025.1	Bacillus_paralicheniformis_CEW 1W_GCA_030123025.1
OTU_428	0	0	0	0	0	0	0	0	0	0	0	0	0	0	1	0	0	0	0	0	0	0	0	0	0	0	0	0	0	0	0	0	0	0	0	0	0	0	0	0	0	0	g__Paenibacillus_sp.	s__11B_GCF-030487755.1	Paenibacillus_sp. 11B_GCF-030487755.1
OTU_429	1	0	0	0	0	0	0	0	0	0	0	0	0	0	0	0	0	0	0	0	0	0	0	0	0	0	0	0	0	0	0	0	0	0	0	0	0	0	0	0	0	0	g__Bacillus_paralicheniformis_CEW	s__1W_GCA_030123025.1	Bacillus_paralicheniformis_CEW 1W_GCA_030123025.1
OTU_430	0	0	0	0	0	0	0	0	0	0	0	0	0	0	0	0	0	1	0	0	0	0	0	0	0	0	0	0	0	0	0	0	0	0	0	0	0	0	0	0	0	0	g__Bacillus_sonorensis_YX13_GCA_031324045.1	s__	Bacillus_sonorensis_YX13_GCA_031324045.1
OTU_431	0	0	0	0	0	0	0	0	0	0	0	0	0	0	0	0	0	0	0	0	0	1	0	0	0	0	0	0	0	0	0	0	0	0	0	0	0	0	0	0	0	0	g__Bacillus_paralicheniformis_CEW	s__1W_GCA_030123025.1	Bacillus_paralicheniformis_CEW 1W_GCA_030123025.1
OTU_432	0	0	0	0	0	0	0	0	0	0	0	0	0	0	0	0	0	0	0	0	0	0	0	0	1	0	0	0	0	0	0	0	0	0	0	0	0	0	0	0	0	0	g__Neobacillus_novalis_XLM17_GCA_030123445.1	s__	Neobacillus_novalis_XLM17_GCA_030123445.1
OTU_433	0	0	0	0	0	0	0	0	0	0	0	0	0	0	0	0	0	0	0	0	0	0	0	0	0	0	0	1	0	0	0	0	0	0	0	0	0	0	0	0	0	0	g__Paenibacillus_sp.	s__11B_GCF-030487755.1	Paenibacillus_sp. 11B_GCF-030487755.1
OTU_434	0	0	0	0	0	0	0	0	0	0	0	0	0	1	0	0	0	0	0	0	0	0	0	0	0	0	0	0	0	0	0	0	0	0	0	0	0	0	0	0	0	0	g__Lysinibacillus_pakistanensis_LY92_GCA_030123265.1	s__	Lysinibacillus_pakistanensis_LY92_GCA_030123265.1
OTU_436	0	0	0	0	0	0	0	0	0	0	0	0	0	0	0	1	0	0	0	0	0	0	0	0	0	0	0	0	0	0	0	0	0	0	0	0	0	0	0	0	0	0	g__Paenibacillus_sp.	s__11B_GCF-030487755.1	Paenibacillus_sp. 11B_GCF-030487755.1
OTU_437	0	0	0	0	0	0	0	0	0	0	0	0	0	0	0	0	0	0	0	1	0	0	0	0	0	0	0	0	0	0	0	0	0	0	0	0	0	0	0	0	0	0	g__Paenibacillus_sp.	s__11B_GCF-030487755.1	Paenibacillus_sp. 11B_GCF-030487755.1
OTU_438	0	0	0	0	0	0	0	0	0	0	0	0	0	0	0	0	0	0	0	1	0	0	0	0	0	0	0	0	0	0	0	0	0	0	0	0	0	0	0	0	0	0	g__Bacillus_pseudomycoides_SIN1.1_GCA_031324125.1	s__	Bacillus_pseudomycoides_SIN1.1_GCA_031324125.1
OTU_439	0	0	0	0	0	0	0	0	0	0	0	0	0	0	0	0	0	0	0	0	1	0	0	0	0	0	0	0	0	0	0	0	0	0	0	0	0	0	0	0	0	0	g__Bacillus_paralicheniformis_CEW	s__1W_GCA_030123025.1	Bacillus_paralicheniformis_CEW 1W_GCA_030123025.1
OTU_440	1	0	0	0	0	0	1	0	0	0	0	0	0	0	0	0	0	0	0	0	0	0	0	0	0	0	0	0	0	0	0	0	1	0	0	0	0	0	0	0	0	0	g__Paenibacillus_silvae_LY60_GCF_030348445.1	s__	Paenibacillus_silvae_LY60_GCF_030348445.1
OTU_441	0	0	0	0	0	0	0	0	0	0	0	1	0	0	0	0	0	0	0	0	0	0	0	0	0	0	0	0	0	0	0	0	0	0	0	0	0	0	0	0	0	0	g__Paenibacillus_sp.	s__11B_GCF-030487755.1	Paenibacillus_sp. 11B_GCF-030487755.1
OTU_442	0	0	0	0	0	0	0	0	0	0	0	0	0	0	0	0	1	0	0	0	0	0	0	0	0	0	0	0	0	0	0	0	0	0	0	0	0	0	0	0	0	0	g__Bacillus_anthracis_Mn106-1	s__head2	Bacillus_anthracis_Mn106-1 head2 chi_GCA_030166975.1
OTU_443	0	0	0	0	0	0	0	0	0	0	0	0	0	0	0	1	0	0	0	0	0	0	0	0	0	0	0	0	0	0	0	0	0	0	0	0	0	0	0	0	0	0	g__Peribacillus_simplex_D8_B_37_GCA_030348725.1	s__	Peribacillus_simplex_D8_B_37_GCA_030348725.1
OTU_444	0	0	0	0	0	0	0	0	0	0	0	0	0	0	0	0	1	0	0	0	0	0	0	0	0	0	0	0	0	0	0	0	0	0	0	0	0	0	0	0	0	0	g__Paenibacillus_sp.	s__11B_GCF-030487755.1	Paenibacillus_sp. 11B_GCF-030487755.1
OTU_445	0	0	0	0	0	0	0	0	0	0	0	0	0	0	0	0	0	1	0	0	0	0	0	0	0	0	0	0	0	0	0	0	0	0	0	0	0	0	0	0	0	0	g__Bacillus_paralicheniformis_CEW	s__1W_GCA_030123025.1	Bacillus_paralicheniformis_CEW 1W_GCA_030123025.1
OTU_446	0	0	0	0	0	0	0	0	0	0	0	0	0	0	0	0	0	0	0	0	1	1	0	0	0	0	0	0	0	0	0	0	0	0	0	0	0	0	0	0	0	0	g__Bacillus_velezensis_TZ19_GCA_030348305.1	s__	Bacillus_velezensis_TZ19_GCA_030348305.1
OTU_447	0	0	0	0	0	0	0	0	0	0	0	0	0	1	0	0	0	0	0	0	0	0	0	0	0	0	0	0	0	0	0	0	0	0	0	0	0	0	0	0	0	0	g__Paenibacillus_silvae_LY60_GCF_030348445.1	s__	Paenibacillus_silvae_LY60_GCF_030348445.1
OTU_448	0	0	1	0	0	0	0	0	0	0	0	0	0	0	0	0	0	0	0	0	0	0	0	0	0	0	0	0	0	0	0	0	0	0	0	0	0	0	0	0	0	0	g__Bacillus_paralicheniformis_CEW	s__1W_GCA_030123025.1	Bacillus_paralicheniformis_CEW 1W_GCA_030123025.1
OTU_449	0	0	0	0	0	0	0	0	1	0	0	0	0	0	0	0	0	0	0	0	0	0	0	0	0	0	0	0	0	0	0	0	0	0	0	0	0	0	0	0	0	0	g__Bacillus_paralicheniformis_CEW	s__1W_GCA_030123025.1	Bacillus_paralicheniformis_CEW 1W_GCA_030123025.1
OTU_450	0	2	4	2	0	3	1	1	0	1	0	0	0	2	1	1	2	1	2	3	0	0	0	0	1	0	0	1	0	1	0	1	0	0	1	1	1	3	0	0	0	2	g__Paenibacillus_sp.	s__11B_GCF-030487755.1	Paenibacillus_sp. 11B_GCF-030487755.1
OTU_451	0	0	0	0	0	0	0	0	0	0	0	0	0	0	0	0	0	0	1	0	0	0	0	0	0	0	0	0	0	0	0	0	0	0	0	0	0	0	0	0	0	0	g__Paenibacillus_sp.	s__11B_GCF-030487755.1	Paenibacillus_sp. 11B_GCF-030487755.1
OTU_452	0	0	0	0	0	0	0	0	0	0	0	0	0	0	0	0	0	0	0	0	0	1	0	0	1	0	0	0	0	0	0	0	0	0	0	0	0	1	0	0	0	0	g__Bacillus_safensis_CEW-AP100_GCA_030122965.1	s__	Bacillus_safensis_CEW-AP100_GCA_030122965.1
OTU_453	0	0	0	0	0	0	0	0	0	0	0	0	0	0	0	0	0	0	0	0	0	0	0	0	0	0	1	0	0	0	0	0	0	0	0	0	0	0	0	0	0	0	g__Bacillus_safensis_CEW-AP100_GCA_030122965.1	s__	Bacillus_safensis_CEW-AP100_GCA_030122965.1
OTU_455	0	0	0	0	0	0	0	0	0	0	0	0	0	0	0	1	0	0	0	0	0	0	0	0	0	0	0	0	0	0	0	0	0	0	0	0	0	0	0	0	0	0	g__Bacillus_licheniformis_D9_B_45_GCA_030348625.1	s__	Bacillus_licheniformis_D9_B_45_GCA_030348625.1
OTU_456	0	0	0	0	0	0	0	0	0	0	0	1	0	0	0	0	0	0	0	0	0	0	0	0	0	0	0	0	0	0	0	0	0	0	0	0	0	0	0	0	0	0	g__Paenibacillus_sp.	s__11B_GCF-030487755.1	Paenibacillus_sp. 11B_GCF-030487755.1
OTU_457	0	0	0	0	0	0	0	0	0	0	0	0	0	0	0	0	0	0	0	0	0	0	0	0	0	0	0	0	0	0	0	0	1	0	0	0	0	0	0	0	0	0	g__Bacillus_anthracis_Mn106-1	s__head2	Bacillus_anthracis_Mn106-1 head2 chi_GCA_030166975.1
OTU_458	0	0	0	1	0	0	0	0	0	0	0	0	0	0	0	0	0	0	0	0	0	0	0	0	0	0	0	0	0	0	0	0	0	0	0	0	0	0	0	0	0	0	g__Bacillus_paralicheniformis_CEW	s__1W_GCA_030123025.1	Bacillus_paralicheniformis_CEW 1W_GCA_030123025.1
OTU_459	0	0	0	0	0	0	0	0	0	0	0	0	0	0	0	0	0	0	0	0	0	0	0	0	0	1	0	0	0	0	0	0	0	0	0	0	0	0	0	0	0	0	g__Paenibacillus_sp.	s__11B_GCF-030487755.1	Paenibacillus_sp. 11B_GCF-030487755.1
OTU_461	1	0	0	0	0	0	0	0	0	0	0	0	0	0	0	0	0	0	0	0	0	0	0	0	0	0	0	0	0	0	0	0	0	0	0	0	0	0	0	0	0	0	g__Bacillus_sonorensis_YX13_GCA_031324045.1	s__	Bacillus_sonorensis_YX13_GCA_031324045.1
OTU_462	0	0	0	0	0	0	0	0	0	0	0	0	0	0	0	1	0	0	0	0	0	0	0	0	0	0	0	0	0	0	0	0	0	0	0	0	0	0	0	0	0	0	g__Bacillus_sonorensis_YX13_GCA_031324045.1	s__	Bacillus_sonorensis_YX13_GCA_031324045.1
OTU_463	0	0	0	0	0	0	0	0	0	0	0	0	0	0	0	0	1	0	0	0	0	0	0	0	0	0	0	0	0	0	0	0	0	0	0	0	0	0	0	0	0	0	g__Bacillus_paralicheniformis_CEW	s__1W_GCA_030123025.1	Bacillus_paralicheniformis_CEW 1W_GCA_030123025.1
OTU_464	0	0	0	0	0	0	0	0	0	0	0	0	0	0	0	0	0	0	0	0	0	0	0	0	0	0	0	0	0	0	0	0	0	0	0	0	0	0	0	0	0	1	g__Bacillus_paralicheniformis_CEW	s__1W_GCA_030123025.1	Bacillus_paralicheniformis_CEW 1W_GCA_030123025.1
OTU_465	0	0	0	0	1	0	0	0	0	0	0	0	0	0	0	0	0	0	0	0	0	0	0	0	0	0	0	0	0	0	0	0	0	0	0	0	0	0	0	0	0	0	g__Bacillus_paralicheniformis_CEW	s__1W_GCA_030123025.1	Bacillus_paralicheniformis_CEW 1W_GCA_030123025.1
OTU_466	0	0	0	0	0	0	0	0	0	0	0	0	0	1	0	0	0	0	0	0	0	0	0	0	0	0	0	0	0	0	0	0	0	0	0	0	0	0	0	0	0	0	g__Bacillus_paralicheniformis_CEW	s__1W_GCA_030123025.1	Bacillus_paralicheniformis_CEW 1W_GCA_030123025.1
OTU_467	0	0	0	0	0	0	0	0	0	0	0	0	0	0	0	0	1	0	0	0	0	0	0	0	0	0	0	0	0	0	0	0	0	0	0	0	0	0	0	0	0	0	g__Paenibacillus_sp.	s__11B_GCF-030487755.1	Paenibacillus_sp. 11B_GCF-030487755.1
OTU_468	0	0	0	0	0	0	0	0	0	0	0	0	0	1	1	0	0	0	1	1	0	0	0	0	0	0	0	0	0	0	0	0	0	0	0	0	0	0	0	0	0	0	g__Bacillus_paralicheniformis_CEW	s__1W_GCA_030123025.1	Bacillus_paralicheniformis_CEW 1W_GCA_030123025.1
OTU_468	0	0	0	0	0	0	0	0	0	0	0	0	0	1	1	0	0	0	1	1	0	0	0	0	0	0	0	0	0	0	0	0	0	0	0	0	0	0	0	0	0	0	g__Bacillus_paralicheniformis_CEW	s__1W_GCA_030123025.1	Bacillus_paralicheniformis_CEW 1W_GCA_030123025.1
OTU_469	0	0	0	0	0	0	0	0	0	0	0	0	0	0	0	0	0	0	0	0	0	0	0	0	0	0	0	0	0	0	0	0	0	0	0	1	0	0	0	0	0	0	g__Paenibacillus_sp.	s__11B_GCF-030487755.1	Paenibacillus_sp. 11B_GCF-030487755.1
OTU_470	0	0	0	0	0	0	0	1	0	0	0	0	0	0	0	0	0	0	0	0	0	0	0	0	0	0	0	0	0	0	0	0	0	0	0	0	0	0	0	0	0	0	g__Bacillus_paralicheniformis_CEW	s__1W_GCA_030123025.1	Bacillus_paralicheniformis_CEW 1W_GCA_030123025.1
OTU_471	0	0	0	0	0	0	0	0	0	0	0	0	0	0	0	0	1	0	0	0	0	0	0	0	0	0	0	0	0	0	0	0	0	0	0	0	0	0	0	0	0	0	g__Paenibacillus_silvae_LY60_GCF_030348445.1	s__	Paenibacillus_silvae_LY60_GCF_030348445.1
OTU_472	0	0	0	0	0	0	0	0	0	0	0	0	0	0	0	0	0	0	1	0	0	0	0	0	0	0	0	0	0	0	0	0	0	0	0	0	0	0	0	0	0	0	g__Bacillus_paralicheniformis_CEW	s__1W_GCA_030123025.1	Bacillus_paralicheniformis_CEW 1W_GCA_030123025.1
OTU_473	0	0	1	0	0	0	0	0	0	0	0	0	0	0	0	0	0	0	0	0	0	0	0	0	0	0	0	0	0	0	0	0	0	0	0	0	0	0	0	0	0	0	g__Bacillus_sonorensis_YX13_GCA_031324045.1	s__	Bacillus_sonorensis_YX13_GCA_031324045.1
OTU_474	0	0	0	0	0	0	0	0	0	0	0	1	0	0	1	0	0	0	0	0	0	0	0	0	0	0	0	0	0	0	0	0	0	0	0	0	0	0	0	0	0	0	g__Bacillus_pseudomycoides_SIN1.1_GCA_031324125.1	s__	Bacillus_pseudomycoides_SIN1.1_GCA_031324125.1
OTU_475	0	0	0	0	0	0	0	0	0	0	0	0	0	0	1	0	0	0	0	0	0	0	0	0	0	0	0	0	0	0	0	0	0	0	0	0	0	0	0	0	0	0	g__Paenibacillus_silvae_LY60_GCF_030348445.1	s__	Paenibacillus_silvae_LY60_GCF_030348445.1
OTU_476	0	0	0	0	0	0	0	0	0	0	0	0	0	0	0	0	1	0	0	0	0	0	0	0	0	0	0	0	0	0	0	0	0	0	0	0	0	0	0	0	0	0	g__Bacillus_safensis_CEW-AP100_GCA_030122965.1	s__	Bacillus_safensis_CEW-AP100_GCA_030122965.1
OTU_477	0	0	0	0	0	0	0	0	0	0	0	0	0	0	0	0	0	0	1	0	0	0	0	0	0	0	0	0	0	0	0	0	0	0	0	0	0	0	0	0	0	0	g__Bacillus_hominis_SIN2.1_GCA_030348325.1	s__	Bacillus_hominis_SIN2.1_GCA_030348325.1
OTU_478	0	0	0	0	0	0	0	0	1	0	0	0	0	0	0	0	0	0	0	0	0	0	0	0	0	0	0	0	0	0	0	0	0	0	0	0	0	0	0	0	0	0	g__Bacillus_safensis_CEW-AP100_GCA_030122965.1	s__	Bacillus_safensis_CEW-AP100_GCA_030122965.1
OTU_479	0	0	0	0	0	0	0	0	0	0	0	0	0	0	0	0	0	0	1	0	0	0	0	0	0	0	0	0	0	0	0	0	0	0	0	0	0	0	0	0	0	0	g__Cytobacillus_firmus_LN5_GCA_030123225.1	s__	Cytobacillus_firmus_LN5_GCA_030123225.1
OTU_480	0	0	0	0	0	0	0	0	0	0	0	0	0	0	0	0	0	0	0	1	0	0	0	0	0	0	0	0	0	0	0	0	0	0	0	0	0	0	0	0	0	0	g__Mesobacillus_sp.	s__AQ2_GCA_030122805.1	Mesobacillus_sp. AQ2_GCA_030122805.1
OTU_481	0	0	0	0	0	0	0	0	0	0	0	0	0	0	0	0	0	0	0	1	0	0	0	0	0	0	0	0	0	0	0	0	0	0	0	0	0	0	0	0	0	0	g__Bacillus_paralicheniformis_CEW	s__1W_GCA_030123025.1	Bacillus_paralicheniformis_CEW 1W_GCA_030123025.1
OTU_482	0	0	1	1	1	0	0	0	0	0	0	2	0	0	0	0	0	0	0	0	0	0	0	0	0	0	0	0	0	0	0	0	1	0	1	0	0	0	1	0	0	1	g__Bacillus_hominis_SIN2.1_GCA_030348325.1	s__	Bacillus_hominis_SIN2.1_GCA_030348325.1
OTU_483	0	0	0	0	0	0	0	0	1	0	0	0	0	0	0	0	0	0	0	0	0	0	0	0	0	0	0	0	0	0	0	0	0	0	0	0	0	0	0	0	0	0	g__Halobacillus_sp.	s__ACCC02827_GCA_030291935.1	Halobacillus_sp. ACCC02827_GCA_030291935.1
OTU_484	0	0	0	0	0	0	0	0	0	0	0	0	0	0	0	0	0	1	0	0	0	0	0	0	0	0	0	0	0	0	0	0	0	0	0	0	0	0	0	0	0	0	g__Bacillus_paralicheniformis_CEW	s__1W_GCA_030123025.1	Bacillus_paralicheniformis_CEW 1W_GCA_030123025.1
OTU_485	2	0	0	0	0	0	0	0	0	0	0	0	0	0	0	0	0	0	0	0	0	0	0	0	0	0	0	0	0	0	0	0	0	0	0	0	0	1	0	0	0	0	g__Bacillus_paralicheniformis_CEW	s__1W_GCA_030123025.1	Bacillus_paralicheniformis_CEW 1W_GCA_030123025.1
OTU_486	0	0	0	0	0	1	0	0	0	0	0	0	0	0	0	0	0	0	0	0	0	0	0	0	0	0	0	0	0	0	0	0	0	0	0	0	0	0	0	0	0	0	g__Bacillus_paralicheniformis_CEW	s__1W_GCA_030123025.1	Bacillus_paralicheniformis_CEW 1W_GCA_030123025.1
OTU_487	0	0	0	0	0	0	0	0	0	0	0	0	0	0	0	0	0	0	0	0	1	0	0	0	0	0	0	0	0	0	0	0	0	0	0	0	0	0	0	0	0	0	g__Bacillus_paralicheniformis_CEW	s__1W_GCA_030123025.1	Bacillus_paralicheniformis_CEW 1W_GCA_030123025.1
OTU_488	0	0	0	0	0	0	0	0	0	0	0	0	0	1	0	0	0	0	0	0	0	1	0	0	0	0	0	0	0	0	0	0	0	0	0	0	0	0	0	0	0	0	g__Paenibacillus_silvae_LY60_GCF_030348445.1	s__	Paenibacillus_silvae_LY60_GCF_030348445.1
OTU_489	0	0	0	0	0	0	0	0	0	0	0	0	0	1	0	0	0	0	0	0	0	0	0	0	0	0	0	0	0	0	0	0	0	0	0	0	0	0	0	0	0	0	g__Bacillus_paralicheniformis_CEW	s__1W_GCA_030123025.1	Bacillus_paralicheniformis_CEW 1W_GCA_030123025.1
OTU_490	1	0	2	0	0	0	0	0	0	2	0	2	0	3	1	1	0	1	4	2	1	0	1	0	0	0	1	1	0	1	1	1	0	0	0	0	0	1	1	1	0	0	g__Paenibacillus_sp.	s__11B_GCF-030487755.1	Paenibacillus_sp. 11B_GCF-030487755.1
OTU_491	0	0	0	0	0	0	0	0	0	0	0	0	0	0	0	0	0	0	0	0	0	0	0	0	0	0	0	0	0	0	1	0	0	0	0	0	0	0	0	0	0	0	g__Lysinibacillus_pakistanensis_LY92_GCA_030123265.1	s__	Lysinibacillus_pakistanensis_LY92_GCA_030123265.1
OTU_492	0	0	0	0	0	0	0	0	0	0	0	0	0	0	0	0	0	0	0	0	0	0	0	0	0	0	0	0	0	0	0	0	0	0	1	0	0	0	0	0	0	0	g__Brevibacillus_parabrevis_GCA_031324325.1	s__	Brevibacillus_parabrevis_GCA_031324325.1
OTU_493	0	0	0	0	0	0	0	0	0	0	0	0	1	1	0	0	0	0	0	0	0	0	0	0	0	0	0	0	0	0	0	0	0	0	0	0	0	0	0	0	0	0	g__Paenibacillus_sp.	s__11B_GCF-030487755.1	Paenibacillus_sp. 11B_GCF-030487755.1
OTU_494	0	0	0	0	0	0	0	0	0	0	0	0	0	0	0	0	1	0	0	0	0	0	0	0	0	0	0	0	0	0	0	0	0	0	0	0	0	0	0	0	0	0	g__Bacillus_paralicheniformis_CEW	s__1W_GCA_030123025.1	Bacillus_paralicheniformis_CEW 1W_GCA_030123025.1
OTU_496	0	0	0	0	0	0	0	0	0	1	0	0	0	0	0	0	0	0	0	0	0	0	0	0	0	0	0	0	0	0	0	0	0	0	0	0	0	0	0	0	0	0	g__Paenibacillus_sp.	s__11B_GCF-030487755.1	Paenibacillus_sp. 11B_GCF-030487755.1
OTU_497	0	0	0	0	0	0	0	0	0	0	0	0	0	0	0	0	0	0	0	0	1	0	0	0	0	0	0	0	0	0	0	0	0	0	0	0	0	0	0	0	0	0	g__Paenibacillus_sp.	s__11B_GCF-030487755.1	Paenibacillus_sp. 11B_GCF-030487755.1
OTU_498	0	0	0	0	0	0	0	0	0	0	0	0	0	0	0	0	0	0	0	0	0	0	1	0	0	0	0	0	0	0	0	0	0	0	0	0	0	0	0	0	0	0	g__Paenibacillus_silvae_LY60_GCF_030348445.1	s__	Paenibacillus_silvae_LY60_GCF_030348445.1
OTU_499	0	0	0	0	0	0	0	0	0	0	0	1	0	0	0	0	0	0	0	0	0	0	0	0	0	0	0	0	0	0	0	0	0	0	0	0	0	0	0	0	0	0	g__Bacillus_paralicheniformis_CEW	s__1W_GCA_030123025.1	Bacillus_paralicheniformis_CEW 1W_GCA_030123025.1
OTU_500	0	0	0	0	0	0	0	0	0	0	0	0	0	0	0	0	0	0	1	0	0	0	0	0	0	0	0	0	0	0	0	0	0	0	0	0	0	0	0	0	0	0	g__Bacillus_sonorensis_YX13_GCA_031324045.1	s__	Bacillus_sonorensis_YX13_GCA_031324045.1
OTU_501	0	0	0	0	0	0	0	0	0	0	0	0	0	0	0	0	0	0	0	0	0	0	1	0	0	0	0	0	0	0	0	0	0	0	0	0	0	0	0	0	0	0	g__Lysinibacillus_pakistanensis_LY92_GCA_030123265.1	s__	Lysinibacillus_pakistanensis_LY92_GCA_030123265.1
OTU_502	0	0	0	0	0	0	0	0	0	0	0	0	0	0	0	0	0	0	0	0	0	0	0	0	1	0	0	0	0	0	0	0	0	0	0	0	0	0	0	0	0	0	g__Bacillus_paralicheniformis_CEW	s__1W_GCA_030123025.1	Bacillus_paralicheniformis_CEW 1W_GCA_030123025.1
OTU_503	0	0	0	0	0	0	1	0	0	0	0	0	0	0	0	0	0	0	0	0	0	0	0	0	0	0	0	0	0	0	0	0	0	0	0	0	0	0	0	0	0	0	g__Bacillus_sonorensis_YX13_GCA_031324045.1	s__	Bacillus_sonorensis_YX13_GCA_031324045.1
OTU_504	0	0	0	0	0	0	0	0	0	0	0	0	0	0	0	0	0	1	0	0	0	0	0	0	0	0	0	0	0	0	0	0	0	0	0	0	0	0	0	0	0	0	g__Paenibacillus_silvae_LY60_GCF_030348445.1	s__	Paenibacillus_silvae_LY60_GCF_030348445.1
OTU_505	0	0	0	0	0	0	0	0	0	0	0	0	0	0	0	0	0	1	0	0	0	0	0	0	0	0	0	0	0	0	0	0	0	0	0	0	0	0	0	0	0	0	g__Bacillus_sonorensis_YX13_GCA_031324045.1	s__	Bacillus_sonorensis_YX13_GCA_031324045.1
OTU_506	0	0	0	0	0	0	0	0	0	0	0	0	0	1	0	0	0	0	0	0	0	0	0	0	0	0	0	0	0	0	0	0	0	0	0	0	0	0	0	0	0	0	g__Bacillus_anthracis_Mn106-1	s__head2	Bacillus_anthracis_Mn106-1 head2 chi_GCA_030166975.1
OTU_507	0	0	0	0	0	0	0	0	0	0	0	0	0	0	0	0	0	0	0	0	1	0	0	0	0	0	0	0	0	0	0	0	0	0	0	0	0	0	0	0	0	0	g__Paenibacillus_sp.	s__11B_GCF-030487755.1	Paenibacillus_sp. 11B_GCF-030487755.1
OTU_508	0	0	0	0	0	0	0	0	0	0	0	0	0	0	0	0	0	0	0	0	0	0	0	0	0	0	0	0	0	1	0	0	0	0	0	1	0	0	0	0	0	0	g__Bacillus_paralicheniformis_CEW	s__1W_GCA_030123025.1	Bacillus_paralicheniformis_CEW 1W_GCA_030123025.1
OTU_509	1	0	0	0	0	0	0	0	0	0	0	0	0	0	0	0	0	0	0	0	0	0	0	0	0	0	0	0	0	0	0	0	0	0	0	0	0	0	0	0	0	0	g__Cytobacillus_firmus_LN5_GCA_030123225.1	s__	Cytobacillus_firmus_LN5_GCA_030123225.1
OTU_510	0	0	0	0	1	0	0	0	0	0	0	0	0	0	0	0	0	0	0	0	0	0	0	0	0	0	0	0	0	0	0	0	0	0	0	0	0	0	0	0	0	0	g__Paenibacillus_silvae_LY60_GCF_030348445.1	s__	Paenibacillus_silvae_LY60_GCF_030348445.1
OTU_511	0	0	0	0	0	0	0	0	0	0	0	0	0	0	0	0	0	0	1	0	0	0	0	0	0	0	0	0	0	0	0	0	0	0	0	0	0	0	0	0	0	0	g__Bacillus_paralicheniformis_CEW	s__1W_GCA_030123025.1	Bacillus_paralicheniformis_CEW 1W_GCA_030123025.1
OTU_512	0	0	0	0	0	0	0	0	0	0	1	0	0	0	0	0	0	1	0	1	0	0	0	0	0	0	0	0	0	0	0	0	0	0	0	0	0	0	0	0	0	0	g__Paenibacillus_sp.	s__11B_GCF-030487755.1	Paenibacillus_sp. 11B_GCF-030487755.1
OTU_513	0	0	0	0	0	0	0	0	0	0	0	0	0	0	0	0	1	0	0	0	0	0	0	0	0	0	0	0	0	0	0	0	1	0	0	0	0	0	0	0	0	0	g__Bacillus_velezensis_MB7_B11_GCA_030123285.1	s__	Bacillus_velezensis_MB7_B11_GCA_030123285.1
OTU_514	0	0	0	0	0	0	0	0	0	0	0	1	0	0	0	0	0	0	0	0	0	0	0	0	0	0	0	0	0	0	0	0	0	0	0	0	0	0	0	0	0	0	g__Bacillus_paralicheniformis_CEW	s__1W_GCA_030123025.1	Bacillus_paralicheniformis_CEW 1W_GCA_030123025.1
OTU_515	1	0	0	0	0	0	0	0	0	0	0	0	0	0	0	0	0	0	0	0	0	0	0	0	0	0	0	0	0	0	0	0	0	0	0	0	0	0	0	0	0	0	g__Bacillus_paralicheniformis_CEW	s__1W_GCA_030123025.1	Bacillus_paralicheniformis_CEW 1W_GCA_030123025.1
OTU_516	4	2	1	1	3	1	2	3	3	1	1	5	0	2	10	3	4	5	5	3	4	2	1	0	1	1	1	2	1	3	1	1	1	0	3	7	2	3	5	4	4	2	g__Paenibacillus_sp.	s__11B_GCF-030487755.1	Paenibacillus_sp. 11B_GCF-030487755.1
OTU_517	0	0	0	1	0	0	0	0	0	0	0	0	0	0	0	0	0	0	0	0	0	0	0	0	0	0	0	0	0	0	0	0	0	0	0	0	0	0	0	0	0	0	g__Bacillus_sonorensis_YX13_GCA_031324045.1	s__	Bacillus_sonorensis_YX13_GCA_031324045.1
OTU_518	0	0	0	0	0	0	0	0	0	0	0	1	0	0	0	0	0	0	0	0	0	0	0	0	0	0	0	0	0	0	0	0	0	0	0	0	0	0	0	0	0	0	g__Bacillus_paralicheniformis_CEW	s__1W_GCA_030123025.1	Bacillus_paralicheniformis_CEW 1W_GCA_030123025.1
OTU_519	0	0	0	0	0	0	0	0	0	0	0	1	0	0	0	0	0	0	0	0	0	0	0	0	0	0	0	0	0	0	0	0	0	0	0	0	0	0	0	0	0	0	g__Bacillus_sonorensis_YX13_GCA_031324045.1	s__	Bacillus_sonorensis_YX13_GCA_031324045.1
OTU_520	0	0	0	0	0	0	0	0	0	0	0	0	0	0	0	0	0	0	1	0	0	0	0	0	0	0	0	0	0	0	0	0	0	0	0	0	0	0	0	0	0	0	g__Bacillus_paralicheniformis_CEW	s__1W_GCA_030123025.1	Bacillus_paralicheniformis_CEW 1W_GCA_030123025.1
OTU_521	0	0	0	0	0	0	0	0	0	0	0	0	0	0	0	0	0	0	0	0	0	0	0	0	0	0	0	0	0	0	1	0	0	0	0	0	0	0	0	0	0	0	g__Paenibacillus_sp.	s__11B_GCF-030487755.1	Paenibacillus_sp. 11B_GCF-030487755.1
OTU_522	0	0	0	0	0	0	0	0	0	0	0	0	0	0	0	0	0	0	0	0	0	0	0	0	0	0	0	0	0	0	0	0	0	0	0	0	0	0	0	0	1	0	g__Bacillus_safensis_CEW-AP100_GCA_030122965.1	s__	Bacillus_safensis_CEW-AP100_GCA_030122965.1
OTU_523	1	0	0	0	0	0	0	0	0	0	0	0	0	0	0	0	0	0	0	0	0	0	0	0	0	0	0	0	0	0	0	0	0	0	0	0	0	0	0	0	0	0	g__Bacillus_toyonensis_Puebla_S2_GCA_030167055.1	s__	Bacillus_toyonensis_Puebla_S2_GCA_030167055.1
OTU_524	0	0	0	1	0	0	0	0	0	0	0	0	0	0	0	0	0	0	0	0	0	0	0	0	0	0	0	0	0	0	0	0	0	0	0	0	0	0	1	0	0	0	g__Bacillus_anthracis_Mn106-1	s__head2	Bacillus_anthracis_Mn106-1 head2 chi_GCA_030166975.1
OTU_525	0	0	0	0	1	0	0	0	0	0	0	0	0	0	0	0	0	0	0	0	0	0	0	0	0	0	0	0	0	0	0	0	0	0	0	0	0	0	0	0	0	0	g__Paenibacillus_sp.	s__11B_GCF-030487755.1	Paenibacillus_sp. 11B_GCF-030487755.1
OTU_526	0	0	0	0	0	0	0	0	0	0	0	0	0	0	0	0	0	0	0	0	1	0	0	0	0	0	0	0	0	0	0	0	0	0	0	0	0	0	0	0	0	0	g__Halobacillus_sp.	s__ACCC02827_GCA_030291935.1	Halobacillus_sp. ACCC02827_GCA_030291935.1
OTU_527	0	0	0	0	0	0	0	0	0	1	0	0	0	0	0	0	0	0	0	0	0	0	0	0	0	0	0	0	0	0	0	0	0	0	0	0	0	0	0	0	0	0	g__Bacillus_toyonensis_G7S3_GCA_031324285.1	s__	Bacillus_toyonensis_G7S3_GCA_031324285.1
OTU_528	0	0	1	0	0	0	1	0	0	0	0	1	0	0	0	1	0	1	0	0	0	0	0	0	1	0	0	0	0	0	0	0	0	0	1	0	0	0	0	0	0	0	g__Bacillus_paralicheniformis_CEW	s__1W_GCA_030123025.1	Bacillus_paralicheniformis_CEW 1W_GCA_030123025.1
OTU_529	0	0	0	0	0	0	0	0	0	0	0	0	0	0	0	0	0	1	0	0	0	0	0	0	0	0	0	0	0	0	0	0	0	0	0	0	0	0	0	0	0	0	g__Bacillus_paralicheniformis_CEW	s__1W_GCA_030123025.1	Bacillus_paralicheniformis_CEW 1W_GCA_030123025.1
OTU_530	0	0	0	0	0	0	0	0	0	0	0	0	0	0	0	0	0	0	0	0	0	0	0	0	0	0	0	0	1	0	0	0	0	0	0	0	0	0	0	0	0	0	g__Paenibacillus_silvae_LY60_GCF_030348445.1	s__	Paenibacillus_silvae_LY60_GCF_030348445.1
OTU_531	0	1	0	0	0	0	0	0	0	0	0	0	0	0	0	0	0	0	0	0	0	0	0	0	0	0	0	0	0	0	0	0	0	0	0	0	0	0	0	0	0	0	g__Paenibacillus_sp.	s__11B_GCF-030487755.1	Paenibacillus_sp. 11B_GCF-030487755.1
OTU_532	0	0	0	0	0	0	0	0	0	0	0	1	0	0	0	0	0	0	0	0	0	0	0	0	0	0	0	0	0	0	0	0	0	0	0	0	0	0	0	0	0	0	g__Paenibacillus_sp.	s__11B_GCF-030487755.1	Paenibacillus_sp. 11B_GCF-030487755.1
OTU_533	0	0	0	0	0	0	0	0	0	0	0	0	0	0	1	0	0	0	0	0	0	0	0	0	0	0	0	0	0	0	0	0	0	0	0	0	0	0	0	0	0	0	g__Bacillus_pumilus_B2_10_GCA_030122825.1	s__	Bacillus_pumilus_B2_10_GCA_030122825.1
OTU_534	0	1	0	0	0	0	0	0	0	0	0	1	0	1	0	0	0	0	0	1	0	0	0	0	0	0	0	0	0	0	0	0	0	0	0	0	0	0	0	0	1	0	g__Bacillus_hominis_SIN2.1_GCA_030348325.1	s__	Bacillus_hominis_SIN2.1_GCA_030348325.1
OTU_535	1	1	2	4	1	1	0	2	1	1	0	1	0	3	2	3	3	1	2	1	3	1	0	1	1	1	3	0	0	0	0	0	5	0	1	1	0	3	1	1	1	2	g__Bacillus_paralicheniformis_CEW	s__1W_GCA_030123025.1	Bacillus_paralicheniformis_CEW 1W_GCA_030123025.1
OTU_536	1	0	0	0	0	0	0	0	0	0	0	0	0	0	0	0	0	0	0	0	0	0	0	0	0	0	0	0	0	0	0	0	0	0	0	0	0	0	0	0	0	0	g__Bacillus_toyonensis_Puebla_S2_GCA_030167055.1	s__	Bacillus_toyonensis_Puebla_S2_GCA_030167055.1
OTU_537	0	1	0	0	0	0	0	0	0	0	0	0	0	0	0	0	0	0	0	0	0	0	0	0	0	0	0	0	1	0	0	0	0	0	0	0	0	0	0	0	0	1	g__Paenibacillus_sp.	s__11B_GCF-030487755.1	Paenibacillus_sp. 11B_GCF-030487755.1
OTU_538	0	0	0	0	0	0	0	0	0	1	0	0	0	0	0	0	0	0	0	0	0	0	0	0	0	0	0	0	0	0	0	0	0	0	0	0	0	0	0	0	0	0	g__Bacillus_sonorensis_YX13_GCA_031324045.1	s__	Bacillus_sonorensis_YX13_GCA_031324045.1
OTU_539	0	0	0	0	0	0	0	0	0	0	0	1	0	0	0	0	0	0	0	0	0	0	0	0	0	0	1	0	0	0	0	0	0	0	0	0	0	0	0	0	0	0	g__Lysinibacillus_sp._G4S2_GCA_030348505.1	s__	Lysinibacillus_sp._G4S2_GCA_030348505.1
OTU_540	0	0	0	0	0	0	0	0	0	0	0	0	0	0	0	0	0	0	0	1	0	0	0	0	0	0	0	0	0	0	0	0	0	0	0	0	0	0	0	0	0	0	g__Bacillus_mycoides_SIN2.2_GCA_030292205.1	s__	Bacillus_mycoides_SIN2.2_GCA_030292205.1
OTU_541	0	0	0	0	0	0	0	0	0	0	0	0	0	0	0	0	0	0	0	0	0	0	0	1	0	0	0	0	0	0	0	0	0	0	0	0	0	0	0	0	0	0	g__Bacillus_paralicheniformis_CEW	s__1W_GCA_030123025.1	Bacillus_paralicheniformis_CEW 1W_GCA_030123025.1
OTU_543	0	0	0	0	0	0	0	0	0	0	0	0	0	0	0	0	0	0	0	0	0	0	0	0	0	0	0	0	0	0	0	1	0	0	0	0	0	0	0	0	0	0	g__Bacillus_toyonensis_Puebla_S2_GCA_030167055.1	s__	Bacillus_toyonensis_Puebla_S2_GCA_030167055.1
OTU_544	0	0	0	0	1	0	0	0	0	0	0	0	0	0	0	0	0	0	0	0	0	0	0	0	0	0	1	0	0	0	0	0	0	0	0	0	0	0	0	0	0	0	g__Bacillus_paralicheniformis_CEW	s__1W_GCA_030123025.1	Bacillus_paralicheniformis_CEW 1W_GCA_030123025.1
OTU_545	0	0	0	0	0	0	0	0	0	0	0	0	0	0	0	0	0	0	0	0	0	0	0	0	0	1	0	0	0	0	0	0	0	0	0	0	0	0	0	0	0	0	g__Bacillus_sonorensis_YX13_GCA_031324045.1	s__	Bacillus_sonorensis_YX13_GCA_031324045.1
OTU_546	0	0	0	0	0	0	0	0	0	0	0	1	0	0	0	0	0	0	0	0	0	0	0	0	0	0	0	0	0	0	0	0	0	0	0	0	0	0	0	0	0	0	g__Bacillus_altitudinis_G6S2_GCA_030123125.1	s__	Bacillus_altitudinis_G6S2_GCA_030123125.1
OTU_547	0	0	0	0	0	0	0	0	0	0	0	0	0	1	0	0	0	0	0	0	0	0	0	0	0	0	0	0	0	0	0	0	0	0	0	0	0	0	0	0	0	0	g__Bacillus_anthracis_Mn106-1	s__head2	Bacillus_anthracis_Mn106-1 head2 chi_GCA_030166975.1
OTU_549	0	0	0	0	0	0	0	0	0	0	0	0	0	0	0	0	0	0	0	0	0	0	0	0	0	0	0	0	0	0	0	0	0	0	0	0	0	0	0	1	0	0	g__Neobacillus_novalis_XLM17_GCA_030123445.1	s__	Neobacillus_novalis_XLM17_GCA_030123445.1
OTU_551	0	0	0	0	0	0	0	0	0	0	0	0	0	0	0	0	0	0	0	0	0	0	0	0	0	0	0	0	0	0	0	0	1	0	0	0	0	0	0	0	0	0	g__Paenibacillus_silvae_LY60_GCF_030348445.1	s__	Paenibacillus_silvae_LY60_GCF_030348445.1
OTU_552	0	0	0	0	0	0	0	0	0	0	0	0	0	1	0	0	0	0	0	0	0	0	0	0	0	0	0	0	0	0	0	0	0	0	0	0	0	0	0	0	0	0	g__Neobacillus_novalis_XLM17_GCA_030123445.1	s__	Neobacillus_novalis_XLM17_GCA_030123445.1
OTU_553	0	0	0	0	0	1	0	0	0	0	0	0	0	0	0	0	0	0	0	0	0	0	0	0	0	0	0	0	0	0	0	0	0	0	0	0	0	0	0	0	0	0	g__Bacillus_paralicheniformis_CEW	s__1W_GCA_030123025.1	Bacillus_paralicheniformis_CEW 1W_GCA_030123025.1
OTU_554	0	0	0	0	0	0	0	0	0	0	0	0	0	0	0	0	0	0	0	0	0	0	0	0	0	0	0	0	0	0	0	0	0	0	0	0	0	0	0	0	0	1	g__Paenibacillus_sp.	s__11B_GCF-030487755.1	Paenibacillus_sp. 11B_GCF-030487755.1
OTU_555	1	0	0	0	0	0	0	0	0	0	0	0	0	0	0	0	0	0	0	0	0	0	0	0	0	0	0	0	0	0	0	0	0	0	0	0	0	0	0	0	0	0	g__Paenibacillus_sp.	s__11B_GCF-030487755.1	Paenibacillus_sp. 11B_GCF-030487755.1
OTU_556	0	0	0	0	0	1	0	2	0	0	0	0	0	0	2	0	0	1	1	1	0	1	1	1	0	1	0	0	0	0	0	0	0	0	0	1	1	0	2	2	1	0	g__Bacillus_altitudinis_G6S2_GCA_030123125.1	s__	Bacillus_altitudinis_G6S2_GCA_030123125.1
OTU_557	0	0	0	0	0	0	0	0	0	0	0	0	0	0	0	0	0	0	0	0	0	0	0	0	0	0	0	0	0	0	0	0	0	0	0	0	0	0	0	0	0	1	g__Bacillus_sonorensis_YX13_GCA_031324045.1	s__	Bacillus_sonorensis_YX13_GCA_031324045.1
OTU_558	0	0	0	0	0	0	0	0	0	0	0	0	0	0	0	0	0	0	0	0	0	0	0	0	0	0	0	0	0	0	0	0	0	0	0	0	0	0	0	1	0	0	g__Neobacillus_novalis_XLM17_GCA_030123445.1	s__	Neobacillus_novalis_XLM17_GCA_030123445.1
OTU_559	0	0	0	0	0	0	0	0	0	0	0	0	0	0	0	0	0	0	0	0	0	0	0	0	0	0	0	0	0	0	1	0	0	0	0	0	0	0	0	0	0	0	g__Bacillus_velezensis_NJ26_GCA_030123305.1	s__	Bacillus_velezensis_NJ26_GCA_030123305.1
OTU_560	1	0	0	0	0	0	0	0	0	0	0	0	0	0	0	0	0	0	0	0	0	0	0	0	0	0	0	0	0	0	0	0	0	0	0	0	0	0	0	0	0	0	g__Bacillus_paralicheniformis_CEW	s__1W_GCA_030123025.1	Bacillus_paralicheniformis_CEW 1W_GCA_030123025.1
OTU_561	0	0	0	0	0	0	0	0	0	0	0	0	0	0	0	0	1	0	0	0	0	0	0	0	0	0	0	0	0	0	0	0	0	0	0	0	0	0	0	0	0	0	g__Paenibacillus_sp.	s__11B_GCF-030487755.1	Paenibacillus_sp. 11B_GCF-030487755.1
OTU_562	0	0	0	0	0	0	0	0	0	0	0	1	0	0	0	0	0	0	0	0	0	0	0	0	0	0	0	0	0	0	0	0	0	0	0	0	0	0	0	0	0	0	g__Brevibacillus_parabrevis_GCA_031324325.1	s__	Brevibacillus_parabrevis_GCA_031324325.1
OTU_563	0	1	0	0	0	0	0	0	0	0	0	0	0	0	0	0	0	0	0	0	0	0	0	0	0	0	0	0	0	0	0	0	0	0	0	0	0	0	0	0	0	0	g__Bacillus_mycoides_D8_B_46_GCA_030348665.1	s__	Bacillus_mycoides_D8_B_46_GCA_030348665.1
OTU_565	2	3	5	2	6	1	3	3	2	4	6	4	0	2	3	3	4	4	5	3	2	2	1	1	1	0	0	0	0	2	1	4	2	0	3	2	3	3	3	4	2	1	g__Paenibacillus_sp.	s__11B_GCF-030487755.1	Paenibacillus_sp. 11B_GCF-030487755.1
OTU_566	0	0	0	0	0	0	0	0	0	0	0	1	0	0	0	0	0	0	0	0	0	0	0	0	0	0	0	0	0	0	0	0	0	0	0	0	0	0	0	0	0	0	g__Paenibacillus_sp.	s__11B_GCF-030487755.1	Paenibacillus_sp. 11B_GCF-030487755.1
OTU_567	0	0	0	0	0	0	0	0	0	0	0	0	0	0	0	0	0	0	0	0	0	0	0	0	0	0	0	0	0	0	0	0	0	0	0	0	0	0	0	0	1	0	g__Bacillus_paralicheniformis_CEW	s__1W_GCA_030123025.1	Bacillus_paralicheniformis_CEW 1W_GCA_030123025.1
OTU_568	0	0	1	0	0	0	0	0	0	0	0	0	0	0	0	0	0	0	0	0	0	0	0	0	0	0	0	0	0	0	0	0	0	0	0	0	0	0	0	0	0	0	g__Bacillus_paralicheniformis_CEW	s__1W_GCA_030123025.1	Bacillus_paralicheniformis_CEW 1W_GCA_030123025.1
OTU_569	0	0	0	0	0	0	0	0	0	0	0	0	0	1	0	0	0	0	0	0	0	0	0	0	0	0	0	0	0	0	0	0	0	0	0	0	0	0	0	0	0	0	g__Paenibacillus_sp.	s__11B_GCF-030487755.1	Paenibacillus_sp. 11B_GCF-030487755.1
OTU_570	0	0	0	0	0	0	0	0	0	0	0	0	0	0	0	0	0	0	0	0	0	0	0	0	0	0	0	0	0	0	0	0	0	0	0	0	0	0	1	0	0	0	g__Fictibacillus_enclensis_TL8_GCA_030348285.1	s__	Fictibacillus_enclensis_TL8_GCA_030348285.1
OTU_571	0	0	0	0	0	0	0	0	0	1	0	0	0	0	0	0	0	0	0	0	0	0	0	0	0	0	0	0	0	0	0	0	0	0	0	0	0	0	0	0	0	0	g__Bacillus_sonorensis_YX13_GCA_031324045.1	s__	Bacillus_sonorensis_YX13_GCA_031324045.1
OTU_572	0	0	0	0	0	0	0	0	0	0	0	0	0	0	0	0	0	0	0	0	0	0	0	0	0	0	0	0	0	0	0	0	0	0	1	0	0	0	0	0	0	0	g__Bacillus_paralicheniformis_CEW	s__1W_GCA_030123025.1	Bacillus_paralicheniformis_CEW 1W_GCA_030123025.1
OTU_573	0	0	0	0	0	0	0	0	0	0	0	0	0	0	0	0	0	0	0	0	0	0	0	0	0	0	0	0	0	0	0	0	0	0	0	0	0	0	0	0	0	1	g__Bacillus_paralicheniformis_CEW	s__1W_GCA_030123025.1	Bacillus_paralicheniformis_CEW 1W_GCA_030123025.1
OTU_574	0	0	0	0	0	0	0	0	1	0	0	0	0	0	0	0	0	0	0	0	0	0	0	0	0	0	0	0	0	0	0	0	0	0	0	0	0	0	0	0	0	0	g__Bacillus_sonorensis_YX13_GCA_031324045.1	s__	Bacillus_sonorensis_YX13_GCA_031324045.1
OTU_575	0	0	0	0	0	0	0	0	0	0	0	0	0	0	0	0	0	0	0	0	0	0	0	0	0	0	0	0	0	0	0	0	0	0	0	0	0	1	0	0	0	0	g__Paenibacillus_woosongensis	s__B2_4_GCA_030122845.1	Paenibacillus_woosongensis B2_4_GCA_030122845.1
OTU_576	0	0	0	0	0	0	0	0	0	0	0	0	0	1	0	0	0	0	0	0	0	0	0	0	0	0	0	0	0	0	0	0	0	0	0	0	0	0	0	0	0	0	g__Paenibacillus_sp.	s__11B_GCF-030487755.1	Paenibacillus_sp. 11B_GCF-030487755.1
OTU_577	0	0	0	0	0	0	0	0	0	0	0	0	0	0	0	0	0	1	0	0	0	0	0	0	0	0	0	0	0	0	0	0	0	0	0	0	0	0	0	0	0	0	g__Paenibacillus_sp.	s__11B_GCF-030487755.1	Paenibacillus_sp. 11B_GCF-030487755.1
OTU_578	1	0	1	0	0	0	0	1	1	0	0	1	0	0	0	1	0	0	1	0	0	0	0	0	0	0	0	0	0	0	0	0	1	0	0	0	0	0	0	0	1	1	g__Bacillus_sp._DX4.1_GCA_030348195.1	s__	Bacillus_sp._DX4.1_GCA_030348195.1
OTU_579	0	0	0	0	1	0	0	0	0	0	0	0	0	0	0	0	0	0	0	0	0	0	0	0	0	0	0	0	0	0	0	0	0	0	0	0	0	0	0	0	0	0	g__Bacillus_albus_SXL388_GCA_030292135.1	s__	Bacillus_albus_SXL388_GCA_030292135.1
OTU_580	0	0	0	0	0	0	0	0	0	0	0	0	0	0	0	0	0	0	0	0	0	0	0	0	0	0	0	0	0	0	0	0	0	0	0	0	0	0	1	0	0	0	g__Bacillus_sonorensis_YX13_GCA_031324045.1	s__	Bacillus_sonorensis_YX13_GCA_031324045.1
OTU_581	0	0	0	0	0	0	0	0	0	0	0	0	0	0	0	0	0	0	0	0	0	0	0	0	1	0	0	0	0	0	0	0	0	0	0	0	0	0	0	0	0	0	g__Bacillus_paralicheniformis_CEW	s__1W_GCA_030123025.1	Bacillus_paralicheniformis_CEW 1W_GCA_030123025.1
OTU_582	1	0	0	0	0	1	0	0	0	0	0	0	0	0	0	0	0	1	0	1	0	0	0	0	0	0	0	0	0	0	0	0	0	0	0	0	0	0	0	0	0	0	g__Bacillus_paralicheniformis_CEW	s__1W_GCA_030123025.1	Bacillus_paralicheniformis_CEW 1W_GCA_030123025.1
OTU_583	0	0	0	0	0	0	0	0	0	0	0	0	0	0	0	0	0	0	0	0	0	0	0	0	0	0	0	0	0	0	0	0	0	0	0	1	0	0	0	0	0	0	g__Paenibacillus_sp.	s__11B_GCF-030487755.1	Paenibacillus_sp. 11B_GCF-030487755.1
OTU_584	0	0	0	0	0	0	0	0	0	0	0	1	0	0	0	0	0	0	0	0	0	0	0	0	0	0	0	0	0	0	0	0	0	0	0	0	0	0	0	0	0	0	g__Paenibacillus_sp.	s__11B_GCF-030487755.1	Paenibacillus_sp. 11B_GCF-030487755.1
OTU_585	0	1	0	0	0	0	0	0	1	0	0	0	0	0	0	0	1	1	1	0	0	0	0	1	1	0	0	0	0	0	0	1	0	0	1	0	0	0	0	0	0	0	g__Bacillus_hominis_SIN2.1_GCA_030348325.1	s__	Bacillus_hominis_SIN2.1_GCA_030348325.1
OTU_586	0	0	0	0	0	0	0	0	0	0	0	0	0	0	0	0	0	0	0	1	0	0	0	0	0	0	0	0	0	0	0	0	0	0	0	0	0	0	0	0	0	0	g__Lysinibacillus_pakistanensis_LY92_GCA_030123265.1	s__	Lysinibacillus_pakistanensis_LY92_GCA_030123265.1
OTU_587	0	0	0	0	0	0	0	0	0	0	0	0	0	0	0	0	0	0	0	0	1	0	0	0	0	0	0	0	0	0	0	0	0	0	0	0	0	0	0	0	0	0	g__Paenibacillus_sp.	s__11B_GCF-030487755.1	Paenibacillus_sp. 11B_GCF-030487755.1
OTU_588	0	0	0	0	0	0	0	0	0	0	0	0	0	0	0	0	0	0	0	0	0	0	0	0	0	0	0	0	0	0	0	0	0	0	0	0	1	0	0	0	0	0	g__Virgibacillus_halodenitrifican_ACCC02857_GCA_030122745.1	s__	Virgibacillus_halodenitrifican_ACCC02857_GCA_030122745.1
OTU_589	0	1	0	0	0	0	0	0	0	0	0	0	0	0	0	0	0	0	0	0	0	0	0	0	0	0	0	0	0	0	0	0	0	0	0	0	0	0	0	0	0	0	g__Bacillus_velezensis_MB7_B13_GCA_030348465.1	s__	Bacillus_velezensis_MB7_B13_GCA_030348465.1
OTU_590	1	1	0	1	0	1	0	0	0	0	0	1	0	2	0	1	2	2	1	0	0	0	0	1	0	0	0	0	0	0	1	0	0	1	0	0	0	1	0	2	0	1	g__Paenibacillus_sp.	s__11B_GCF-030487755.1	Paenibacillus_sp. 11B_GCF-030487755.1
OTU_591	1	1	2	0	2	2	0	0	1	1	3	2	0	0	0	1	2	2	0	4	0	0	1	1	0	1	0	1	0	0	0	1	1	1	0	1	0	1	1	0	0	1	g__Paenibacillus_sp.	s__11B_GCF-030487755.1	Paenibacillus_sp. 11B_GCF-030487755.1
OTU_592	0	0	0	0	0	1	0	0	0	0	0	0	0	0	0	0	0	0	0	0	0	0	0	0	0	0	0	0	0	0	0	0	0	0	0	0	0	0	0	0	0	0	g__Bacillus_thuringiensis_Monterrey_S4_GCA_031324135.1	s__	Bacillus_thuringiensis_Monterrey_S4_GCA_031324135.1
OTU_593	0	0	0	0	0	0	0	0	0	0	0	0	0	0	0	0	1	0	0	0	0	0	0	0	0	0	0	0	0	0	0	0	0	0	0	0	0	0	0	0	0	0	g__Paenibacillus_sp.	s__11B_GCF-030487755.1	Paenibacillus_sp. 11B_GCF-030487755.1
OTU_594	0	0	0	0	0	0	0	0	0	0	0	0	0	0	0	0	0	0	0	1	0	0	0	0	0	0	0	0	0	0	0	0	0	0	0	0	0	0	0	0	0	0	g__Paenibacillus_sp.	s__11B_GCF-030487755.1	Paenibacillus_sp. 11B_GCF-030487755.1
OTU_595	0	0	0	0	0	0	0	0	0	0	0	0	0	0	0	0	0	0	0	0	0	0	0	0	0	0	0	0	0	0	0	0	0	0	0	0	0	0	1	0	0	0	g__Bacillus_paralicheniformis_CEW	s__1W_GCA_030123025.1	Bacillus_paralicheniformis_CEW 1W_GCA_030123025.1
OTU_596	0	0	0	0	1	0	0	0	0	0	0	0	0	0	0	0	0	0	0	0	0	0	0	0	0	0	0	0	0	0	0	0	0	0	0	0	0	0	0	0	0	0	g__Bacillus_licheniformis_D9_B_45_GCA_030348625.1	s__	Bacillus_licheniformis_D9_B_45_GCA_030348625.1
OTU_597	0	0	0	0	0	0	0	0	0	0	0	0	0	0	0	0	0	0	0	0	0	0	0	0	1	0	0	0	0	0	0	0	0	0	0	0	0	0	0	0	0	0	g__Neobacillus_sp._SuZ13_GCA_030123365.1	s__	Neobacillus_sp._SuZ13_GCA_030123365.1
OTU_598	0	0	0	0	0	0	0	0	0	0	0	0	0	0	0	0	0	0	0	0	0	0	0	0	0	0	0	0	0	0	0	0	0	0	0	0	1	0	0	0	0	0	g__Bacillus_paralicheniformis_CEW	s__1W_GCA_030123025.1	Bacillus_paralicheniformis_CEW 1W_GCA_030123025.1
OTU_599	0	0	0	0	0	0	0	1	0	0	0	0	0	0	0	0	0	0	0	0	0	0	0	0	0	0	0	0	0	0	0	0	0	0	0	0	0	0	0	0	0	0	g__Bacillus_sonorensis_YX13_GCA_031324045.1	s__	Bacillus_sonorensis_YX13_GCA_031324045.1
OTU_600	0	0	1	0	1	0	1	1	2	1	1	0	0	2	0	1	2	1	2	2	2	1	1	0	1	1	1	0	0	1	1	1	1	0	1	0	0	2	0	0	0	0	g__Bacillus_toyonensis_G7S3_GCA_031324285.1	s__	Bacillus_toyonensis_G7S3_GCA_031324285.1
OTU_600	0	0	1	0	1	0	1	1	2	1	1	0	0	2	0	1	2	1	2	2	2	1	1	0	1	1	1	0	0	1	1	1	1	0	1	0	0	2	0	0	0	0	g__Bacillus_toyonensis_G7S3_GCA_031324285.1	s__	Bacillus_toyonensis_G7S3_GCA_031324285.1
OTU_602	0	0	0	0	0	0	0	0	0	0	0	1	0	0	0	0	0	0	0	0	0	0	0	0	0	0	0	0	0	0	0	0	0	0	0	0	0	0	0	0	0	0	g__Lysinibacillus_pakistanensis_LY92_GCA_030123265.1	s__	Lysinibacillus_pakistanensis_LY92_GCA_030123265.1
OTU_603	0	0	0	0	0	0	0	0	0	0	0	0	0	0	0	0	0	1	0	0	0	0	0	0	0	0	0	0	0	0	0	0	0	0	0	0	0	0	0	0	0	0	g__Bacillus_paralicheniformis_CEW	s__1W_GCA_030123025.1	Bacillus_paralicheniformis_CEW 1W_GCA_030123025.1
OTU_604	0	0	0	0	0	0	0	0	0	0	0	0	0	0	0	1	0	0	0	0	0	0	0	0	0	0	0	0	0	0	0	0	0	0	0	0	0	0	0	0	0	0	g__Bacillus_paralicheniformis_CEW	s__1W_GCA_030123025.1	Bacillus_paralicheniformis_CEW 1W_GCA_030123025.1
OTU_607	0	0	0	0	0	0	0	0	0	0	1	0	0	0	0	0	0	0	0	0	0	0	0	0	0	0	0	0	0	0	0	0	0	0	0	0	0	0	0	0	0	0	g__Bacillus_mycoides_SIN2.2_GCA_030292205.1	s__	Bacillus_mycoides_SIN2.2_GCA_030292205.1
OTU_608	0	0	0	0	0	0	0	0	0	0	0	0	0	0	0	0	0	0	0	0	1	0	0	0	0	0	0	0	0	0	0	0	0	0	0	0	0	0	0	0	0	0	g__Bacillus_paralicheniformis_CEW	s__1W_GCA_030123025.1	Bacillus_paralicheniformis_CEW 1W_GCA_030123025.1
OTU_609	1	0	0	0	0	0	0	0	0	0	0	0	0	0	0	0	0	0	0	0	0	0	0	0	0	0	0	0	0	0	0	0	0	0	0	0	0	0	0	0	0	0	g__Lysinibacillus_sphaericus_ACCC03577_GCA_030348985.1	s__	Lysinibacillus_sphaericus_ACCC03577_GCA_030348985.1
OTU_610	0	0	0	0	0	0	0	0	1	0	0	0	0	0	0	0	0	0	0	0	0	0	0	0	0	0	0	0	0	0	0	0	0	0	0	0	0	0	0	0	0	0	g__Paenibacillus_sp.	s__11B_GCF-030487755.1	Paenibacillus_sp. 11B_GCF-030487755.1
OTU_611	0	0	0	0	0	0	0	0	0	0	0	0	0	1	0	0	0	0	0	0	0	0	0	0	0	0	0	0	0	0	0	0	0	0	0	0	0	0	0	0	0	0	g__Bacillus_paralicheniformis_CEW	s__1W_GCA_030123025.1	Bacillus_paralicheniformis_CEW 1W_GCA_030123025.1
OTU_612	2	0	0	0	0	0	0	0	0	0	0	0	0	0	1	0	1	0	0	2	1	0	0	0	0	0	0	0	0	0	0	0	0	0	0	0	0	0	0	0	0	0	g__Paenibacillus_silvae_LY60_GCF_030348445.1	s__	Paenibacillus_silvae_LY60_GCF_030348445.1
OTU_613	0	0	0	0	0	0	0	0	0	0	0	0	0	0	0	0	0	0	0	0	1	0	0	0	0	0	0	0	0	0	0	0	0	0	0	0	0	0	0	0	0	0	g__Bacillus_sonorensis_YX13_GCA_031324045.1	s__	Bacillus_sonorensis_YX13_GCA_031324045.1
OTU_614	0	0	0	0	0	0	0	0	0	0	0	0	0	0	0	0	0	0	0	0	0	0	0	0	0	0	0	0	0	0	0	0	0	0	0	0	0	0	1	0	0	0	g__Paenibacillus_silvae_LY60_GCF_030348445.1	s__	Paenibacillus_silvae_LY60_GCF_030348445.1
OTU_615	0	0	0	1	0	1	0	0	0	0	1	0	0	1	1	0	0	2	0	0	1	0	0	0	0	0	0	0	0	0	0	0	1	0	0	2	0	1	0	0	1	0	g__Bacillus_halotolerans_KF17_GCA_030292055.1	s__	Bacillus_halotolerans_KF17_GCA_030292055.1
OTU_616	0	0	0	0	0	0	0	0	0	0	1	0	0	0	0	0	0	0	0	0	0	0	0	0	0	0	0	0	0	0	0	0	0	0	0	0	0	0	0	0	0	0	g__Paenibacillus_sp.	s__11B_GCF-030487755.1	Paenibacillus_sp. 11B_GCF-030487755.1
OTU_617	0	0	0	0	0	0	0	0	0	0	0	0	0	0	0	0	0	0	0	0	0	0	0	0	0	0	0	0	0	0	0	0	0	0	0	0	0	1	0	0	0	0	g__Paenibacillus_sp.	s__11B_GCF-030487755.1	Paenibacillus_sp. 11B_GCF-030487755.1
OTU_618	0	0	0	0	1	0	0	0	0	0	0	0	0	0	0	0	0	0	0	0	0	0	0	0	0	0	0	0	0	0	0	0	0	0	0	0	0	0	0	0	0	0	g__Bacillus_paralicheniformis_CEW	s__1W_GCA_030123025.1	Bacillus_paralicheniformis_CEW 1W_GCA_030123025.1
OTU_619	0	0	0	0	0	0	0	0	0	0	0	0	0	0	0	0	0	0	0	0	0	0	0	0	0	0	0	0	0	0	0	0	0	0	0	0	0	1	0	0	0	0	g__Bacillus_paralicheniformis_CEW	s__1W_GCA_030123025.1	Bacillus_paralicheniformis_CEW 1W_GCA_030123025.1
OTU_620	0	0	1	0	0	0	0	0	0	0	0	0	0	0	0	0	0	0	0	0	0	0	0	0	0	0	0	0	0	0	0	0	0	0	0	0	0	0	0	0	0	0	g__Bacillus_paralicheniformis_CEW	s__1W_GCA_030123025.1	Bacillus_paralicheniformis_CEW 1W_GCA_030123025.1
OTU_621	0	0	0	0	0	0	0	1	0	0	0	0	0	0	0	0	0	0	0	0	0	0	0	0	0	0	0	0	0	0	0	0	0	0	0	0	0	0	0	0	0	0	g__Paenibacillus_silvae_LY60_GCF_030348445.1	s__	Paenibacillus_silvae_LY60_GCF_030348445.1
OTU_622	0	0	0	0	0	0	1	0	0	0	0	0	0	0	0	0	0	0	0	0	0	0	0	0	0	0	0	0	0	0	0	0	0	0	0	0	0	0	0	0	0	0	g__Paenibacillus_sp.	s__11B_GCF-030487755.1	Paenibacillus_sp. 11B_GCF-030487755.1
OTU_623	0	0	0	0	0	0	0	0	1	0	0	1	0	0	0	0	0	0	0	0	0	0	0	0	0	0	0	0	0	0	0	0	0	0	0	0	0	0	0	0	0	0	g__Bacillus_wiedmannii_Munchenroda_S7_GCA_030348415.1	s__	Bacillus_wiedmannii_Munchenroda_S7_GCA_030348415.1
OTU_624	0	0	0	0	0	0	0	0	0	0	0	0	0	0	0	0	0	0	0	0	0	0	0	0	0	0	0	1	0	0	0	0	0	0	0	0	0	0	0	0	0	0	g__Paenibacillus_sp.	s__11B_GCF-030487755.1	Paenibacillus_sp. 11B_GCF-030487755.1
OTU_625	0	0	0	1	0	0	0	0	0	0	0	0	0	0	0	0	0	0	0	0	0	0	0	0	0	0	0	0	0	0	0	0	0	0	0	0	0	0	0	0	0	0	g__Bacillus_paralicheniformis_CEW	s__1W_GCA_030123025.1	Bacillus_paralicheniformis_CEW 1W_GCA_030123025.1
OTU_626	0	0	0	0	0	1	0	0	0	0	0	0	0	0	0	0	0	0	0	0	0	0	0	0	0	0	0	0	0	0	0	0	0	0	0	0	0	0	0	0	0	0	g__Bacillus_paralicheniformis_CEW	s__1W_GCA_030123025.1	Bacillus_paralicheniformis_CEW 1W_GCA_030123025.1
OTU_627	0	0	0	0	0	0	0	0	0	0	0	1	0	0	0	0	0	0	0	0	0	0	0	0	0	0	0	0	0	0	0	0	0	0	0	0	0	0	0	0	0	0	g__Lysinibacillus_pakistanensis_LY92_GCA_030123265.1	s__	Lysinibacillus_pakistanensis_LY92_GCA_030123265.1
OTU_628	0	0	0	0	0	0	0	0	0	0	0	0	0	0	0	0	1	0	0	0	0	0	0	0	0	0	0	0	0	0	0	0	0	0	0	0	0	0	0	0	0	0	g__Bacillus_paralicheniformis_CEW	s__1W_GCA_030123025.1	Bacillus_paralicheniformis_CEW 1W_GCA_030123025.1
OTU_630	0	0	0	0	0	0	0	0	0	0	0	0	0	0	0	0	0	0	0	0	0	0	0	0	0	0	0	1	0	0	0	0	0	0	0	0	0	0	0	0	0	0	g__Bacillus_paralicheniformis_CEW	s__1W_GCA_030123025.1	Bacillus_paralicheniformis_CEW 1W_GCA_030123025.1
OTU_631	1	1	1	2	1	0	0	1	0	0	0	1	1	0	2	1	1	1	1	2	0	0	0	1	0	0	0	1	0	0	0	1	0	0	2	2	1	1	2	0	0	0	g__Lysinibacillus_pakistanensis_LY92_GCA_030123265.1	s__	Lysinibacillus_pakistanensis_LY92_GCA_030123265.1
OTU_632	1	0	0	0	0	0	0	0	0	0	0	0	0	0	0	0	0	0	0	0	0	0	1	0	0	0	0	0	0	0	0	0	0	0	0	0	0	1	0	0	0	0	g__Bacillus_paralicheniformis_CEW	s__1W_GCA_030123025.1	Bacillus_paralicheniformis_CEW 1W_GCA_030123025.1
OTU_633	0	0	0	0	0	0	0	0	0	0	0	0	0	0	0	0	0	0	0	0	0	0	0	0	0	0	0	0	0	0	0	0	0	0	0	0	0	1	0	0	0	0	g__Paenibacillus_sp.	s__11B_GCF-030487755.1	Paenibacillus_sp. 11B_GCF-030487755.1
OTU_634	0	0	0	0	0	0	0	0	0	0	0	0	0	0	0	0	0	0	0	0	0	0	0	0	0	0	0	0	0	0	0	0	0	0	0	0	0	0	1	0	0	0	g__Bacillus_safensis_CEW-AP100_GCA_030122965.1	s__	Bacillus_safensis_CEW-AP100_GCA_030122965.1
OTU_635	0	0	0	0	0	1	0	0	0	0	0	0	0	0	0	0	0	0	0	0	0	0	0	0	0	0	0	0	0	0	0	0	0	0	0	0	0	0	0	0	0	0	g__Bacillus_halotolerans_KF17_GCA_030292055.1	s__	Bacillus_halotolerans_KF17_GCA_030292055.1
OTU_636	0	0	0	0	0	0	0	0	0	0	0	0	0	1	0	0	0	0	0	0	0	0	0	0	0	0	0	0	0	0	0	0	0	0	0	0	0	0	0	0	0	0	g__Bacillus_paralicheniformis_CEW	s__1W_GCA_030123025.1	Bacillus_paralicheniformis_CEW 1W_GCA_030123025.1
OTU_637	0	0	0	0	0	0	0	0	0	0	0	0	0	0	0	0	0	0	1	0	0	0	0	0	0	0	0	0	0	0	0	0	0	0	0	0	0	0	0	0	0	0	g__Bacillus_paralicheniformis_CEW	s__1W_GCA_030123025.1	Bacillus_paralicheniformis_CEW 1W_GCA_030123025.1
OTU_638	0	0	0	0	0	1	0	0	0	0	0	0	0	0	0	0	0	0	0	0	0	0	0	0	0	0	0	0	0	0	0	0	0	0	0	0	0	0	0	0	0	0	g__Paenibacillus_sp.	s__11B_GCF-030487755.1	Paenibacillus_sp. 11B_GCF-030487755.1
OTU_639	0	0	0	0	0	0	0	0	0	0	0	1	0	0	0	0	0	0	0	0	0	0	0	0	0	0	0	0	0	0	0	0	0	0	0	0	0	0	0	0	0	0	g__Bacillus_safensis_CEW-AP100_GCA_030122965.1	s__	Bacillus_safensis_CEW-AP100_GCA_030122965.1
OTU_640	0	0	0	0	0	0	0	0	0	0	0	1	0	0	0	0	0	0	0	0	0	0	0	0	0	0	0	0	0	0	0	0	0	0	0	0	0	0	0	0	0	0	g__Bacillus_paralicheniformis_CEW	s__1W_GCA_030123025.1	Bacillus_paralicheniformis_CEW 1W_GCA_030123025.1
OTU_641	1	0	0	0	0	0	0	0	0	0	0	1	0	0	0	0	0	0	0	0	0	0	0	0	0	0	0	0	0	0	0	0	0	0	0	0	0	0	0	0	0	0	g__Paenibacillus_sp.	s__11B_GCF-030487755.1	Paenibacillus_sp. 11B_GCF-030487755.1
OTU_644	0	0	0	0	0	0	0	0	0	0	0	0	0	0	0	0	0	0	0	0	0	0	0	0	0	0	0	0	0	0	0	0	1	0	0	0	0	0	0	0	0	0	g__Bacillus_paralicheniformis_CEW	s__1W_GCA_030123025.1	Bacillus_paralicheniformis_CEW 1W_GCA_030123025.1
OTU_645	0	0	0	0	0	0	0	0	0	0	0	0	0	0	0	0	0	0	0	0	0	0	0	0	0	0	0	0	0	0	0	0	0	0	0	0	0	0	0	0	1	0	g__Bacillus_safensis_CEW-AP100_GCA_030122965.1	s__	Bacillus_safensis_CEW-AP100_GCA_030122965.1
OTU_646	0	0	0	0	0	0	0	0	0	0	0	0	0	0	1	0	0	0	0	0	0	0	0	0	0	0	0	0	0	0	0	0	0	0	0	0	0	0	0	0	0	0	g__Paenibacillus_sp.	s__11B_GCF-030487755.1	Paenibacillus_sp. 11B_GCF-030487755.1
OTU_647	0	0	0	0	0	0	0	0	0	0	0	0	0	0	0	0	0	0	0	0	0	0	0	0	0	0	0	0	0	0	0	0	0	0	0	1	1	0	0	0	0	0	g__Bacillus_safensis_CEW-AP100_GCA_030122965.1	s__	Bacillus_safensis_CEW-AP100_GCA_030122965.1
OTU_648	0	0	0	0	0	0	0	0	0	0	0	0	0	0	0	1	0	0	0	0	0	0	0	0	0	0	0	0	0	0	0	0	0	0	0	0	0	0	0	0	0	0	g__Bacillus_mycoides_SIN2.2_GCA_030292205.1	s__	Bacillus_mycoides_SIN2.2_GCA_030292205.1
OTU_649	0	0	0	0	0	0	0	0	0	0	0	0	0	0	0	0	0	0	0	1	0	0	0	0	0	0	0	0	0	0	0	0	0	0	0	0	0	0	0	0	0	0	g__Paenibacillus_sp.	s__11B_GCF-030487755.1	Paenibacillus_sp. 11B_GCF-030487755.1
OTU_650	0	0	0	0	0	0	0	0	0	0	0	0	0	0	0	0	0	0	0	0	0	0	0	0	0	0	0	0	0	0	0	0	0	0	1	0	0	0	0	0	0	0	g__Bacillus_altitudinis_G6S2_GCA_030123125.1	s__	Bacillus_altitudinis_G6S2_GCA_030123125.1
OTU_651	0	0	0	0	0	0	0	0	0	0	0	0	0	0	0	0	0	0	1	0	0	0	0	0	0	0	0	0	0	0	0	0	0	0	0	0	0	0	0	0	0	0	g__Paenibacillus_sp.	s__11B_GCF-030487755.1	Paenibacillus_sp. 11B_GCF-030487755.1
OTU_652	0	0	0	0	0	0	0	0	0	0	0	0	0	0	0	0	0	0	0	0	1	0	0	0	0	0	0	0	0	0	0	0	0	0	0	0	0	0	0	0	0	0	g__Bacillus_safensis_CEW-AP100_GCA_030122965.1	s__	Bacillus_safensis_CEW-AP100_GCA_030122965.1
OTU_653	0	0	0	0	0	0	0	0	0	0	0	0	0	0	0	0	0	0	0	0	0	0	0	0	0	0	0	0	0	0	0	0	0	0	0	0	1	0	0	0	0	0	g__Mesobacillus_sp.	s__AQ2_GCA_030122805.1	Mesobacillus_sp. AQ2_GCA_030122805.1
OTU_654	0	0	0	0	0	0	0	0	0	0	0	0	0	0	0	0	1	0	0	0	0	0	0	0	0	0	0	0	0	0	0	0	0	0	0	0	0	0	0	0	0	0	g__Paenibacillus_sp.	s__11B_GCF-030487755.1	Paenibacillus_sp. 11B_GCF-030487755.1
OTU_655	0	0	0	0	0	0	0	0	0	0	0	0	0	0	0	0	0	0	0	0	0	0	0	0	0	0	0	0	0	0	0	0	0	0	1	0	0	0	0	0	0	0	g__Bacillus_safensis_CEW-AP100_GCA_030122965.1	s__	Bacillus_safensis_CEW-AP100_GCA_030122965.1
OTU_656	0	0	0	0	0	0	0	0	0	0	0	0	0	0	0	0	0	0	0	0	0	0	0	0	0	0	0	0	0	0	0	0	0	0	0	0	0	1	0	0	0	0	g__Paenibacillus_sp.	s__11B_GCF-030487755.1	Paenibacillus_sp. 11B_GCF-030487755.1
OTU_657	0	0	0	0	0	0	0	1	0	0	0	0	0	0	0	0	0	0	0	0	0	0	0	0	0	0	0	0	0	0	0	0	0	0	0	0	0	0	0	0	0	0	g__Paenibacillus_sp.	s__11B_GCF-030487755.1	Paenibacillus_sp. 11B_GCF-030487755.1
OTU_658	0	0	0	0	0	0	0	0	0	0	0	0	0	0	0	0	0	0	0	0	0	0	0	0	0	0	0	0	0	0	0	0	0	0	0	0	0	0	1	0	1	0	g__Paenibacillus_silvae_LY60_GCF_030348445.1	s__	Paenibacillus_silvae_LY60_GCF_030348445.1
OTU_659	0	1	0	1	4	2	2	1	0	1	1	2	1	0	2	2	1	1	0	2	0	0	1	0	0	0	0	0	0	2	2	1	0	0	0	2	2	2	1	2	1	0	g__Bacillus_safensis_CEW-AP100_GCA_030122965.1	s__	Bacillus_safensis_CEW-AP100_GCA_030122965.1
OTU_660	0	0	0	0	0	0	0	0	0	0	0	1	0	0	0	0	0	0	0	0	0	0	0	0	0	0	0	0	0	0	0	0	0	0	0	0	0	0	0	0	0	0	g__Bacillus_paralicheniformis_CEW	s__1W_GCA_030123025.1	Bacillus_paralicheniformis_CEW 1W_GCA_030123025.1
OTU_661	0	0	0	0	0	0	0	0	0	0	0	0	0	0	0	0	0	0	0	0	0	0	0	0	0	0	0	1	0	0	0	0	0	0	0	0	0	0	0	0	0	0	g__Paenibacillus_sp.	s__11B_GCF-030487755.1	Paenibacillus_sp. 11B_GCF-030487755.1
OTU_662	1	0	0	0	0	0	0	0	0	0	0	0	0	0	0	0	0	0	0	0	0	0	0	0	0	0	0	0	0	0	0	0	0	0	0	0	0	0	0	0	0	0	g__Bacillus_paralicheniformis_CEW	s__1W_GCA_030123025.1	Bacillus_paralicheniformis_CEW 1W_GCA_030123025.1
OTU_663	0	1	0	0	0	0	0	0	0	0	0	0	0	0	0	0	0	0	0	0	0	0	0	0	0	0	0	0	0	0	0	0	0	0	0	0	0	0	0	0	0	0	g__Bacillus_altitudinis_G6S2_GCA_030123125.1	s__	Bacillus_altitudinis_G6S2_GCA_030123125.1
OTU_664	0	0	0	0	0	0	0	0	0	0	0	0	0	0	1	0	0	0	0	0	0	0	0	0	0	0	0	0	0	0	0	0	0	0	0	0	0	0	0	0	0	0	g__Paenibacillus_sp.	s__11B_GCF-030487755.1	Paenibacillus_sp. 11B_GCF-030487755.1
OTU_665	0	0	0	0	0	0	0	0	0	0	0	0	0	0	0	0	0	1	0	0	0	0	0	0	0	0	0	0	0	0	0	0	0	0	0	0	0	0	0	0	0	0	g__Bacillus_paralicheniformis_CEW	s__1W_GCA_030123025.1	Bacillus_paralicheniformis_CEW 1W_GCA_030123025.1
OTU_666	0	0	0	0	0	0	0	0	0	0	0	0	0	0	0	0	0	0	0	0	0	0	0	0	0	0	0	0	0	0	0	0	0	0	0	0	0	1	0	0	0	0	g__Paenibacillus_silvae_LY60_GCF_030348445.1	s__	Paenibacillus_silvae_LY60_GCF_030348445.1
OTU_667	0	0	0	0	0	0	0	0	0	0	0	1	0	0	0	0	0	0	0	0	0	0	0	0	0	0	0	0	0	0	0	0	0	0	0	0	0	0	0	0	0	0	g__Paenibacillus_sp.	s__11B_GCF-030487755.1	Paenibacillus_sp. 11B_GCF-030487755.1
OTU_668	0	0	0	0	0	0	0	0	0	0	0	0	0	0	0	0	0	0	0	0	0	0	0	0	0	0	0	0	0	0	0	0	1	0	0	0	0	0	0	0	0	0	g__Bacillus_toyonensis_G7S3_GCA_031324285.1	s__	Bacillus_toyonensis_G7S3_GCA_031324285.1
OTU_669	1	0	0	0	0	0	0	0	0	0	0	0	0	0	0	0	0	0	0	0	0	0	0	0	0	0	0	0	0	0	0	0	0	0	0	0	0	0	0	0	0	0	g__Rossellomorea_marisflavi_LC18_GCA_031324195.1	s__	Rossellomorea_marisflavi_LC18_GCA_031324195.1
OTU_670	1	0	0	0	0	0	0	0	0	0	0	0	0	0	0	0	0	0	0	0	0	0	0	0	0	0	0	0	0	0	0	0	0	0	0	0	0	0	0	0	0	0	g__Virgibacillus_halodenitrifican_ACCC02857_GCA_030122745.1	s__	Virgibacillus_halodenitrifican_ACCC02857_GCA_030122745.1
OTU_671	0	0	0	0	1	0	0	0	0	0	0	0	0	0	0	0	0	0	0	0	0	0	0	0	0	0	0	0	0	0	0	0	0	0	0	0	0	0	0	0	0	0	g__Bacillus_paralicheniformis_CEW	s__1W_GCA_030123025.1	Bacillus_paralicheniformis_CEW 1W_GCA_030123025.1
OTU_672	0	0	0	0	0	0	0	1	0	0	0	0	0	0	0	0	0	0	0	0	0	0	0	0	0	0	0	0	0	0	0	0	0	0	0	0	0	0	0	0	0	0	g__Bacillus_safensis_CEW-AP100_GCA_030122965.1	s__	Bacillus_safensis_CEW-AP100_GCA_030122965.1
OTU_673	0	0	0	0	0	0	0	1	0	0	0	0	0	0	0	0	0	0	0	0	0	0	0	0	0	0	0	0	0	0	0	0	0	0	0	0	0	0	0	0	0	0	g__Paenibacillus_woosongensis	s__B2_4_GCA_030122845.1	Paenibacillus_woosongensis B2_4_GCA_030122845.1
OTU_674	0	0	0	0	0	0	0	0	0	0	0	0	0	0	1	0	0	0	0	0	0	0	0	0	0	0	0	0	0	0	0	0	0	0	0	0	0	0	0	0	0	0	g__Paenibacillus_sp.	s__11B_GCF-030487755.1	Paenibacillus_sp. 11B_GCF-030487755.1
OTU_675	0	0	0	0	0	0	0	0	0	0	0	1	0	0	0	1	0	0	0	0	0	0	0	0	0	0	0	0	0	0	0	0	0	0	0	0	0	0	0	0	0	0	g__Bacillus_altitudinis_G6S2_GCA_030123125.1	s__	Bacillus_altitudinis_G6S2_GCA_030123125.1
OTU_676	0	0	0	0	0	0	0	0	0	0	0	0	0	0	0	0	0	0	0	0	0	0	0	1	0	0	0	0	0	0	0	0	0	0	0	0	0	0	0	0	0	0	g__Fictibacillus_enclensis_TL8_GCA_030348285.1	s__	Fictibacillus_enclensis_TL8_GCA_030348285.1
OTU_677	0	0	0	0	0	0	0	0	0	0	0	1	0	0	0	0	0	0	0	0	0	0	0	0	0	0	0	0	0	0	0	0	0	0	0	0	0	0	0	0	0	0	g__Bacillus_paralicheniformis_CEW	s__1W_GCA_030123025.1	Bacillus_paralicheniformis_CEW 1W_GCA_030123025.1
OTU_678	0	0	0	0	0	0	0	0	0	0	0	0	0	0	0	1	0	0	0	0	0	0	0	0	0	0	0	0	0	0	0	0	0	0	0	0	0	0	0	0	0	0	g__Neobacillus_novalis_XLM17_GCA_030123445.1	s__	Neobacillus_novalis_XLM17_GCA_030123445.1
OTU_680	0	0	0	0	0	0	0	0	0	0	0	0	0	0	0	0	0	0	0	0	1	0	0	0	0	0	0	0	0	0	0	0	0	0	0	0	0	0	0	0	0	0	g__Bacillus_paralicheniformis_CEW	s__1W_GCA_030123025.1	Bacillus_paralicheniformis_CEW 1W_GCA_030123025.1
OTU_681	0	0	0	0	0	0	0	0	0	0	0	0	0	0	0	0	0	0	0	0	0	0	0	0	0	0	0	1	0	0	0	0	0	0	0	0	0	0	0	0	0	0	g__Bacillus_paralicheniformis_CEW	s__1W_GCA_030123025.1	Bacillus_paralicheniformis_CEW 1W_GCA_030123025.1
OTU_682	0	0	0	0	1	0	0	0	0	0	0	0	0	0	0	0	0	0	0	0	0	0	0	0	0	0	0	0	0	0	0	0	0	0	0	0	0	0	0	0	0	0	g__Rossellomorea_marisflavi_LC18_GCA_031324195.1	s__	Rossellomorea_marisflavi_LC18_GCA_031324195.1
OTU_683	0	0	0	0	0	0	0	0	0	0	0	0	0	1	0	0	0	0	0	0	0	0	0	0	0	0	0	0	0	0	0	0	0	0	0	0	0	0	0	0	0	0	g__Bacillus_safensis_CEW-AP100_GCA_030122965.1	s__	Bacillus_safensis_CEW-AP100_GCA_030122965.1
OTU_684	0	0	0	0	0	0	0	0	0	0	0	0	0	0	0	0	0	1	0	0	0	0	0	0	0	0	0	0	0	0	0	0	0	0	0	0	0	0	0	0	0	0	g__Bacillus_paralicheniformis_CEW	s__1W_GCA_030123025.1	Bacillus_paralicheniformis_CEW 1W_GCA_030123025.1
OTU_685	0	0	0	0	0	0	0	0	0	0	0	0	0	0	0	0	0	0	0	0	0	0	0	0	0	0	0	0	0	0	0	0	0	0	0	0	0	1	0	0	0	0	g__Cytobacillus_firmus_LN5_GCA_030123225.1	s__	Cytobacillus_firmus_LN5_GCA_030123225.1
OTU_686	0	0	0	0	0	0	0	0	0	0	0	0	0	0	0	0	0	0	0	0	1	0	0	0	0	0	0	0	0	0	0	0	0	0	0	0	0	0	0	0	0	0	g__Bacillus_paralicheniformis_CEW	s__1W_GCA_030123025.1	Bacillus_paralicheniformis_CEW 1W_GCA_030123025.1
OTU_687	1	0	0	0	1	0	0	0	0	0	0	0	0	0	0	0	0	0	0	0	0	0	0	0	0	0	0	0	0	0	0	0	0	0	0	0	0	0	0	0	0	0	g__Bacillus_paralicheniformis_CEW	s__1W_GCA_030123025.1	Bacillus_paralicheniformis_CEW 1W_GCA_030123025.1
OTU_688	0	0	0	0	0	0	0	0	0	0	1	0	0	0	0	0	0	0	0	0	0	0	0	0	0	0	0	0	0	0	0	0	0	0	0	0	0	0	0	0	0	0	g__Bacillus_paralicheniformis_CEW	s__1W_GCA_030123025.1	Bacillus_paralicheniformis_CEW 1W_GCA_030123025.1
OTU_689	0	0	0	0	1	0	0	0	0	0	0	0	0	0	0	0	0	0	0	0	0	0	0	0	0	0	0	0	0	0	0	0	0	0	0	0	0	0	0	0	0	0	g__Bacillus_sonorensis_YX13_GCA_031324045.1	s__	Bacillus_sonorensis_YX13_GCA_031324045.1
OTU_690	0	0	1	0	0	0	0	0	0	0	0	0	0	0	0	0	0	0	0	0	0	0	0	0	0	0	0	0	0	0	0	0	0	0	0	0	0	0	0	0	0	0	g__Paenibacillus_sp.	s__11B_GCF-030487755.1	Paenibacillus_sp. 11B_GCF-030487755.1
OTU_691	0	0	0	1	0	0	0	0	0	0	0	0	0	0	0	0	0	0	0	0	0	0	0	0	0	0	0	0	0	0	0	0	0	0	0	0	0	0	0	0	0	0	g__Paenibacillus_sp.	s__11B_GCF-030487755.1	Paenibacillus_sp. 11B_GCF-030487755.1
OTU_692	0	0	0	0	0	0	1	0	0	0	0	0	0	0	0	0	0	0	0	0	0	0	0	0	0	0	0	0	0	0	0	0	0	0	0	0	0	0	0	0	0	0	g__Bacillus_velezensis_MB7_B13_GCA_030348465.1	s__	Bacillus_velezensis_MB7_B13_GCA_030348465.1
OTU_693	0	0	0	0	0	0	0	0	0	0	0	0	0	0	0	0	0	0	1	0	0	0	0	0	0	0	0	0	0	0	0	0	0	0	0	0	0	0	0	0	0	0	g__Bacillus_licheniformis_D9_B_45_GCA_030348625.1	s__	Bacillus_licheniformis_D9_B_45_GCA_030348625.1
OTU_694	0	0	0	0	0	0	0	0	0	0	0	0	0	0	0	0	0	0	0	0	0	0	0	1	0	0	0	0	0	0	0	0	0	0	0	0	0	0	0	0	0	0	g__Paenibacillus_woosongensis	s__B2_4_GCA_030122845.1	Paenibacillus_woosongensis B2_4_GCA_030122845.1
OTU_695	0	0	0	0	0	0	0	0	0	0	0	0	0	0	0	0	0	0	0	0	0	0	0	0	1	0	0	0	0	0	0	0	0	0	0	0	0	0	0	0	0	0	g__Bacillus_sp._DX4.1_GCA_030348195.1	s__	Bacillus_sp._DX4.1_GCA_030348195.1
OTU_696	0	0	0	0	0	0	0	0	0	0	0	0	0	1	0	0	0	0	0	0	0	0	0	0	0	0	0	0	0	0	0	0	0	0	0	0	0	0	0	0	0	0	g__Paenibacillus_sp.	s__11B_GCF-030487755.1	Paenibacillus_sp. 11B_GCF-030487755.1
OTU_697	0	0	0	0	0	0	0	0	0	0	0	0	0	0	0	0	0	0	0	0	0	0	0	0	0	0	0	0	0	0	0	0	0	0	1	0	0	0	0	0	0	0	g__Bacillus_licheniformis_D9_B_45_GCA_030348625.1	s__	Bacillus_licheniformis_D9_B_45_GCA_030348625.1
OTU_698	0	0	0	0	0	0	0	0	0	1	0	0	0	0	0	0	0	0	0	0	0	0	0	0	0	0	0	0	0	0	0	0	0	0	0	0	0	0	0	0	0	0	g__Bacillus_paralicheniformis_CEW	s__1W_GCA_030123025.1	Bacillus_paralicheniformis_CEW 1W_GCA_030123025.1
OTU_699	0	0	0	0	0	0	0	0	0	0	0	0	0	0	0	0	0	1	0	0	0	0	0	0	0	0	0	0	0	0	0	0	0	0	0	0	0	0	0	0	0	0	g__Paenibacillus_sp.	s__11B_GCF-030487755.1	Paenibacillus_sp. 11B_GCF-030487755.1
OTU_700	0	0	0	0	0	0	0	0	0	0	0	0	0	0	0	0	0	0	0	1	0	0	0	0	0	0	0	0	0	0	0	0	0	0	0	0	0	0	0	0	0	0	g__Bacillus_sonorensis_YX13_GCA_031324045.1	s__	Bacillus_sonorensis_YX13_GCA_031324045.1
OTU_701	0	0	0	0	0	0	0	0	0	0	0	0	0	0	0	0	0	0	0	0	1	0	0	0	0	0	0	0	1	0	0	0	0	0	0	1	0	0	0	0	0	0	g__Bacillus_paralicheniformis_CEW	s__1W_GCA_030123025.1	Bacillus_paralicheniformis_CEW 1W_GCA_030123025.1
OTU_702	0	0	0	0	0	0	0	0	0	0	0	0	0	0	0	0	0	0	0	0	1	0	0	0	0	0	0	0	0	0	0	0	0	0	0	0	0	0	0	0	0	0	g__Paenibacillus_sp.	s__11B_GCF-030487755.1	Paenibacillus_sp. 11B_GCF-030487755.1
OTU_703	0	0	0	0	0	0	0	0	0	0	0	0	0	0	0	0	0	1	0	0	0	0	0	0	0	0	0	0	0	0	0	0	0	0	0	0	0	0	0	0	0	0	g__Bacillus_sonorensis_YX13_GCA_031324045.1	s__	Bacillus_sonorensis_YX13_GCA_031324045.1
OTU_704	0	0	0	0	0	0	0	0	0	0	0	0	0	1	0	0	0	0	0	0	0	0	0	0	0	0	0	0	0	0	0	0	0	0	0	0	0	0	0	0	0	0	g__Paenibacillus_sp.	s__11B_GCF-030487755.1	Paenibacillus_sp. 11B_GCF-030487755.1
OTU_706	2	2	1	3	2	2	1	2	3	1	2	3	0	2	2	1	4	3	3	4	1	4	2	2	1	2	0	0	0	0	1	4	2	0	0	1	3	3	2	0	4	0	g__Bacillus_paralicheniformis_CEW	s__1W_GCA_030123025.1	Bacillus_paralicheniformis_CEW 1W_GCA_030123025.1
OTU_707	0	0	0	0	0	0	0	0	0	0	1	0	0	0	1	0	1	0	0	0	0	0	0	0	0	0	0	0	0	0	0	0	0	0	0	0	0	0	0	0	0	0	g__Peribacillus_simplex_D9_B_73_GCA_030123045.1	s__	Peribacillus_simplex_D9_B_73_GCA_030123045.1
OTU_708	0	0	0	0	0	0	0	0	0	0	0	1	0	0	0	0	0	0	0	0	0	0	0	0	0	0	0	0	0	0	0	0	0	0	0	0	0	0	0	0	0	0	g__Bacillus_paralicheniformis_CEW	s__1W_GCA_030123025.1	Bacillus_paralicheniformis_CEW 1W_GCA_030123025.1
OTU_709	0	0	0	0	0	0	0	0	0	0	0	0	0	0	1	0	0	0	0	0	0	0	0	0	0	0	0	0	0	0	0	0	0	0	0	0	0	0	0	0	1	0	g__Paenibacillus_sp.	s__11B_GCF-030487755.1	Paenibacillus_sp. 11B_GCF-030487755.1
OTU_710	0	0	0	0	0	0	0	0	0	0	0	0	0	0	0	0	0	0	1	0	0	0	0	0	0	0	0	0	0	0	0	0	0	0	0	0	0	0	0	0	0	0	g__Bacillus_safensis_CEW-AP100_GCA_030122965.1	s__	Bacillus_safensis_CEW-AP100_GCA_030122965.1
OTU_711	0	0	0	0	0	0	0	0	0	0	0	0	0	0	0	0	0	0	0	0	0	1	0	0	0	0	0	0	0	0	0	0	0	0	0	0	0	0	0	0	0	0	g__Paenibacillus_sp.	s__11B_GCF-030487755.1	Paenibacillus_sp. 11B_GCF-030487755.1
OTU_712	0	0	0	0	0	0	0	0	0	0	0	0	0	0	0	0	0	0	0	0	0	0	0	0	0	0	0	0	0	0	0	0	0	0	0	0	0	0	0	0	1	0	g__Bacillus_safensis_CEW-AP100_GCA_030122965.1	s__	Bacillus_safensis_CEW-AP100_GCA_030122965.1
OTU_713	0	0	0	0	0	0	0	0	0	0	0	0	0	0	0	0	0	0	0	0	0	0	0	0	0	0	0	0	0	0	0	0	0	0	0	0	0	0	1	0	0	0	g__Bacillus_halotolerans_KF17_GCA_030292055.1	s__	Bacillus_halotolerans_KF17_GCA_030292055.1
OTU_714	1	0	1	1	0	0	0	1	0	0	2	1	0	1	2	1	0	0	0	1	1	2	0	0	0	0	0	0	0	0	0	1	0	0	0	0	0	0	0	1	0	1	g__Paenibacillus_sp.	s__11B_GCF-030487755.1	Paenibacillus_sp. 11B_GCF-030487755.1
OTU_715	0	0	0	0	0	0	0	0	0	0	0	0	0	0	0	0	1	0	0	0	0	0	0	0	0	0	0	0	0	0	0	0	0	0	0	0	0	0	0	0	0	0	g__Bacillus_pumilus_B2_10_GCA_030122825.1	s__	Bacillus_pumilus_B2_10_GCA_030122825.1
OTU_716	0	0	0	0	0	0	0	0	0	0	0	0	0	0	0	0	0	0	0	0	0	0	0	0	0	0	0	0	0	0	0	1	0	0	0	0	0	0	0	0	0	0	g__Paenibacillus_silvae_LY60_GCF_030348445.1	s__	Paenibacillus_silvae_LY60_GCF_030348445.1
OTU_718	1	0	0	0	0	0	0	0	0	0	0	0	0	0	0	0	0	0	0	0	0	0	0	0	0	0	0	0	0	0	0	0	0	0	0	0	0	0	0	0	0	0	g__Paenibacillus_sp.	s__11B_GCF-030487755.1	Paenibacillus_sp. 11B_GCF-030487755.1
OTU_719	3	2	1	0	0	0	2	0	2	3	1	2	1	2	4	1	1	1	2	0	1	2	0	0	0	1	0	0	1	0	1	0	1	0	0	2	1	1	1	0	4	2	g__Bacillus_sonorensis_YX13_GCA_031324045.1	s__	Bacillus_sonorensis_YX13_GCA_031324045.1
OTU_720	0	0	0	0	0	0	0	0	0	0	0	0	0	0	0	0	0	0	0	0	0	0	0	0	0	0	0	0	0	0	1	0	0	0	0	0	0	0	0	0	0	0	g__Bacillus_paralicheniformis_CEW	s__1W_GCA_030123025.1	Bacillus_paralicheniformis_CEW 1W_GCA_030123025.1
OTU_721	0	0	0	0	0	0	0	0	0	0	0	0	0	0	0	0	0	0	0	0	0	0	0	0	0	0	0	0	0	0	0	0	0	1	0	0	0	0	0	0	0	0	g__Bacillus_sonorensis_YX13_GCA_031324045.1	s__	Bacillus_sonorensis_YX13_GCA_031324045.1
OTU_721	0	0	0	0	0	0	0	0	0	0	0	0	0	0	0	0	0	0	0	0	0	0	0	0	0	0	0	0	0	0	0	0	0	1	0	0	0	0	0	0	0	0	g__Bacillus_sonorensis_YX13_GCA_031324045.1	s__	Bacillus_sonorensis_YX13_GCA_031324045.1
OTU_722	0	0	0	0	0	0	0	0	0	0	0	0	0	1	0	0	0	0	0	0	0	0	0	0	0	0	0	0	0	0	0	0	0	0	0	0	0	0	0	0	0	0	g__Paenibacillus_sp.	s__11B_GCF-030487755.1	Paenibacillus_sp. 11B_GCF-030487755.1
OTU_723	0	0	0	0	0	0	0	0	0	0	0	0	0	0	1	0	0	0	0	0	0	0	0	0	0	0	0	0	0	0	0	0	0	0	0	0	0	0	0	0	0	0	g__Paenibacillus_sp.	s__11B_GCF-030487755.1	Paenibacillus_sp. 11B_GCF-030487755.1
OTU_724	0	0	0	0	0	0	0	0	0	0	0	0	0	0	0	0	0	1	0	0	0	0	0	0	0	0	0	0	0	0	0	0	0	0	0	0	0	0	0	0	0	0	g__Paenibacillus_sp.	s__11B_GCF-030487755.1	Paenibacillus_sp. 11B_GCF-030487755.1
OTU_725	0	0	0	0	0	1	0	0	0	0	0	0	0	0	0	0	0	0	0	0	0	0	0	0	0	0	0	0	0	0	0	0	0	0	0	0	0	0	0	0	0	0	g__Bacillus_paralicheniformis_CEW	s__1W_GCA_030123025.1	Bacillus_paralicheniformis_CEW 1W_GCA_030123025.1
OTU_726	0	0	0	0	0	0	0	0	0	0	1	0	0	0	0	0	0	0	0	0	0	0	0	0	0	0	0	0	0	0	0	0	0	0	0	0	0	0	0	0	0	0	g__Bacillus_arachidis_YX15_GCA_030285945.1	s__	Bacillus_arachidis_YX15_GCA_030285945.1
OTU_727	0	0	0	0	0	0	0	0	0	0	0	0	0	0	0	0	0	1	0	0	0	0	0	0	0	0	0	0	0	0	0	0	0	0	0	0	0	0	0	0	0	0	g__Bacillus_velezensis_MB7_B13_GCA_030348465.1	s__	Bacillus_velezensis_MB7_B13_GCA_030348465.1
OTU_728	0	0	1	0	0	0	0	0	0	0	0	0	0	0	0	0	0	0	0	0	0	0	0	0	0	0	0	0	0	0	0	0	0	0	0	0	0	0	0	0	0	0	g__Brevibacillus_parabrevis_GCA_031324325.1	s__	Brevibacillus_parabrevis_GCA_031324325.1
OTU_729	0	0	0	0	0	0	0	0	0	0	0	0	0	0	0	0	0	0	1	0	0	0	0	0	0	0	0	0	0	0	0	0	0	0	0	0	0	0	0	0	0	0	g__Bacillus_paralicheniformis_CEW	s__1W_GCA_030123025.1	Bacillus_paralicheniformis_CEW 1W_GCA_030123025.1
OTU_730	0	1	1	0	0	1	0	0	0	0	1	2	0	1	1	1	1	0	1	0	0	0	0	0	0	0	0	0	0	0	0	0	1	0	0	0	0	0	0	0	0	0	g__Bacillus_velezensis_MB7_B11_GCA_030123285.1	s__	Bacillus_velezensis_MB7_B11_GCA_030123285.1
OTU_731	0	0	0	0	0	0	0	0	0	0	0	0	0	0	0	1	0	0	0	0	0	0	0	0	0	0	0	0	0	0	0	0	0	0	0	0	0	0	0	0	0	0	g__Bacillus_paralicheniformis_CEW	s__1W_GCA_030123025.1	Bacillus_paralicheniformis_CEW 1W_GCA_030123025.1
OTU_732	0	0	0	0	0	0	0	0	0	0	0	0	0	0	0	0	0	0	0	0	0	0	0	0	0	0	0	0	0	0	0	0	0	0	0	0	0	0	0	0	0	1	g__Bacillus_paralicheniformis_CEW	s__1W_GCA_030123025.1	Bacillus_paralicheniformis_CEW 1W_GCA_030123025.1
OTU_733	0	0	0	0	0	0	0	0	0	0	0	0	0	1	0	0	0	0	0	0	0	0	0	0	0	0	0	0	0	0	0	0	0	0	0	0	0	0	0	0	0	0	g__Paenibacillus_sp.	s__11B_GCF-030487755.1	Paenibacillus_sp. 11B_GCF-030487755.1
OTU_734	0	0	0	0	0	0	0	0	0	0	0	1	0	0	0	0	0	0	0	0	0	0	0	0	0	0	0	0	0	0	0	0	0	0	0	0	0	0	1	0	0	0	g__Neobacillus_novalis_XLM17_GCA_030123445.1	s__	Neobacillus_novalis_XLM17_GCA_030123445.1
OTU_735	0	0	0	0	0	1	0	0	0	0	0	0	0	0	0	0	0	0	0	0	0	0	0	0	0	0	0	0	0	0	0	0	0	0	0	0	0	0	0	0	0	0	g__Neobacillus_sp._SuZ13_GCA_030123365.1	s__	Neobacillus_sp._SuZ13_GCA_030123365.1
OTU_736	0	0	0	0	0	0	0	0	0	0	1	0	0	0	0	0	0	0	0	0	0	0	0	0	0	0	0	0	0	0	0	0	0	0	0	0	0	0	0	0	0	0	g__Bacillus_paralicheniformis_CEW	s__1W_GCA_030123025.1	Bacillus_paralicheniformis_CEW 1W_GCA_030123025.1
OTU_737	0	0	0	0	0	0	0	0	0	0	0	1	0	0	0	0	0	0	0	0	0	0	0	0	0	0	0	0	0	0	0	0	0	0	0	0	0	0	0	0	0	0	g__Lysinibacillus_pakistanensis_LY92_GCA_030123265.1	s__	Lysinibacillus_pakistanensis_LY92_GCA_030123265.1
OTU_738	0	0	0	0	0	0	0	0	0	0	0	0	0	0	0	0	0	0	0	0	0	0	0	0	0	0	0	0	0	0	0	0	0	0	0	1	0	0	0	0	0	0	g__Paenibacillus_sp.	s__11B_GCF-030487755.1	Paenibacillus_sp. 11B_GCF-030487755.1
OTU_739	1	0	0	0	0	0	0	0	0	0	0	0	0	0	0	0	0	0	0	0	0	0	0	0	0	0	0	0	0	0	0	0	0	0	0	0	0	0	0	0	0	0	g__Peribacillus_frigoritolerans_CF29_GCA_030122925.1	s__	Peribacillus_frigoritolerans_CF29_GCA_030122925.1
OTU_740	0	0	0	0	0	0	0	0	0	0	0	0	0	0	0	0	0	0	0	0	1	0	0	0	0	0	0	0	0	0	0	0	0	0	0	0	0	0	0	0	0	0	g__Bacillus_sonorensis_YX13_GCA_031324045.1	s__	Bacillus_sonorensis_YX13_GCA_031324045.1
OTU_741	0	0	0	0	0	0	0	0	0	1	0	0	0	0	0	0	0	0	0	0	0	0	0	0	0	0	0	0	0	0	0	0	0	0	0	0	0	0	0	0	0	0	g__Paenibacillus_sp.	s__11B_GCF-030487755.1	Paenibacillus_sp. 11B_GCF-030487755.1
OTU_742	0	0	0	0	0	0	0	0	0	0	0	0	0	1	0	0	0	0	0	0	0	0	0	0	0	0	0	0	0	0	0	0	0	0	0	0	0	0	0	0	0	0	g__Bacillus_paralicheniformis_CEW	s__1W_GCA_030123025.1	Bacillus_paralicheniformis_CEW 1W_GCA_030123025.1
OTU_743	0	0	0	0	0	0	0	0	0	0	0	1	0	0	0	0	0	0	0	0	0	0	0	0	0	0	0	0	0	0	0	0	0	0	0	0	0	0	0	0	0	0	g__Bacillus_paralicheniformis_CEW	s__1W_GCA_030123025.1	Bacillus_paralicheniformis_CEW 1W_GCA_030123025.1
OTU_744	0	0	0	0	0	0	0	0	0	0	0	0	0	0	0	0	0	1	0	0	0	0	0	0	0	0	0	0	0	0	0	0	0	0	0	0	0	0	0	0	0	0	g__Bacillus_safensis_CEW-AP100_GCA_030122965.1	s__	Bacillus_safensis_CEW-AP100_GCA_030122965.1
OTU_745	0	0	0	0	0	0	0	0	0	0	0	0	0	0	0	0	0	0	1	0	0	0	0	0	0	0	0	0	0	0	0	0	0	0	1	0	0	0	0	0	0	0	g__Lysinibacillus_pakistanensis_LY92_GCA_030123265.1	s__	Lysinibacillus_pakistanensis_LY92_GCA_030123265.1
OTU_746	0	0	0	0	0	0	0	0	0	0	0	0	0	0	0	0	0	1	0	0	0	0	0	0	0	0	0	0	0	0	0	0	0	0	0	0	0	0	0	0	0	0	g__Lysinibacillus_pakistanensis_LY92_GCA_030123265.1	s__	Lysinibacillus_pakistanensis_LY92_GCA_030123265.1
OTU_747	0	0	0	0	0	0	0	0	0	0	0	0	0	1	0	0	0	0	0	0	0	0	0	0	0	0	0	0	0	0	0	0	0	0	0	0	0	0	0	0	1	0	g__Paenibacillus_silvae_LY60_GCF_030348445.1	s__	Paenibacillus_silvae_LY60_GCF_030348445.1
OTU_748	0	0	0	0	0	0	0	0	0	0	0	0	0	0	0	0	0	0	0	0	0	0	0	0	0	0	0	0	0	1	0	0	0	0	0	0	0	0	0	0	0	0	g__Bacillus_subtilis_G2S2_GCA_030123085.1	s__	Bacillus_subtilis_G2S2_GCA_030123085.1
OTU_749	0	0	1	0	0	0	0	0	0	0	0	0	0	0	0	0	0	0	0	0	0	0	0	0	0	0	0	0	0	0	0	0	0	0	0	0	0	0	0	0	0	0	g__Bacillus_paralicheniformis_CEW	s__1W_GCA_030123025.1	Bacillus_paralicheniformis_CEW 1W_GCA_030123025.1
OTU_750	0	0	0	0	0	0	0	0	0	0	0	0	0	0	0	0	0	1	0	0	0	0	0	0	0	0	0	0	0	0	0	0	0	0	0	0	0	0	0	0	0	0	g__Paenibacillus_silvae_LY60_GCF_030348445.1	s__	Paenibacillus_silvae_LY60_GCF_030348445.1
OTU_751	0	0	1	0	0	0	0	0	0	1	0	0	0	0	0	0	0	0	0	0	0	0	0	0	0	0	0	0	0	0	0	0	0	0	0	0	0	0	0	0	0	0	g__Lysinibacillus_sphaericus_ACCC03577_GCA_030348985.1	s__	Lysinibacillus_sphaericus_ACCC03577_GCA_030348985.1
OTU_752	0	0	0	0	0	0	0	0	0	0	0	0	0	0	0	0	0	1	0	0	0	0	0	0	0	0	0	0	0	0	0	0	0	0	0	0	0	0	0	0	0	0	g__Mesobacillus_sp.	s__AQ2_GCA_030122805.1	Mesobacillus_sp. AQ2_GCA_030122805.1
OTU_753	0	1	0	0	0	0	0	0	0	0	0	0	0	0	0	0	0	0	0	0	0	0	0	0	0	0	0	0	0	0	0	0	0	0	0	0	0	0	0	0	0	0	g__Lysinibacillus_pakistanensis_LY92_GCA_030123265.1	s__	Lysinibacillus_pakistanensis_LY92_GCA_030123265.1
OTU_754	0	0	0	0	0	0	1	0	0	0	0	0	0	0	0	0	0	0	0	0	0	0	0	0	0	0	0	0	0	0	0	0	0	0	0	0	0	0	0	0	0	0	g__Bacillus_paralicheniformis_CEW	s__1W_GCA_030123025.1	Bacillus_paralicheniformis_CEW 1W_GCA_030123025.1
OTU_755	0	0	0	0	0	0	0	0	0	0	0	1	0	0	0	0	0	0	0	0	0	0	0	0	0	0	0	0	0	0	0	0	0	0	0	0	0	0	0	0	0	0	g__Bacillus_safensis_CEW-AP100_GCA_030122965.1	s__	Bacillus_safensis_CEW-AP100_GCA_030122965.1
OTU_756	0	0	0	0	0	0	0	0	0	0	0	0	0	1	0	0	0	0	0	0	0	0	0	0	0	0	0	0	0	0	0	0	0	0	0	0	0	0	0	0	0	0	g__Bacillus_paralicheniformis_CEW	s__1W_GCA_030123025.1	Bacillus_paralicheniformis_CEW 1W_GCA_030123025.1
OTU_757	0	0	0	0	0	0	0	0	0	0	0	0	0	0	0	0	0	0	0	0	1	0	0	0	0	0	0	0	0	0	0	0	0	0	0	0	0	0	0	0	0	0	g__Bacillus_paralicheniformis_CEW	s__1W_GCA_030123025.1	Bacillus_paralicheniformis_CEW 1W_GCA_030123025.1
OTU_758	0	0	0	0	0	0	0	0	0	0	0	0	0	1	0	0	0	0	0	0	0	0	0	0	0	0	0	0	0	0	0	0	0	0	0	0	0	0	0	0	0	0	g__Paenibacillus_sp.	s__11B_GCF-030487755.1	Paenibacillus_sp. 11B_GCF-030487755.1
OTU_759	0	0	0	0	1	0	0	0	0	0	0	0	0	0	0	0	0	0	0	0	0	0	0	0	0	0	0	0	0	0	0	0	0	0	0	0	0	0	0	0	0	0	g__Paenibacillus_silvae_LY60_GCF_030348445.1	s__	Paenibacillus_silvae_LY60_GCF_030348445.1
OTU_760	0	0	0	0	0	0	0	0	0	0	0	0	0	0	0	0	0	0	0	0	0	0	0	0	0	0	0	0	0	0	0	0	0	0	0	0	0	1	0	0	0	0	g__Bacillus_licheniformis_D9_B_45_GCA_030348625.1	s__	Bacillus_licheniformis_D9_B_45_GCA_030348625.1
OTU_761	0	0	0	0	0	0	0	0	0	0	0	0	0	0	0	0	1	0	0	0	0	0	0	0	0	0	0	0	0	0	0	0	0	0	0	0	0	0	0	0	0	0	g__Bacillus_paralicheniformis_CEW	s__1W_GCA_030123025.1	Bacillus_paralicheniformis_CEW 1W_GCA_030123025.1
OTU_762	0	0	0	0	0	0	0	0	0	0	0	0	0	0	0	0	0	0	0	1	0	0	0	0	0	0	0	0	0	0	0	0	0	0	0	0	0	0	0	0	0	0	g__Bacillus_paralicheniformis_CEW	s__1W_GCA_030123025.1	Bacillus_paralicheniformis_CEW 1W_GCA_030123025.1
OTU_763	0	0	0	0	0	0	0	0	0	0	0	0	0	1	0	0	0	0	0	0	0	0	0	0	0	0	1	0	0	0	0	0	0	0	0	0	0	0	0	0	0	0	g__Paenibacillus_sp.	s__11B_GCF-030487755.1	Paenibacillus_sp. 11B_GCF-030487755.1
OTU_764	0	0	0	0	0	0	0	0	0	0	0	0	0	0	0	0	0	0	0	0	0	0	0	0	0	0	0	0	0	0	0	0	0	0	0	0	0	0	0	0	0	1	g__Paenibacillus_sp.	s__11B_GCF-030487755.1	Paenibacillus_sp. 11B_GCF-030487755.1
OTU_765	0	0	0	0	1	0	0	0	0	0	0	0	0	0	0	0	0	0	0	0	0	0	0	0	0	0	0	0	0	0	0	0	0	0	0	0	0	0	0	0	0	0	g__Bacillus_paralicheniformis_CEW	s__1W_GCA_030123025.1	Bacillus_paralicheniformis_CEW 1W_GCA_030123025.1
OTU_766	0	0	0	0	0	0	0	0	0	0	0	0	0	0	0	0	0	0	0	0	0	0	0	0	0	0	0	0	0	0	0	0	0	0	0	0	0	1	0	0	0	0	g__Bacillus_paralicheniformis_CEW	s__1W_GCA_030123025.1	Bacillus_paralicheniformis_CEW 1W_GCA_030123025.1
OTU_767	0	0	0	0	0	0	0	0	0	0	0	0	0	0	0	0	0	0	0	0	0	0	0	0	0	0	0	0	0	0	0	0	0	0	0	0	0	0	0	1	0	0	g__Bacillus_paralicheniformis_CEW	s__1W_GCA_030123025.1	Bacillus_paralicheniformis_CEW 1W_GCA_030123025.1
OTU_768	0	0	0	1	0	0	0	0	0	0	0	0	0	0	0	0	0	0	0	0	0	0	0	0	0	0	0	0	0	0	0	0	0	0	0	0	0	0	0	0	0	0	g__Bacillus_mycoides_SIN2.2_GCA_030292205.1	s__	Bacillus_mycoides_SIN2.2_GCA_030292205.1
OTU_769	0	0	0	0	0	0	0	0	0	0	0	0	0	0	0	0	0	0	0	1	0	0	0	0	0	0	0	0	0	0	0	0	0	0	0	0	0	0	0	0	0	0	g__Bacillus_paralicheniformis_CEW	s__1W_GCA_030123025.1	Bacillus_paralicheniformis_CEW 1W_GCA_030123025.1
OTU_770	0	0	0	0	0	0	0	0	0	0	0	0	0	0	0	0	0	0	0	0	1	0	0	0	0	0	0	0	0	0	0	0	0	0	0	0	0	0	0	0	0	0	g__Bacillus_pumilus_B2_10_GCA_030122825.1	s__	Bacillus_pumilus_B2_10_GCA_030122825.1
OTU_771	0	0	0	0	0	0	0	0	0	0	0	0	0	0	1	0	0	0	0	0	0	0	0	0	0	0	0	0	0	0	0	0	0	0	0	0	0	0	0	0	0	0	g__Bacillus_paralicheniformis_CEW	s__1W_GCA_030123025.1	Bacillus_paralicheniformis_CEW 1W_GCA_030123025.1
OTU_772	0	0	0	0	0	0	0	0	0	0	0	0	0	0	0	0	0	0	0	0	1	0	0	0	0	0	0	0	0	0	0	0	0	0	0	0	0	0	0	0	0	0	g__Bacillus_safensis_CEW-AP100_GCA_030122965.1	s__	Bacillus_safensis_CEW-AP100_GCA_030122965.1
OTU_773	0	0	0	0	0	0	1	0	0	0	0	0	0	0	0	0	0	0	0	0	0	0	0	0	0	0	0	0	0	0	0	0	0	0	0	0	0	0	0	0	0	0	g__Bacillus_paralicheniformis_CEW	s__1W_GCA_030123025.1	Bacillus_paralicheniformis_CEW 1W_GCA_030123025.1
OTU_774	0	0	0	0	0	0	0	0	0	0	0	0	0	0	0	0	0	0	1	0	0	1	0	0	2	2	1	0	0	0	0	0	0	0	0	0	1	0	0	0	0	0	g__Bacillus_altitudinis_G6S2_GCA_030123125.1	s__	Bacillus_altitudinis_G6S2_GCA_030123125.1
OTU_775	0	0	0	0	0	0	0	0	0	0	0	0	0	0	0	1	0	0	0	0	0	0	0	0	0	0	0	0	0	0	0	0	0	0	0	0	0	0	0	0	0	0	g__Paenibacillus_woosongensis	s__B2_4_GCA_030122845.1	Paenibacillus_woosongensis B2_4_GCA_030122845.1
OTU_776	1	0	0	0	0	0	0	0	0	0	0	0	0	0	0	0	0	0	0	0	0	0	0	0	0	0	0	0	0	0	0	0	0	0	0	0	0	0	0	0	0	0	g__Bacillus_paralicheniformis_CEW	s__1W_GCA_030123025.1	Bacillus_paralicheniformis_CEW 1W_GCA_030123025.1
OTU_777	0	0	0	0	0	0	0	0	0	0	0	0	0	0	0	0	0	0	0	0	0	0	0	0	0	0	0	0	0	0	0	0	0	0	1	0	0	0	0	0	0	0	g__Paenibacillus_sp.	s__11B_GCF-030487755.1	Paenibacillus_sp. 11B_GCF-030487755.1
OTU_778	0	0	0	0	0	0	0	0	0	0	0	1	0	0	0	0	0	0	0	0	0	0	0	0	0	0	0	0	0	0	0	1	0	0	0	0	0	0	0	0	0	0	g__Bacillus_altitudinis_G6S2_GCA_030123125.1	s__	Bacillus_altitudinis_G6S2_GCA_030123125.1
OTU_779	0	0	0	0	0	0	0	0	0	0	0	0	0	0	0	0	0	0	0	0	0	0	0	1	0	0	0	0	0	0	0	0	0	0	0	0	0	0	0	0	0	0	g__Paenibacillus_woosongensis	s__B2_4_GCA_030122845.1	Paenibacillus_woosongensis B2_4_GCA_030122845.1
OTU_780	0	0	0	0	0	1	0	0	0	0	0	0	0	0	0	0	0	0	0	0	0	0	0	0	0	0	0	0	0	0	0	0	0	0	0	0	0	0	0	0	0	0	g__Bacillus_paralicheniformis_CEW	s__1W_GCA_030123025.1	Bacillus_paralicheniformis_CEW 1W_GCA_030123025.1
OTU_781	0	0	0	0	0	0	0	0	0	0	0	1	0	0	0	0	0	0	0	0	0	0	0	0	0	0	0	0	0	0	0	0	0	0	0	0	0	0	0	0	0	0	g__Bacillus_paralicheniformis_CEW	s__1W_GCA_030123025.1	Bacillus_paralicheniformis_CEW 1W_GCA_030123025.1
OTU_782	0	0	0	0	0	0	0	0	0	0	0	0	0	0	0	0	0	0	1	0	0	0	0	0	0	0	0	0	0	0	0	0	0	0	0	0	0	0	0	0	0	0	g__Bacillus_safensis_CEW-AP100_GCA_030122965.1	s__	Bacillus_safensis_CEW-AP100_GCA_030122965.1
OTU_783	0	0	0	0	0	0	0	0	0	0	0	0	0	0	0	0	0	0	0	1	0	0	0	0	0	0	0	0	0	0	0	0	0	0	0	0	0	0	0	0	0	0	g__Paenibacillus_sp.	s__11B_GCF-030487755.1	Paenibacillus_sp. 11B_GCF-030487755.1
OTU_785	0	1	0	0	0	0	0	0	0	0	0	0	0	0	0	1	0	0	0	0	0	0	0	0	0	0	0	0	0	0	0	0	0	0	0	0	0	0	0	0	0	0	g__Paenibacillus_sp.	s__11B_GCF-030487755.1	Paenibacillus_sp. 11B_GCF-030487755.1
OTU_786	0	0	0	0	0	0	0	0	0	0	0	0	0	0	0	0	0	0	0	0	0	0	0	0	0	1	0	0	0	0	0	0	0	0	0	0	0	0	0	0	0	0	g__Bacillus_altitudinis_G6S2_GCA_030123125.1	s__	Bacillus_altitudinis_G6S2_GCA_030123125.1
OTU_787	0	0	0	0	0	0	0	0	0	0	0	0	0	0	0	0	0	0	0	0	0	0	0	0	0	0	0	0	0	1	0	0	0	0	0	0	0	0	0	0	0	0	g__Paenibacillus_sp.	s__11B_GCF-030487755.1	Paenibacillus_sp. 11B_GCF-030487755.1
OTU_788	0	0	0	0	0	0	0	0	0	0	0	0	0	0	0	0	0	0	0	0	0	0	0	0	0	0	0	0	0	0	0	0	1	0	0	1	0	0	0	0	0	0	g__Neobacillus_novalis_XLM17_GCA_030123445.1	s__	Neobacillus_novalis_XLM17_GCA_030123445.1
OTU_789	0	0	0	0	0	0	0	0	0	0	0	0	0	1	0	1	0	0	1	1	0	0	0	0	0	0	0	0	0	0	0	0	0	0	1	0	0	1	0	1	0	0	g__Bacillus_cereus_YX23_GCA_030348245.1	s__	Bacillus_cereus_YX23_GCA_030348245.1
OTU_790	1	0	0	0	0	0	0	0	0	0	0	0	0	0	0	0	0	0	0	0	0	0	0	0	0	0	0	0	0	0	0	0	0	0	0	0	0	0	0	0	0	0	g__Paenibacillus_sp.	s__11B_GCF-030487755.1	Paenibacillus_sp. 11B_GCF-030487755.1
OTU_791	0	0	0	0	0	0	0	0	0	0	0	0	0	1	0	0	0	0	0	0	0	0	0	0	0	0	0	0	0	0	0	0	0	0	0	0	0	0	1	0	0	0	g__Bacillus_toyonensis_G7S3_GCA_031324285.1	s__	Bacillus_toyonensis_G7S3_GCA_031324285.1
OTU_792	0	0	0	0	0	0	0	0	0	0	0	0	0	1	0	0	0	0	0	0	0	0	0	0	0	0	0	0	0	0	0	0	0	0	0	0	0	0	0	0	0	0	g__Paenibacillus_sp.	s__11B_GCF-030487755.1	Paenibacillus_sp. 11B_GCF-030487755.1
OTU_793	0	0	0	0	0	0	0	0	0	0	0	0	0	0	0	0	0	0	0	0	0	0	1	0	0	0	0	0	0	0	0	0	0	0	0	0	0	0	0	0	0	0	g__Paenibacillus_sp.	s__11B_GCF-030487755.1	Paenibacillus_sp. 11B_GCF-030487755.1
OTU_794	0	0	0	0	0	1	0	0	0	0	0	0	0	0	0	0	0	0	0	0	0	0	0	0	0	0	0	0	0	0	0	0	0	0	0	0	0	0	0	0	0	0	g__Paenibacillus_sp.	s__11B_GCF-030487755.1	Paenibacillus_sp. 11B_GCF-030487755.1
OTU_795	0	0	0	0	0	0	0	1	0	0	0	0	0	0	0	0	0	0	0	0	0	0	0	0	0	0	0	0	0	0	0	0	0	0	0	0	0	0	0	0	0	0	g__Paenibacillus_sp.	s__11B_GCF-030487755.1	Paenibacillus_sp. 11B_GCF-030487755.1
OTU_796	0	0	0	0	0	0	0	0	0	0	0	0	0	0	0	1	0	0	0	0	0	0	0	0	0	0	0	0	0	0	0	0	0	0	0	0	0	0	0	0	0	0	g__Paenibacillus_sp.	s__11B_GCF-030487755.1	Paenibacillus_sp. 11B_GCF-030487755.1
OTU_797	0	0	0	0	0	0	0	0	0	0	0	0	1	0	0	0	0	0	0	0	0	0	0	0	0	0	0	0	0	0	0	0	0	0	0	0	0	0	0	0	0	0	g__Bacillus_paralicheniformis_CEW	s__1W_GCA_030123025.1	Bacillus_paralicheniformis_CEW 1W_GCA_030123025.1
OTU_798	0	0	0	2	0	0	0	0	0	0	0	0	0	1	1	0	0	1	0	0	0	0	0	0	0	0	0	0	0	0	0	0	0	0	0	0	0	0	0	0	0	0	g__Paenibacillus_sp.	s__11B_GCF-030487755.1	Paenibacillus_sp. 11B_GCF-030487755.1
OTU_800	0	0	1	0	0	0	0	0	0	0	0	0	0	0	0	0	0	0	0	0	0	0	0	0	0	0	0	0	0	0	0	0	0	0	0	0	0	0	0	0	0	0	g__Bacillus_pumilus_GT4_IS1_GCA_030348915.1	s__	Bacillus_pumilus_GT4_IS1_GCA_030348915.1
OTU_801	0	0	0	1	0	0	0	0	0	0	0	0	0	0	0	0	0	0	0	0	0	0	0	0	0	0	0	0	0	0	0	0	0	0	0	0	0	0	0	0	0	0	g__Neobacillus_sp._SuZ13_GCA_030123365.1	s__	Neobacillus_sp._SuZ13_GCA_030123365.1
OTU_802	0	0	0	0	0	0	0	0	0	0	0	0	0	0	0	1	0	0	0	0	0	0	0	0	0	0	0	0	0	0	0	0	0	0	0	0	0	0	0	0	0	0	g__Bacillus_paralicheniformis_CEW	s__1W_GCA_030123025.1	Bacillus_paralicheniformis_CEW 1W_GCA_030123025.1
OTU_803	0	0	0	0	0	0	0	0	0	0	0	0	0	0	0	0	0	1	0	0	0	0	0	0	0	0	0	0	0	0	0	0	0	0	0	0	0	0	0	0	0	0	g__Bacillus_paralicheniformis_CEW	s__1W_GCA_030123025.1	Bacillus_paralicheniformis_CEW 1W_GCA_030123025.1
OTU_805	0	0	0	0	0	0	0	0	0	0	0	0	0	0	0	0	0	0	0	0	0	0	0	0	0	0	0	0	0	0	0	0	0	1	0	0	0	0	0	0	0	0	g__Paenibacillus_sp.	s__11B_GCF-030487755.1	Paenibacillus_sp. 11B_GCF-030487755.1
OTU_806	0	1	0	0	0	0	0	0	0	0	0	0	0	0	0	0	0	0	0	0	0	0	0	0	0	0	0	0	0	0	0	0	0	0	0	0	0	0	0	0	0	0	g__Paenibacillus_sp.	s__11B_GCF-030487755.1	Paenibacillus_sp. 11B_GCF-030487755.1
OTU_807	0	0	0	0	0	0	1	0	0	0	0	0	0	0	0	0	0	0	0	0	0	0	0	0	0	0	0	0	0	0	0	0	0	0	0	0	0	0	0	0	0	0	g__Neobacillus_sp._YX16_GCA_030123505.1	s__	Neobacillus_sp._YX16_GCA_030123505.1
OTU_808	0	0	0	0	0	0	0	0	0	0	0	0	0	0	0	0	0	0	0	0	0	0	0	0	1	0	0	0	0	0	0	0	0	0	0	0	0	0	0	0	0	0	g__Paenibacillus_sp.	s__11B_GCF-030487755.1	Paenibacillus_sp. 11B_GCF-030487755.1
OTU_809	0	0	0	0	0	0	0	0	0	0	0	0	0	0	0	0	0	0	0	0	0	0	0	0	0	0	0	0	0	0	0	0	0	0	1	0	0	0	0	0	0	0	g__Bacillus_paralicheniformis_CEW	s__1W_GCA_030123025.1	Bacillus_paralicheniformis_CEW 1W_GCA_030123025.1
OTU_810	0	0	0	0	0	0	0	0	0	0	0	0	0	1	0	0	0	0	0	0	0	0	0	0	0	0	0	0	0	0	0	0	0	0	0	0	0	0	0	0	0	0	g__Paenibacillus_sp.	s__11B_GCF-030487755.1	Paenibacillus_sp. 11B_GCF-030487755.1
OTU_811	0	0	0	0	0	0	0	0	0	0	0	0	1	0	0	0	0	0	0	0	0	0	0	0	0	0	0	0	0	0	0	0	0	0	0	0	0	0	0	0	0	0	g__Paenibacillus_sp.	s__11B_GCF-030487755.1	Paenibacillus_sp. 11B_GCF-030487755.1
OTU_812	0	0	0	0	0	0	0	0	0	0	0	0	0	0	0	0	0	0	0	0	0	0	0	0	0	0	0	0	0	0	0	0	0	0	0	0	0	1	0	0	0	0	g__Rossellomorea_marisflavi_LC18_GCA_031324195.1	s__	Rossellomorea_marisflavi_LC18_GCA_031324195.1
OTU_813	0	0	0	0	0	0	0	0	0	0	0	0	0	1	0	0	0	0	0	0	0	0	0	0	0	0	0	0	0	0	0	0	0	0	0	0	0	0	0	0	0	0	g__Bacillus_sonorensis_YX13_GCA_031324045.1	s__	Bacillus_sonorensis_YX13_GCA_031324045.1
OTU_814	0	0	0	0	0	0	0	0	0	0	0	0	0	0	0	0	0	0	0	0	0	0	0	0	0	0	0	0	1	0	0	0	0	0	0	0	0	0	0	0	0	0	g__Bacillus_halotolerans_KF17_GCA_030292055.1	s__	Bacillus_halotolerans_KF17_GCA_030292055.1
OTU_815	0	0	0	0	0	0	0	0	0	0	0	0	0	0	0	0	0	0	0	0	0	0	0	0	0	0	0	0	0	0	0	0	0	0	0	0	0	0	0	1	0	0	g__Bacillus_paralicheniformis_CEW	s__1W_GCA_030123025.1	Bacillus_paralicheniformis_CEW 1W_GCA_030123025.1
OTU_816	0	0	0	0	0	0	0	0	0	0	0	0	0	0	0	0	0	0	0	0	0	0	0	0	0	0	0	0	0	0	0	0	0	0	0	0	0	0	0	1	0	0	g__Paenibacillus_sp.	s__11B_GCF-030487755.1	Paenibacillus_sp. 11B_GCF-030487755.1
OTU_817	0	0	0	0	0	0	0	0	0	0	0	0	0	0	0	0	0	0	0	0	0	0	0	0	0	0	0	0	0	0	0	0	0	0	0	0	0	0	0	1	0	0	g__Bacillus_subtilis_G2S2_GCA_030123085.1	s__	Bacillus_subtilis_G2S2_GCA_030123085.1
OTU_818	0	0	0	0	1	0	0	0	0	0	0	0	0	0	0	0	0	0	0	0	0	0	0	0	0	0	0	0	0	0	0	0	0	0	0	0	0	0	0	0	0	0	g__Bacillus_paralicheniformis_CEW	s__1W_GCA_030123025.1	Bacillus_paralicheniformis_CEW 1W_GCA_030123025.1
OTU_819	0	0	0	0	0	0	0	0	0	0	0	0	0	0	0	0	0	0	0	1	0	0	0	0	0	0	0	0	0	0	0	0	0	0	0	0	0	0	0	0	0	0	g__Bacillus_paralicheniformis_CEW	s__1W_GCA_030123025.1	Bacillus_paralicheniformis_CEW 1W_GCA_030123025.1
OTU_820	0	0	0	0	0	0	0	0	0	0	0	0	0	0	0	0	0	0	0	0	0	0	0	0	0	1	0	0	0	0	0	0	0	0	0	0	0	0	0	0	0	0	g__Bacillus_paralicheniformis_CEW	s__1W_GCA_030123025.1	Bacillus_paralicheniformis_CEW 1W_GCA_030123025.1
OTU_821	1	0	0	0	0	0	0	0	0	0	0	0	0	0	0	0	0	0	0	0	0	0	0	0	0	0	0	0	0	0	0	0	0	0	0	0	0	0	0	0	0	0	g__Paenibacillus_sp.	s__11B_GCF-030487755.1	Paenibacillus_sp. 11B_GCF-030487755.1
OTU_822	0	0	0	0	0	0	0	0	0	0	0	0	0	0	0	0	1	0	0	0	0	0	0	0	0	0	0	0	0	0	0	0	0	0	0	0	0	0	0	0	0	0	g__Bacillus_velezensis_MB7_B11_GCA_030123285.1	s__	Bacillus_velezensis_MB7_B11_GCA_030123285.1
OTU_823	0	0	0	0	0	0	0	0	0	1	0	0	0	0	0	0	0	0	0	0	0	0	0	0	0	0	0	0	0	0	0	0	0	0	0	0	0	0	0	0	0	0	g__Bacillus_paralicheniformis_CEW	s__1W_GCA_030123025.1	Bacillus_paralicheniformis_CEW 1W_GCA_030123025.1
OTU_824	0	0	0	0	0	0	0	0	0	0	0	0	0	0	0	0	0	0	0	0	1	0	0	0	0	0	0	0	0	0	0	0	0	0	0	0	0	0	0	0	0	0	g__Bacillus_paralicheniformis_CEW	s__1W_GCA_030123025.1	Bacillus_paralicheniformis_CEW 1W_GCA_030123025.1
OTU_825	0	0	0	0	0	0	0	0	0	0	0	0	0	0	0	0	0	0	0	0	0	0	0	0	0	0	0	0	0	0	0	0	0	0	0	1	0	0	0	0	0	0	g__Paenibacillus_sp.	s__11B_GCF-030487755.1	Paenibacillus_sp. 11B_GCF-030487755.1
OTU_827	0	0	0	0	0	0	0	0	0	0	0	0	0	0	0	0	0	0	0	0	0	0	0	0	0	0	0	0	0	0	0	0	0	0	0	0	0	0	0	0	1	0	g__Bacillus_arachidis_YX15_GCA_030285945.1	s__	Bacillus_arachidis_YX15_GCA_030285945.1
OTU_828	0	0	0	0	0	0	0	0	0	0	0	0	0	0	0	0	0	0	1	0	0	0	0	0	0	0	0	0	0	0	0	0	0	0	0	0	0	0	0	0	0	0	g__Lysinibacillus_sphaericus_ACCC03577_GCA_030348985.1	s__	Lysinibacillus_sphaericus_ACCC03577_GCA_030348985.1
OTU_829	1	0	0	0	0	0	0	0	0	0	0	0	0	0	0	0	0	0	0	0	0	0	0	0	0	0	0	0	0	0	0	0	0	0	0	0	0	0	0	0	0	0	g__Bacillus_sonorensis_YX13_GCA_031324045.1	s__	Bacillus_sonorensis_YX13_GCA_031324045.1
OTU_830	0	0	0	0	0	0	0	0	0	0	0	0	0	0	0	0	0	0	0	0	0	0	1	0	0	0	0	0	0	0	0	0	0	0	0	0	0	0	0	0	0	0	g__Bacillus_licheniformis_D9_B_45_GCA_030348625.1	s__	Bacillus_licheniformis_D9_B_45_GCA_030348625.1
OTU_831	1	0	0	0	0	0	0	0	0	0	0	0	0	0	0	0	0	0	0	0	0	0	0	0	0	0	0	0	0	0	0	0	0	0	0	0	0	0	0	0	0	0	g__Bacillus_safensis_CEW-AP100_GCA_030122965.1	s__	Bacillus_safensis_CEW-AP100_GCA_030122965.1
OTU_832	0	1	0	0	0	0	0	0	0	0	0	0	0	0	0	0	0	0	0	0	0	0	0	0	0	0	0	0	0	0	0	0	0	0	0	0	0	0	0	0	0	0	g__Lysinibacillus_pakistanensis_LY92_GCA_030123265.1	s__	Lysinibacillus_pakistanensis_LY92_GCA_030123265.1
OTU_833	0	0	0	0	0	0	0	0	0	0	0	0	0	0	0	0	0	1	0	0	0	0	0	0	0	0	0	0	0	0	0	0	0	0	0	0	0	0	0	0	0	0	g__Bacillus_altitudinis_G6S2_GCA_030123125.1	s__	Bacillus_altitudinis_G6S2_GCA_030123125.1
OTU_834	0	0	0	0	0	0	0	0	1	0	0	0	0	0	0	0	0	0	0	0	0	0	0	0	0	0	0	0	0	0	0	0	0	0	0	0	0	0	0	0	0	0	g__Neobacillus_sp._SuZ13_GCA_030123365.1	s__	Neobacillus_sp._SuZ13_GCA_030123365.1
OTU_835	0	0	0	0	0	0	0	0	0	0	0	0	0	1	0	0	0	0	0	0	0	0	0	0	0	0	0	0	0	0	0	0	0	0	0	0	0	0	0	0	0	0	g__Bacillus_halotolerans_KF17_GCA_030292055.1	s__	Bacillus_halotolerans_KF17_GCA_030292055.1
OTU_836	0	0	0	0	0	0	0	0	0	0	0	0	0	0	0	0	0	0	0	0	0	0	0	0	0	0	0	0	0	0	1	0	0	0	0	0	0	0	0	0	0	0	g__Bacillus_halotolerans_KF17_GCA_030292055.1	s__	Bacillus_halotolerans_KF17_GCA_030292055.1
OTU_837	0	0	0	0	0	1	0	0	0	0	0	0	0	0	0	0	0	0	0	0	0	0	0	0	0	0	0	0	0	0	0	0	0	0	0	0	0	0	0	0	0	0	g__Bacillus_sonorensis_YX13_GCA_031324045.1	s__	Bacillus_sonorensis_YX13_GCA_031324045.1
OTU_838	0	0	0	0	0	0	0	0	0	0	0	1	0	0	0	0	0	0	0	0	0	0	0	0	0	0	0	0	0	0	0	0	0	0	0	0	0	0	0	0	0	0	g__Paenibacillus_sp.	s__11B_GCF-030487755.1	Paenibacillus_sp. 11B_GCF-030487755.1
OTU_839	0	0	0	0	0	0	0	0	0	0	0	0	0	0	0	0	0	0	0	1	0	0	0	0	0	0	0	0	0	0	0	0	0	0	0	0	0	0	0	0	0	0	g__Bacillus_paralicheniformis_CEW	s__1W_GCA_030123025.1	Bacillus_paralicheniformis_CEW 1W_GCA_030123025.1
OTU_840	0	0	0	0	0	0	0	0	0	0	0	0	0	0	0	0	0	0	0	0	0	0	0	0	0	0	0	0	0	0	0	0	0	0	0	0	0	1	0	0	0	0	g__Neobacillus_sp._SuZ13_GCA_030123365.1	s__	Neobacillus_sp._SuZ13_GCA_030123365.1
OTU_841	0	0	0	0	0	0	0	0	0	0	0	0	0	0	0	0	0	0	1	0	0	0	0	0	0	0	0	0	0	0	0	0	0	0	0	0	0	0	0	0	0	0	g__Bacillus_pumilus_GT4_IS1_GCA_030348915.1	s__	Bacillus_pumilus_GT4_IS1_GCA_030348915.1
OTU_842	0	1	0	0	0	0	0	0	0	0	0	0	0	0	0	0	0	0	0	0	0	0	0	0	0	0	0	0	0	0	0	0	0	0	0	0	0	0	0	0	0	0	g__Paenibacillus_sp.	s__11B_GCF-030487755.1	Paenibacillus_sp. 11B_GCF-030487755.1
OTU_843	0	0	0	0	0	0	0	0	0	0	0	0	0	0	1	0	0	0	0	0	0	0	0	0	0	0	0	0	0	0	0	0	0	0	0	0	0	0	0	0	0	0	g__Paenibacillus_sp.	s__11B_GCF-030487755.1	Paenibacillus_sp. 11B_GCF-030487755.1
OTU_844	0	0	0	0	0	0	0	0	0	0	0	0	0	0	0	0	0	0	0	0	0	0	0	0	0	0	0	0	0	0	0	0	0	0	0	0	0	0	1	0	0	0	g__Bacillus_safensis_CEW-AP100_GCA_030122965.1	s__	Bacillus_safensis_CEW-AP100_GCA_030122965.1
OTU_845	0	0	0	0	0	0	0	0	0	0	0	0	0	0	1	0	0	0	0	0	0	0	0	0	0	0	0	0	0	0	0	0	0	0	0	0	0	0	0	0	0	0	g__Bacillus_anthracis_Mn106-1	s__head2	Bacillus_anthracis_Mn106-1 head2 chi_GCA_030166975.1
OTU_846	0	0	0	0	0	0	0	0	0	0	0	0	0	1	0	0	0	0	0	0	0	0	0	0	0	0	0	0	0	0	0	0	0	0	0	0	0	0	0	0	0	0	g__Bacillus_sonorensis_YX13_GCA_031324045.1	s__	Bacillus_sonorensis_YX13_GCA_031324045.1
OTU_848	0	0	0	0	0	0	1	0	0	0	0	0	0	0	1	0	0	0	0	0	0	0	0	0	0	0	0	0	0	0	0	0	0	0	0	0	0	0	0	0	0	0	g__Paenibacillus_sp.	s__11B_GCF-030487755.1	Paenibacillus_sp. 11B_GCF-030487755.1
OTU_849	1	0	0	0	0	0	0	0	0	0	0	0	0	0	0	0	0	0	0	0	0	0	0	0	0	0	0	0	0	0	0	0	0	0	0	0	0	0	0	0	0	0	g__Bacillus_paralicheniformis_CEW	s__1W_GCA_030123025.1	Bacillus_paralicheniformis_CEW 1W_GCA_030123025.1
OTU_850	0	1	0	0	0	0	0	0	0	0	0	0	0	0	0	0	0	0	0	0	0	0	0	0	0	0	0	0	0	0	0	0	0	0	0	0	0	0	0	0	0	0	g__Bacillus_paralicheniformis_CEW	s__1W_GCA_030123025.1	Bacillus_paralicheniformis_CEW 1W_GCA_030123025.1
OTU_851	0	0	0	0	0	0	0	0	0	0	0	0	0	0	0	0	0	0	0	0	0	0	0	0	0	0	0	0	0	0	0	0	1	0	0	0	0	0	0	0	0	0	g__Bacillus_altitudinis_G6S2_GCA_030123125.1	s__	Bacillus_altitudinis_G6S2_GCA_030123125.1
OTU_852	0	0	0	0	0	0	0	0	0	0	0	0	0	0	0	0	0	0	0	0	0	0	0	0	0	0	0	0	0	0	0	0	0	0	0	1	0	0	0	0	0	0	g__Brevibacillus_parabrevis_GCA_031324325.1	s__	Brevibacillus_parabrevis_GCA_031324325.1
OTU_853	0	0	0	1	0	0	0	0	0	0	0	0	0	0	0	0	0	0	0	0	0	0	0	0	0	0	0	0	0	0	0	0	0	0	0	0	0	0	0	0	0	0	g__Bacillus_paralicheniformis_CEW	s__1W_GCA_030123025.1	Bacillus_paralicheniformis_CEW 1W_GCA_030123025.1
OTU_854	0	0	0	1	0	0	0	0	0	0	0	0	0	0	0	0	0	0	0	0	0	0	0	0	0	0	0	0	0	0	0	0	0	0	0	0	0	0	0	0	0	0	g__Paenibacillus_sp.	s__11B_GCF-030487755.1	Paenibacillus_sp. 11B_GCF-030487755.1
OTU_855	0	0	0	0	1	0	0	0	0	0	0	0	0	0	0	0	0	0	0	0	0	0	0	0	0	0	0	0	0	0	0	0	0	0	0	0	0	0	0	0	0	0	g__Paenibacillus_sp.	s__11B_GCF-030487755.1	Paenibacillus_sp. 11B_GCF-030487755.1
OTU_856	0	0	0	0	0	0	0	0	0	0	0	0	0	0	0	0	0	0	0	0	0	0	0	0	0	0	1	0	0	0	0	0	0	0	0	1	0	0	0	0	0	0	g__Paenibacillus_silvae_LY60_GCF_030348445.1	s__	Paenibacillus_silvae_LY60_GCF_030348445.1
OTU_857	0	0	0	0	0	0	0	0	0	0	0	0	0	0	0	0	0	0	0	0	0	0	0	0	0	0	0	0	0	0	0	0	0	0	0	0	0	0	0	0	0	1	g__Paenibacillus_sp.	s__11B_GCF-030487755.1	Paenibacillus_sp. 11B_GCF-030487755.1
OTU_858	0	0	0	0	0	0	0	0	0	0	0	0	0	0	1	0	0	0	0	0	0	0	0	0	0	0	0	0	0	0	0	0	0	0	0	0	0	0	0	0	0	0	g__Neobacillus_sp._SuZ13_GCA_030123365.1	s__	Neobacillus_sp._SuZ13_GCA_030123365.1
OTU_859	0	0	0	0	0	0	0	0	0	0	0	0	0	0	0	0	0	0	0	1	0	0	0	0	0	0	0	0	0	0	0	0	0	0	0	0	0	0	0	0	0	0	g__Paenibacillus_sp.	s__11B_GCF-030487755.1	Paenibacillus_sp. 11B_GCF-030487755.1
OTU_860	0	0	0	0	0	0	0	0	0	0	0	0	0	0	0	0	0	0	0	0	0	0	0	0	0	0	0	0	0	0	0	0	0	0	0	0	1	0	0	0	0	0	g__Bacillus_pumilus_B2_10_GCA_030122825.1	s__	Bacillus_pumilus_B2_10_GCA_030122825.1
OTU_861	0	0	0	0	0	1	0	0	0	0	0	0	0	0	0	0	0	0	0	0	0	0	0	0	0	0	0	0	0	0	0	0	0	0	0	0	0	0	0	0	0	0	g__Bacillus_mycoides_SIN2.2_GCA_030292205.1	s__	Bacillus_mycoides_SIN2.2_GCA_030292205.1
OTU_862	0	0	0	0	0	0	0	0	0	0	0	0	0	0	0	0	0	0	0	0	0	0	0	0	0	0	0	0	0	0	0	0	0	0	0	1	0	0	0	0	0	0	g__Bacillus_paralicheniformis_CEW	s__1W_GCA_030123025.1	Bacillus_paralicheniformis_CEW 1W_GCA_030123025.1
OTU_863	0	0	0	0	0	0	0	0	0	0	0	0	0	0	0	0	0	0	0	0	0	0	0	0	0	0	0	0	0	0	0	0	0	0	0	1	0	0	0	0	0	0	g__Brevibacillus_parabrevis_GCA_031324325.1	s__	Brevibacillus_parabrevis_GCA_031324325.1
OTU_864	0	0	0	0	0	0	0	0	0	0	0	0	0	0	0	0	0	0	0	0	1	0	0	0	0	0	0	0	0	0	0	0	0	0	0	0	0	0	0	0	0	0	g__Paenibacillus_sp.	s__11B_GCF-030487755.1	Paenibacillus_sp. 11B_GCF-030487755.1
OTU_865	1	0	0	0	0	0	0	0	0	0	0	0	0	0	0	0	0	0	0	0	0	0	0	0	0	0	0	0	0	0	0	0	0	0	0	0	0	0	0	0	0	0	g__Paenibacillus_sp.	s__11B_GCF-030487755.1	Paenibacillus_sp. 11B_GCF-030487755.1
OTU_866	0	0	0	0	0	1	0	0	0	0	0	0	0	0	0	0	0	0	0	0	0	0	0	0	0	0	0	0	0	0	0	0	0	0	0	0	0	0	0	0	0	0	g__Bacillus_sp._DX1.1_GCA_030348225.1	s__	Bacillus_sp._DX1.1_GCA_030348225.1
OTU_867	0	0	0	0	0	0	0	0	0	0	0	0	0	1	0	0	0	0	0	0	0	0	0	0	0	0	0	0	0	0	0	0	0	0	0	0	0	0	0	0	0	0	g__Bacillus_pseudomycoides_SIN1.1_GCA_031324125.1	s__	Bacillus_pseudomycoides_SIN1.1_GCA_031324125.1
OTU_868	0	0	0	0	0	0	0	0	0	0	0	0	0	0	0	0	0	0	0	0	0	0	0	0	0	0	0	0	0	0	0	0	0	0	0	1	0	0	0	0	0	0	g__Paenibacillus_sp.	s__11B_GCF-030487755.1	Paenibacillus_sp. 11B_GCF-030487755.1
OTU_869	0	0	0	0	0	0	0	0	0	0	0	1	0	0	0	0	0	0	0	0	0	0	0	0	0	0	0	0	0	0	0	0	0	0	0	0	0	0	0	0	0	0	g__Paenibacillus_sp.	s__11B_GCF-030487755.1	Paenibacillus_sp. 11B_GCF-030487755.1
OTU_870	0	0	0	0	0	0	0	0	0	0	0	0	0	0	0	0	0	0	0	1	0	0	0	0	0	0	0	0	0	0	0	0	0	0	0	0	0	0	0	0	0	0	g__Bacillus_cereus_YX23_GCA_030348245.1	s__	Bacillus_cereus_YX23_GCA_030348245.1
OTU_871	0	0	0	0	0	0	0	0	0	0	0	0	0	0	0	0	0	0	0	0	0	0	0	0	0	0	0	0	0	0	0	0	0	0	0	0	0	0	0	1	0	0	g__Bacillus_altitudinis_G6S2_GCA_030123125.1	s__	Bacillus_altitudinis_G6S2_GCA_030123125.1
OTU_872	0	0	0	0	0	0	0	0	0	0	0	0	0	0	0	0	0	0	0	0	0	0	0	0	0	1	0	0	0	0	0	0	0	0	0	0	0	0	0	0	0	0	g__Paenibacillus_sp.	s__11B_GCF-030487755.1	Paenibacillus_sp. 11B_GCF-030487755.1
OTU_874	0	0	0	0	0	0	0	0	0	0	0	1	0	0	0	0	0	0	0	0	0	0	0	0	0	0	0	0	0	0	0	0	0	0	0	0	0	0	0	0	0	0	g__Paenibacillus_sp.	s__11B_GCF-030487755.1	Paenibacillus_sp. 11B_GCF-030487755.1
OTU_875	0	0	0	0	0	0	0	0	0	0	0	0	0	0	0	0	0	0	0	0	0	0	0	0	0	0	0	0	0	1	0	0	0	0	0	0	0	0	0	0	0	0	g__Bacillus_subtilis_G2S2_GCA_030123085.1	s__	Bacillus_subtilis_G2S2_GCA_030123085.1
OTU_876	1	0	0	0	0	0	0	0	0	0	0	0	0	0	0	0	0	0	0	0	0	0	0	0	0	0	0	0	0	0	0	0	0	0	0	0	0	0	0	0	0	0	g__Paenibacillus_sp.	s__11B_GCF-030487755.1	Paenibacillus_sp. 11B_GCF-030487755.1
OTU_877	0	0	0	0	0	0	0	0	0	0	1	0	0	0	0	0	0	0	0	0	0	0	0	0	0	0	0	0	0	0	0	0	0	0	0	0	0	0	0	0	0	0	g__Paenibacillus_sp.	s__11B_GCF-030487755.1	Paenibacillus_sp. 11B_GCF-030487755.1
OTU_878	0	0	0	0	0	0	0	0	0	0	0	0	0	0	1	0	0	0	0	0	0	0	0	0	0	0	0	0	0	0	0	0	0	0	0	0	0	0	0	0	0	0	g__Bacillus_sonorensis_YX13_GCA_031324045.1	s__	Bacillus_sonorensis_YX13_GCA_031324045.1
OTU_879	0	0	0	0	0	0	0	0	0	0	0	0	0	0	0	1	0	0	0	0	0	0	0	0	0	0	0	0	0	0	0	0	0	0	0	0	0	0	0	0	0	0	g__Bacillus_arachidis_YX15_GCA_030285945.1	s__	Bacillus_arachidis_YX15_GCA_030285945.1
OTU_880	0	0	0	0	0	0	0	0	0	0	0	0	0	0	0	0	0	1	0	0	0	0	0	0	0	0	0	0	0	0	0	0	0	0	0	0	0	0	0	0	0	0	g__Paenibacillus_sp.	s__11B_GCF-030487755.1	Paenibacillus_sp. 11B_GCF-030487755.1
OTU_881	0	0	0	0	0	0	0	0	0	0	0	0	0	0	0	0	0	0	0	0	0	0	0	0	0	0	0	0	0	0	0	0	0	0	0	0	0	0	0	0	0	1	g__Bacillus_licheniformis_D9_B_45_GCA_030348625.1	s__	Bacillus_licheniformis_D9_B_45_GCA_030348625.1
OTU_882	0	0	0	0	0	0	0	0	0	0	0	0	0	0	0	0	0	0	0	0	0	0	0	0	0	0	0	0	0	0	0	0	1	0	0	0	0	0	0	0	0	0	g__Bacillus_sonorensis_YX13_GCA_031324045.1	s__	Bacillus_sonorensis_YX13_GCA_031324045.1
OTU_883	0	0	0	0	0	0	0	0	0	0	0	0	0	0	0	0	0	0	0	0	0	0	0	0	0	0	0	0	0	0	0	0	0	0	0	0	0	0	0	0	0	1	g__Bacillus_sonorensis_YX13_GCA_031324045.1	s__	Bacillus_sonorensis_YX13_GCA_031324045.1
OTU_884	0	0	0	0	0	0	0	0	0	0	0	0	0	0	1	0	0	0	0	0	0	0	0	0	0	0	0	0	0	0	0	0	0	0	0	0	0	0	0	0	0	0	g__Paenibacillus_sp.	s__11B_GCF-030487755.1	Paenibacillus_sp. 11B_GCF-030487755.1
OTU_885	0	0	0	0	0	0	0	0	0	0	0	0	0	0	1	0	0	0	0	0	0	0	0	0	0	0	0	0	0	0	0	0	0	0	0	0	0	0	0	0	0	0	g__Bacillus_paralicheniformis_CEW	s__1W_GCA_030123025.1	Bacillus_paralicheniformis_CEW 1W_GCA_030123025.1
OTU_886	0	0	0	1	0	0	0	0	0	0	0	0	0	0	0	0	0	0	0	0	0	0	0	0	0	0	0	0	0	0	0	0	0	0	0	0	0	0	0	0	0	0	g__Paenibacillus_sp.	s__11B_GCF-030487755.1	Paenibacillus_sp. 11B_GCF-030487755.1
OTU_887	0	0	0	0	1	0	0	0	0	0	0	0	0	0	0	0	0	0	0	0	0	0	0	0	0	0	0	0	0	0	0	0	0	0	0	0	0	0	0	0	0	0	g__Paenibacillus_sp.	s__11B_GCF-030487755.1	Paenibacillus_sp. 11B_GCF-030487755.1
OTU_889	0	0	0	0	1	0	0	0	0	0	0	0	0	0	0	0	0	0	0	0	0	0	0	0	0	0	0	0	0	0	0	0	0	0	0	0	0	0	0	0	0	0	g__Paenibacillus_sp.	s__11B_GCF-030487755.1	Paenibacillus_sp. 11B_GCF-030487755.1
OTU_890	0	0	0	0	0	0	1	0	0	0	0	0	0	0	0	0	0	0	0	0	0	0	0	0	0	0	0	0	0	0	0	0	0	0	0	0	0	0	0	0	0	0	g__Paenibacillus_sp.	s__11B_GCF-030487755.1	Paenibacillus_sp. 11B_GCF-030487755.1
OTU_891	0	0	0	0	0	0	0	0	0	0	0	0	0	0	0	0	0	0	0	1	0	0	0	0	0	0	0	0	0	0	0	0	0	0	0	0	0	0	0	0	0	0	g__Paenibacillus_sp.	s__11B_GCF-030487755.1	Paenibacillus_sp. 11B_GCF-030487755.1
OTU_892	0	0	0	0	0	0	0	0	0	0	0	0	0	1	0	0	0	0	0	0	0	0	0	0	0	0	0	0	0	0	0	0	0	0	0	0	0	0	0	0	0	0	g__Paenibacillus_sp.	s__11B_GCF-030487755.1	Paenibacillus_sp. 11B_GCF-030487755.1
OTU_893	0	0	0	0	0	0	0	0	0	0	0	0	0	0	0	0	0	0	1	0	0	0	0	0	0	0	0	0	0	0	0	0	0	0	0	0	0	0	0	0	0	0	g__Paenibacillus_sp.	s__11B_GCF-030487755.1	Paenibacillus_sp. 11B_GCF-030487755.1
OTU_894	0	0	0	0	0	0	0	0	0	0	0	0	0	0	0	0	0	0	0	0	0	0	0	0	0	0	0	0	0	0	1	0	0	0	0	0	0	0	0	0	0	0	g__Lysinibacillus_pakistanensis_LY92_GCA_030123265.1	s__	Lysinibacillus_pakistanensis_LY92_GCA_030123265.1
OTU_895	0	0	0	1	0	0	0	0	0	0	0	0	0	0	0	0	0	0	0	0	0	0	0	0	0	0	0	0	0	0	0	0	0	0	0	0	0	0	0	0	0	0	g__Paenibacillus_sp.	s__11B_GCF-030487755.1	Paenibacillus_sp. 11B_GCF-030487755.1
OTU_896	0	0	0	0	0	0	0	0	0	0	0	0	0	0	0	0	0	1	0	0	0	0	0	0	0	0	0	0	0	0	0	0	0	0	0	0	0	0	0	0	0	0	g__Paenibacillus_sp.	s__11B_GCF-030487755.1	Paenibacillus_sp. 11B_GCF-030487755.1
OTU_897	1	0	0	0	0	0	0	0	0	0	0	0	0	0	0	0	0	0	0	0	0	0	0	0	0	0	0	0	0	0	0	0	0	0	0	0	0	0	0	0	0	0	g__Paenibacillus_sp.	s__11B_GCF-030487755.1	Paenibacillus_sp. 11B_GCF-030487755.1
OTU_898	1	0	0	0	0	0	0	0	0	0	0	0	0	0	0	0	0	0	0	0	0	0	0	0	0	0	0	0	0	0	0	0	0	0	0	0	0	0	0	0	0	0	g__Paenibacillus_sp.	s__11B_GCF-030487755.1	Paenibacillus_sp. 11B_GCF-030487755.1
OTU_900	0	0	0	0	0	0	0	0	1	0	0	0	0	0	0	0	0	0	0	0	0	0	0	0	0	0	0	0	0	0	0	0	0	0	0	0	0	0	0	0	0	0	g__Paenibacillus_sp.	s__11B_GCF-030487755.1	Paenibacillus_sp. 11B_GCF-030487755.1
OTU_901	0	0	0	0	0	0	0	0	0	0	1	0	0	0	0	0	0	0	0	0	0	0	0	0	0	0	0	0	0	0	0	0	0	0	0	0	0	0	0	0	0	0	g__Paenibacillus_sp.	s__11B_GCF-030487755.1	Paenibacillus_sp. 11B_GCF-030487755.1
OTU_902	0	0	0	0	0	0	0	0	0	0	0	0	0	0	0	0	0	0	0	0	0	0	0	0	0	0	0	0	0	0	0	0	0	0	0	0	0	0	0	1	0	0	g__Paenibacillus_silvae_LY60_GCF_030348445.1	s__	Paenibacillus_silvae_LY60_GCF_030348445.1
OTU_903	0	1	0	0	0	0	0	0	0	0	0	0	0	0	0	0	0	0	0	0	0	0	0	0	0	0	0	0	0	0	0	0	0	0	0	0	0	0	0	0	0	0	g__Paenibacillus_sp.	s__11B_GCF-030487755.1	Paenibacillus_sp. 11B_GCF-030487755.1
OTU_904	0	0	0	0	0	0	0	0	0	0	0	1	0	0	0	0	0	0	0	0	0	0	0	0	0	0	0	0	0	0	0	0	0	0	0	0	0	0	0	0	0	0	g__Paenibacillus_sp.	s__11B_GCF-030487755.1	Paenibacillus_sp. 11B_GCF-030487755.1
OTU_905	0	0	0	0	0	0	0	0	0	0	0	0	0	0	0	0	1	0	0	0	0	0	0	0	0	0	0	0	0	0	0	0	0	0	0	0	0	0	0	0	0	0	g__Paenibacillus_sp.	s__11B_GCF-030487755.1	Paenibacillus_sp. 11B_GCF-030487755.1
OTU_906	0	0	0	0	0	0	0	0	0	0	0	0	0	0	0	0	0	0	0	0	0	0	0	0	0	0	0	1	0	0	0	0	0	0	0	0	0	0	0	0	0	0	g__Paenibacillus_sp.	s__11B_GCF-030487755.1	Paenibacillus_sp. 11B_GCF-030487755.1
OTU_907	0	0	0	0	0	0	0	0	0	0	0	1	0	0	0	0	0	0	0	0	0	0	0	0	0	0	0	0	0	0	0	0	0	0	0	0	0	0	0	0	0	0	g__Paenibacillus_sp.	s__11B_GCF-030487755.1	Paenibacillus_sp. 11B_GCF-030487755.1
OTU_908	0	0	1	0	0	0	0	0	0	0	0	1	0	0	0	0	0	0	0	0	0	0	0	0	0	0	0	0	0	0	0	0	0	0	0	0	0	0	0	0	0	0	g__Paenibacillus_sp.	s__11B_GCF-030487755.1	Paenibacillus_sp. 11B_GCF-030487755.1
OTU_909	0	0	0	0	0	0	0	0	0	0	0	0	0	0	0	0	0	0	0	0	0	0	0	0	0	0	0	0	0	0	0	0	0	0	1	0	0	0	0	0	0	0	g__Paenibacillus_sp.	s__11B_GCF-030487755.1	Paenibacillus_sp. 11B_GCF-030487755.1
OTU_910	0	0	0	0	0	0	0	0	0	0	0	0	0	0	0	0	0	0	0	0	0	0	0	0	0	0	0	0	0	0	0	1	0	0	0	0	0	0	0	0	0	0	g__Paenibacillus_sp.	s__11B_GCF-030487755.1	Paenibacillus_sp. 11B_GCF-030487755.1
OTU_911	0	0	0	0	0	0	0	0	0	0	0	0	0	0	0	0	0	0	0	0	0	0	0	0	0	0	0	0	0	0	0	0	0	0	0	0	1	0	0	0	0	0	g__Bacillus_paralicheniformis_CEW	s__1W_GCA_030123025.1	Bacillus_paralicheniformis_CEW 1W_GCA_030123025.1
OTU_912	0	0	1	0	0	0	0	0	0	0	0	0	0	0	0	0	0	0	0	0	0	0	0	0	0	0	0	0	0	0	0	0	0	0	0	0	0	0	0	0	0	0	g__Bacillus_sonorensis_YX13_GCA_031324045.1	s__	Bacillus_sonorensis_YX13_GCA_031324045.1
OTU_914	0	0	0	0	0	0	0	0	0	0	0	0	0	0	0	1	0	0	0	0	0	0	0	0	0	0	0	0	0	0	0	0	0	0	0	0	0	0	0	0	0	0	g__Paenibacillus_sp.	s__11B_GCF-030487755.1	Paenibacillus_sp. 11B_GCF-030487755.1
OTU_915	0	0	1	0	0	0	0	0	0	0	0	0	0	0	0	0	0	0	0	0	0	0	0	0	0	0	0	0	0	0	0	0	0	0	0	0	0	0	0	0	0	0	g__Paenibacillus_sp.	s__11B_GCF-030487755.1	Paenibacillus_sp. 11B_GCF-030487755.1
OTU_916	0	0	0	0	1	0	0	0	0	0	0	0	0	0	0	0	0	0	0	0	0	0	0	0	0	0	0	0	0	0	0	0	0	0	0	0	0	0	0	0	0	0	g__Bacillus_halotolerans_KF17_GCA_030292055.1	s__	Bacillus_halotolerans_KF17_GCA_030292055.1
OTU_918	0	0	0	0	0	0	0	0	0	0	0	0	0	0	0	0	0	1	0	0	0	0	0	0	0	0	0	0	0	0	0	0	0	0	0	0	0	0	0	0	0	0	g__Paenibacillus_sp.	s__11B_GCF-030487755.1	Paenibacillus_sp. 11B_GCF-030487755.1
OTU_920	0	0	0	0	0	0	0	0	0	0	0	0	0	0	0	0	0	0	0	0	0	0	0	0	0	0	0	0	0	0	0	0	0	0	0	0	0	1	0	0	0	0	g__FictiBacillus_enclensis_b19_GCA_030348905.1	s__	FictiBacillus_enclensis_b19_GCA_030348905.1
