OTU	AWQ670_pass_barcode11_d2994731_e639930a_0_otus	AWQ670_pass_barcode11_d2994731_e639930a_10_otus	AWQ670_pass_barcode11_d2994731_e639930a_11_otus	AWQ670_pass_barcode11_d2994731_e639930a_12_otus	AWQ670_pass_barcode11_d2994731_e639930a_13_otus	AWQ670_pass_barcode11_d2994731_e639930a_14_otus	AWQ670_pass_barcode11_d2994731_e639930a_15_otus	AWQ670_pass_barcode11_d2994731_e639930a_16_otus	AWQ670_pass_barcode11_d2994731_e639930a_17_otus	AWQ670_pass_barcode11_d2994731_e639930a_18_otus	AWQ670_pass_barcode11_d2994731_e639930a_19_otus	AWQ670_pass_barcode11_d2994731_e639930a_1_otus	AWQ670_pass_barcode11_d2994731_e639930a_20_otus	AWQ670_pass_barcode11_d2994731_e639930a_2_otus	AWQ670_pass_barcode11_d2994731_e639930a_3_otus	AWQ670_pass_barcode11_d2994731_e639930a_4_otus	AWQ670_pass_barcode11_d2994731_e639930a_5_otus	AWQ670_pass_barcode11_d2994731_e639930a_6_otus	AWQ670_pass_barcode11_d2994731_e639930a_7_otus	AWQ670_pass_barcode11_d2994731_e639930a_8_otus	AWQ670_pass_barcode11_d2994731_e639930a_9_otus	AWQ670_pass_barcode12_d2994731_e639930a_0_otus	AWQ670_pass_barcode12_d2994731_e639930a_10_otus	AWQ670_pass_barcode12_d2994731_e639930a_11_otus	AWQ670_pass_barcode12_d2994731_e639930a_12_otus	AWQ670_pass_barcode12_d2994731_e639930a_13_otus	AWQ670_pass_barcode12_d2994731_e639930a_14_otus	AWQ670_pass_barcode12_d2994731_e639930a_15_otus	AWQ670_pass_barcode12_d2994731_e639930a_16_otus	AWQ670_pass_barcode12_d2994731_e639930a_17_otus	AWQ670_pass_barcode12_d2994731_e639930a_18_otus	AWQ670_pass_barcode12_d2994731_e639930a_19_otus	AWQ670_pass_barcode12_d2994731_e639930a_1_otus	AWQ670_pass_barcode12_d2994731_e639930a_20_otus	AWQ670_pass_barcode12_d2994731_e639930a_2_otus	AWQ670_pass_barcode12_d2994731_e639930a_3_otus	AWQ670_pass_barcode12_d2994731_e639930a_4_otus	AWQ670_pass_barcode12_d2994731_e639930a_5_otus	AWQ670_pass_barcode12_d2994731_e639930a_6_otus	AWQ670_pass_barcode12_d2994731_e639930a_7_otus	AWQ670_pass_barcode12_d2994731_e639930a_8_otus	AWQ670_pass_barcode12_d2994731_e639930a_9_otus	genus	species	notes
OTU_1	5	4	2	1	1	3	1	0	0	1	2	5	0	4	4	3	1	4	3	6	2	3	1	3	1	3	0	0	0	0	0	1	1	0	3	5	1	0	1	1	1	4	g__Paenibacillus_silvae_LY60_GCF_030348445.1	s__	Paenibacillus_silvae_LY60_GCF_030348445.1
OTU_2	8	3	4	2	5	3	0	3	4	0	4	12	0	8	7	7	6	6	7	5	6	3	3	1	2	1	2	2	2	1	1	1	5	0	8	5	5	9	8	2	2	5	g__Bacillus_paralicheniformis_CEW	s__1W_GCA_030123025.1	Bacillus_paralicheniformis_CEW 1W_GCA_030123025.1
OTU_3	2	1	4	1	2	2	1	1	2	1	1	1	0	1	4	6	4	2	3	4	4	1	1	1	0	1	2	0	0	1	1	1	5	0	3	0	3	3	3	3	1	0	g__Paenibacillus_silvae_LY60_GCF_030348445.1	s__	Paenibacillus_silvae_LY60_GCF_030348445.1
OTU_4	0	0	0	0	1	1	1	0	0	0	0	2	0	0	2	0	0	2	1	0	0	0	0	0	0	0	1	0	0	0	0	0	0	0	0	1	0	0	0	0	0	1	g__Paenibacillus_sp.	s__11B_GCF-030487755.1	Paenibacillus_sp. 11B_GCF-030487755.1
OTU_5	0	1	0	0	0	0	0	0	0	0	0	0	0	0	0	0	0	0	0	0	0	0	0	0	0	0	0	0	0	0	0	0	0	0	0	0	0	0	0	0	0	0	g__Bacillus_paralicheniformis_CEW	s__1W_GCA_030123025.1	Bacillus_paralicheniformis_CEW 1W_GCA_030123025.1
OTU_7	1	0	0	0	0	0	0	0	0	0	0	0	0	0	1	0	1	0	0	0	1	0	0	0	0	0	0	0	0	0	0	0	1	0	0	0	0	0	0	0	0	0	g__Peribacillus_frigoritolerans_LC22_GCA_030123165.1	s__	Peribacillus_frigoritolerans_LC22_GCA_030123165.1
OTU_8	2	3	1	1	2	0	0	0	0	0	2	3	0	2	4	0	1	3	2	1	3	1	0	0	1	0	0	0	0	0	0	1	1	0	0	1	2	0	1	1	1	1	g__Bacillus_toyonensis_Puebla_S2_GCA_030167055.1	s__	Bacillus_toyonensis_Puebla_S2_GCA_030167055.1
OTU_9	0	0	0	0	0	0	0	0	0	0	1	0	0	2	0	1	0	1	1	1	0	0	0	0	0	0	0	0	0	1	0	0	0	0	0	1	0	0	0	1	0	0	g__Bacillus_sonorensis_YX13_GCA_031324045.1	s__	Bacillus_sonorensis_YX13_GCA_031324045.1
OTU_10	0	0	0	0	0	0	0	0	0	0	0	0	0	0	0	0	0	0	0	1	0	0	0	0	0	0	0	0	0	0	0	0	0	0	0	0	0	0	0	0	0	0	g__Paenibacillus_sp.	s__11B_GCF-030487755.1	Paenibacillus_sp. 11B_GCF-030487755.1
OTU_11	2	3	2	3	1	2	3	2	1	3	0	6	0	6	6	3	0	4	6	5	5	1	1	5	2	1	3	2	1	2	1	0	1	0	1	4	2	2	1	4	4	2	g__Paenibacillus_silvae_LY60_GCF_030348445.1	s__	Paenibacillus_silvae_LY60_GCF_030348445.1
OTU_12	0	0	0	0	1	0	0	0	0	0	0	2	0	0	2	1	0	0	0	2	0	0	0	0	0	0	1	0	0	0	0	0	0	0	0	0	0	0	0	0	0	0	g__Paenibacillus_sp.	s__11B_GCF-030487755.1	Paenibacillus_sp. 11B_GCF-030487755.1
OTU_13	0	0	0	0	0	0	0	0	0	0	0	0	0	0	0	0	0	0	0	0	0	0	0	0	0	1	0	0	0	0	0	0	0	0	0	0	0	0	0	0	0	0	g__Paenibacillus_silvae_LY60_GCF_030348445.1	s__	Paenibacillus_silvae_LY60_GCF_030348445.1
OTU_14	0	0	0	0	0	1	0	0	0	0	0	0	0	0	0	0	0	0	0	0	0	0	0	0	0	0	0	0	0	0	0	0	0	0	0	0	0	0	0	0	0	0	g__Paenibacillus_silvae_LY60_GCF_030348445.1	s__	Paenibacillus_silvae_LY60_GCF_030348445.1
OTU_15	0	0	0	0	0	0	0	0	0	0	0	0	0	0	0	1	0	0	0	0	0	0	0	0	0	0	0	0	0	0	0	0	0	0	0	0	0	0	0	0	0	0	g__Halobacillus_sp.	s__ACCC02827_GCA_030291935.1	Halobacillus_sp. ACCC02827_GCA_030291935.1
OTU_16	0	0	0	0	0	0	0	0	0	0	0	0	0	0	0	0	0	1	0	0	0	0	0	0	0	0	0	0	0	0	0	0	0	0	0	0	0	0	0	0	0	0	g__Paenibacillus_silvae_LY60_GCF_030348445.1	s__	Paenibacillus_silvae_LY60_GCF_030348445.1
OTU_17	7	5	5	4	4	4	3	5	4	5	1	7	0	2	7	5	7	12	4	5	7	2	1	1	1	1	2	1	1	0	2	0	4	0	3	2	2	6	4	3	4	2	g__Paenibacillus_sp.	s__11B_GCF-030487755.1	Paenibacillus_sp. 11B_GCF-030487755.1
OTU_18	0	0	0	0	0	0	0	0	0	0	0	0	0	0	0	0	0	0	0	0	0	0	0	0	0	0	0	0	0	0	0	0	1	0	0	0	0	0	0	0	0	0	g__Bacillus_paralicheniformis_CEW	s__1W_GCA_030123025.1	Bacillus_paralicheniformis_CEW 1W_GCA_030123025.1
OTU_19	4	0	1	1	1	2	3	1	4	3	3	7	0	1	3	4	6	5	2	6	4	2	1	0	1	1	2	1	0	1	0	3	5	1	2	1	0	2	1	3	3	1	g__Bacillus_paralicheniformis_CEW	s__1W_GCA_030123025.1	Bacillus_paralicheniformis_CEW 1W_GCA_030123025.1
OTU_20	3	1	0	0	1	0	0	0	0	0	0	3	0	2	2	0	1	1	1	2	0	0	0	0	0	0	0	0	0	0	0	0	0	0	0	0	0	0	0	1	1	0	g__Bacillus_anthracis_Mn106-1	s__head2	Bacillus_anthracis_Mn106-1 head2 chi_GCA_030166975.1
OTU_21	2	1	1	0	2	0	0	1	1	1	0	5	0	3	3	1	1	4	3	4	2	1	0	1	0	1	0	0	0	0	1	0	0	0	1	0	1	3	1	0	2	2	g__Bacillus_velezensis_MB7_B13_GCA_030348465.1	s__	Bacillus_velezensis_MB7_B13_GCA_030348465.1
OTU_22	0	0	0	0	0	0	0	0	0	0	0	0	0	0	0	1	0	0	0	0	0	0	0	0	0	0	0	0	0	0	0	0	0	0	0	0	0	0	0	0	0	0	g__Bacillus_paralicheniformis_CEW	s__1W_GCA_030123025.1	Bacillus_paralicheniformis_CEW 1W_GCA_030123025.1
OTU_23	0	0	0	0	0	0	0	0	0	0	0	0	0	0	0	0	0	1	0	0	0	0	0	0	0	0	0	0	0	0	0	0	0	0	0	0	0	0	0	0	0	0	g__Bacillus_paralicheniformis_CEW	s__1W_GCA_030123025.1	Bacillus_paralicheniformis_CEW 1W_GCA_030123025.1
OTU_24	1	0	0	0	0	0	0	0	0	0	0	0	0	0	0	0	0	0	0	0	0	0	0	0	0	0	0	0	0	0	0	0	0	0	0	0	0	0	0	0	0	0	g__Bacillus_paralicheniformis_CEW	s__1W_GCA_030123025.1	Bacillus_paralicheniformis_CEW 1W_GCA_030123025.1
OTU_25	0	0	1	0	0	0	0	0	0	0	0	0	0	0	0	0	0	0	0	0	0	0	0	0	0	0	0	0	0	0	0	0	0	0	0	0	0	0	0	0	0	0	g__Paenibacillus_silvae_LY60_GCF_030348445.1	s__	Paenibacillus_silvae_LY60_GCF_030348445.1
OTU_26	0	0	0	0	0	0	0	0	1	0	0	0	0	0	0	0	0	0	0	0	0	0	0	0	0	0	0	0	0	0	0	0	0	0	0	0	0	1	0	0	0	0	g__Bacillus_paralicheniformis_CEW	s__1W_GCA_030123025.1	Bacillus_paralicheniformis_CEW 1W_GCA_030123025.1
OTU_27	0	0	0	0	0	0	0	0	0	0	0	1	0	0	0	0	0	0	0	0	0	0	0	0	0	0	0	0	0	0	0	0	0	0	0	0	0	0	0	0	0	0	g__Bacillus_paralicheniformis_CEW	s__1W_GCA_030123025.1	Bacillus_paralicheniformis_CEW 1W_GCA_030123025.1
OTU_28	0	0	0	1	1	0	0	0	0	0	1	0	0	0	1	1	0	0	1	0	0	0	0	0	0	0	0	0	0	0	0	0	0	0	0	0	0	0	0	0	0	0	g__Paenibacillus_sp.	s__11B_GCF-030487755.1	Paenibacillus_sp. 11B_GCF-030487755.1
OTU_29	1	0	0	0	0	0	0	0	0	0	0	0	0	0	0	0	0	0	0	0	0	0	0	0	0	0	0	0	0	0	0	0	0	0	0	0	0	0	0	0	0	0	g__Bacillus_safensis_CEW-AP100_GCA_030122965.1	s__	Bacillus_safensis_CEW-AP100_GCA_030122965.1
OTU_30	3	3	1	4	4	5	0	1	2	3	3	4	0	4	3	3	8	7	5	5	8	2	1	2	1	1	1	0	1	0	2	1	3	0	4	2	4	1	4	4	2	3	g__Bacillus_safensis_CEW-AP100_GCA_030122965.1	s__	Bacillus_safensis_CEW-AP100_GCA_030122965.1
OTU_31	0	0	0	0	0	0	0	0	0	0	0	0	0	0	0	0	0	1	0	0	0	0	0	0	0	0	0	0	0	0	0	0	0	0	0	0	0	0	0	0	0	0	g__Bacillus_toyonensis_G7S3_GCA_031324285.1	s__	Bacillus_toyonensis_G7S3_GCA_031324285.1
OTU_32	4	1	1	2	1	2	1	0	1	1	1	5	0	1	1	2	3	4	3	5	3	1	1	0	0	0	1	0	0	1	0	0	0	0	1	1	2	1	1	1	1	1	g__Bacillus_sonorensis_YX13_GCA_031324045.1	s__	Bacillus_sonorensis_YX13_GCA_031324045.1
OTU_33	0	0	0	0	0	0	0	0	0	0	0	0	0	0	0	0	0	0	0	0	0	0	0	0	0	0	0	0	0	0	0	0	0	0	0	0	0	0	0	1	0	0	g__Bacillus_paralicheniformis_CEW	s__1W_GCA_030123025.1	Bacillus_paralicheniformis_CEW 1W_GCA_030123025.1
OTU_34	0	0	0	0	0	0	0	0	0	0	0	0	0	1	0	0	0	0	0	0	0	0	0	0	0	0	0	0	0	0	0	0	0	0	0	0	0	0	0	0	0	0	g__Paenibacillus_sp.	s__11B_GCF-030487755.1	Paenibacillus_sp. 11B_GCF-030487755.1
OTU_35	1	3	0	2	2	1	2	0	1	0	0	2	0	3	2	1	1	0	2	1	2	0	0	0	0	0	1	0	0	0	0	1	0	0	1	3	0	0	2	2	1	2	g__Bacillus_hominis_SIN2.1_GCA_030348325.1	s__	Bacillus_hominis_SIN2.1_GCA_030348325.1
OTU_36	1	0	1	1	1	0	0	1	0	1	1	3	0	0	2	1	1	1	0	1	0	0	0	0	0	0	1	0	1	1	0	0	2	0	1	2	0	0	1	0	0	1	g__Bacillus_subtilis_KF24_GCA_030123145.1	s__	Bacillus_subtilis_KF24_GCA_030123145.1
OTU_37	0	0	0	0	0	0	0	0	0	0	0	0	0	0	1	0	0	0	0	1	0	0	0	0	0	0	0	0	0	0	0	0	0	0	0	1	1	0	0	0	0	0	g__Neobacillus_sp._SuZ13_GCA_030123365.1	s__	Neobacillus_sp._SuZ13_GCA_030123365.1
OTU_38	2	0	0	1	1	0	1	0	1	0	1	0	0	1	1	0	0	0	0	2	0	0	0	0	1	0	0	0	0	0	0	0	0	0	0	0	1	1	0	2	0	1	g__Bacillus_safensis_CEW-AP100_GCA_030122965.1	s__	Bacillus_safensis_CEW-AP100_GCA_030122965.1
OTU_39	4	0	3	0	2	2	1	0	1	0	1	2	0	2	1	2	2	1	4	4	2	0	0	0	1	0	1	1	0	0	0	0	4	0	1	2	0	1	1	1	1	0	g__Bacillus_sonorensis_YX13_GCA_031324045.1	s__	Bacillus_sonorensis_YX13_GCA_031324045.1
OTU_40	0	0	0	0	0	0	0	0	0	0	0	0	0	0	1	0	0	0	0	0	0	0	0	0	0	0	0	0	0	0	0	0	0	0	0	0	0	0	0	0	1	0	g__Bacillus_paralicheniformis_CEW	s__1W_GCA_030123025.1	Bacillus_paralicheniformis_CEW 1W_GCA_030123025.1
OTU_41	2	0	1	0	1	0	0	0	0	0	0	2	0	1	2	1	0	2	2	3	1	0	0	0	0	0	0	1	0	0	0	0	0	0	0	0	0	0	0	1	0	0	g__Bacillus_altitudinis_G6S2_GCA_030123125.1	s__	Bacillus_altitudinis_G6S2_GCA_030123125.1
OTU_42	0	0	0	0	0	0	0	0	0	0	0	0	0	0	0	0	0	0	0	1	0	0	0	0	0	0	0	0	0	0	0	0	0	0	0	0	0	0	0	0	0	0	g__Paenibacillus_silvae_LY60_GCF_030348445.1	s__	Paenibacillus_silvae_LY60_GCF_030348445.1
OTU_43	1	0	0	0	0	0	0	0	0	0	0	0	0	0	1	0	0	1	0	0	0	0	0	0	0	0	0	0	0	0	0	0	0	0	0	0	0	1	0	1	0	0	g__Lysinibacillus_sp._G4S2_GCA_030348505.1	s__	Lysinibacillus_sp._G4S2_GCA_030348505.1
OTU_44	1	1	1	0	2	1	0	0	2	3	0	0	0	1	0	4	4	0	3	2	1	1	0	1	0	2	2	0	0	1	0	0	1	0	2	1	1	1	1	2	2	0	g__Bacillus_toyonensis_G7S3_GCA_031324285.1	s__	Bacillus_toyonensis_G7S3_GCA_031324285.1
OTU_45	0	0	0	0	0	0	0	0	0	0	1	0	0	0	0	0	0	0	0	0	0	0	1	0	0	0	0	0	0	0	0	0	0	0	0	0	0	0	0	1	0	0	g__Bacillus_mycoides_SIN2.2_GCA_030292205.1	s__	Bacillus_mycoides_SIN2.2_GCA_030292205.1
OTU_46	0	0	0	0	0	0	0	0	0	0	0	1	0	0	0	0	0	0	0	0	0	0	0	0	0	0	0	0	1	0	0	0	0	0	0	0	0	0	0	0	0	0	g__Lysinibacillus_pakistanensis_LY92_GCA_030123265.1	s__	Lysinibacillus_pakistanensis_LY92_GCA_030123265.1
OTU_47	0	0	0	0	0	0	0	0	0	0	0	0	0	1	0	0	0	1	0	0	0	0	0	0	0	0	0	0	0	0	0	0	0	0	0	0	0	0	0	0	0	0	g__Bacillus_anthracis_Mn106-1	s__head2	Bacillus_anthracis_Mn106-1 head2 chi_GCA_030166975.1
OTU_48	0	0	0	0	0	0	0	0	0	0	0	0	0	0	0	0	0	0	0	0	0	0	0	0	0	0	0	1	0	0	0	0	0	0	0	0	0	0	0	0	0	0	g__Bacillus_safensis_CEW-AP100_GCA_030122965.1	s__	Bacillus_safensis_CEW-AP100_GCA_030122965.1
OTU_49	0	0	2	0	0	1	1	1	0	1	0	2	0	4	0	1	0	0	1	1	0	2	1	0	0	1	0	0	0	0	0	0	1	0	3	0	1	0	0	3	1	1	g__Lysinibacillus_pakistanensis_LY92_GCA_030123265.1	s__	Lysinibacillus_pakistanensis_LY92_GCA_030123265.1
OTU_50	0	0	0	0	0	0	0	0	0	0	0	0	0	0	0	0	0	0	0	0	0	0	0	0	0	0	1	0	0	0	0	0	0	0	0	0	0	0	0	0	0	0	g__Bacillus_arachidis_YX15_GCA_030285945.1	s__	Bacillus_arachidis_YX15_GCA_030285945.1
OTU_51	2	2	3	1	1	2	1	2	2	0	0	4	0	2	2	3	3	2	1	2	3	2	1	1	1	1	0	0	0	0	2	0	2	0	1	1	2	2	1	2	3	2	g__Bacillus_subtilis_G2S2_GCA_030123085.1	s__	Bacillus_subtilis_G2S2_GCA_030123085.1
OTU_52	0	0	0	0	0	0	0	0	0	0	0	0	0	1	0	1	1	1	0	0	1	0	0	0	0	0	0	0	0	0	0	0	0	0	0	0	0	0	0	0	0	0	g__Lysinibacillus_pakistanensis_LY92_GCA_030123265.1	s__	Lysinibacillus_pakistanensis_LY92_GCA_030123265.1
OTU_53	1	0	0	1	0	0	1	0	0	0	1	0	0	1	2	0	1	0	1	2	0	0	0	0	0	0	1	0	0	0	0	0	0	0	0	1	0	0	0	0	1	0	g__Bacillus_sp._DX4.1_GCA_030348195.1	s__	Bacillus_sp._DX4.1_GCA_030348195.1
OTU_54	0	0	0	0	0	0	0	0	0	0	0	0	0	0	0	0	0	0	0	0	0	0	0	0	0	0	0	0	0	0	0	0	0	0	0	0	0	0	1	0	0	0	g__Bacillus_paralicheniformis_CEW	s__1W_GCA_030123025.1	Bacillus_paralicheniformis_CEW 1W_GCA_030123025.1
OTU_55	0	0	0	0	0	0	0	0	0	0	0	0	0	0	0	0	0	0	0	0	0	0	0	0	0	0	0	0	0	0	0	0	0	0	0	0	0	0	1	0	0	0	g__Bacillus_paralicheniformis_CEW	s__1W_GCA_030123025.1	Bacillus_paralicheniformis_CEW 1W_GCA_030123025.1
OTU_56	1	0	0	0	0	0	0	0	0	0	0	0	0	0	0	0	0	0	0	0	0	0	0	0	0	0	0	0	0	0	0	0	0	0	0	0	0	0	0	0	0	0	g__Paenibacillus_silvae_LY60_GCF_030348445.1	s__	Paenibacillus_silvae_LY60_GCF_030348445.1
OTU_57	0	0	0	0	0	0	1	0	0	0	0	0	0	0	0	0	0	0	0	0	0	0	0	0	0	0	0	0	0	0	0	0	0	0	0	0	0	0	0	0	0	0	g__Bacillus_paralicheniformis_CEW	s__1W_GCA_030123025.1	Bacillus_paralicheniformis_CEW 1W_GCA_030123025.1
OTU_58	0	0	0	0	0	0	0	0	0	0	0	0	0	0	0	1	0	0	0	0	0	0	0	0	0	0	0	0	0	0	0	0	0	0	0	0	0	0	0	0	0	0	g__Bacillus_paralicheniformis_CEW	s__1W_GCA_030123025.1	Bacillus_paralicheniformis_CEW 1W_GCA_030123025.1
OTU_59	0	0	0	0	0	0	0	0	0	0	0	0	0	0	0	0	0	0	0	0	0	0	0	0	0	0	1	0	0	0	0	0	0	0	0	0	0	0	0	0	0	0	g__Bacillus_licheniformis_D9_B_45_GCA_030348625.1	s__	Bacillus_licheniformis_D9_B_45_GCA_030348625.1
OTU_60	2	1	3	0	0	1	1	0	0	0	2	2	0	2	1	0	2	2	2	1	1	1	1	0	1	0	0	0	0	0	0	0	1	0	1	0	0	0	1	1	2	0	g__Bacillus_licheniformis_D9_B_45_GCA_030348625.1	s__	Bacillus_licheniformis_D9_B_45_GCA_030348625.1
OTU_61	0	0	0	0	0	0	0	0	0	1	0	2	0	1	0	1	0	0	0	0	0	0	0	0	0	0	0	0	0	0	0	0	0	0	0	1	0	0	0	1	0	0	g__Bacillus_licheniformis_D9_B_45_GCA_030348625.1	s__	Bacillus_licheniformis_D9_B_45_GCA_030348625.1
OTU_62	0	0	0	0	0	0	0	0	0	0	0	0	0	0	0	0	0	0	0	0	0	0	0	0	0	0	0	0	0	0	0	0	1	0	0	0	0	0	0	0	0	0	g__Bacillus_paralicheniformis_CEW	s__1W_GCA_030123025.1	Bacillus_paralicheniformis_CEW 1W_GCA_030123025.1
OTU_63	0	0	0	0	0	0	0	0	0	0	0	0	0	0	0	0	0	0	0	0	0	0	0	0	0	0	0	0	0	0	0	0	0	0	0	0	1	0	0	0	0	1	g__Bacillus_paralicheniformis_CEW	s__1W_GCA_030123025.1	Bacillus_paralicheniformis_CEW 1W_GCA_030123025.1
OTU_64	0	0	1	0	0	1	1	0	0	0	1	0	0	0	0	0	0	0	0	0	0	0	1	0	0	0	0	0	0	0	0	0	0	0	0	0	0	0	0	0	0	0	g__Bacillus_halotolerans_KF17_GCA_030292055.1	s__	Bacillus_halotolerans_KF17_GCA_030292055.1
OTU_65	0	0	0	1	0	0	0	0	0	0	0	1	0	0	0	1	0	0	0	0	0	0	0	0	0	0	0	0	0	0	0	0	0	0	0	0	0	0	0	0	0	0	g__Bacillus_paralicheniformis_CEW	s__1W_GCA_030123025.1	Bacillus_paralicheniformis_CEW 1W_GCA_030123025.1
OTU_66	2	0	0	1	0	2	1	0	1	1	0	4	0	2	2	0	2	2	0	2	0	1	0	0	0	0	1	1	0	0	0	0	1	0	0	0	0	0	0	0	1	1	g__Bacillus_toyonensis_Puebla_S2_GCA_030167055.1	s__	Bacillus_toyonensis_Puebla_S2_GCA_030167055.1
OTU_67	0	0	0	0	0	0	0	0	0	0	0	0	0	0	1	0	0	0	0	0	1	0	0	0	0	0	0	0	0	0	0	0	0	0	0	0	0	0	0	0	0	0	g__Bacillus_paralicheniformis_CEW	s__1W_GCA_030123025.1	Bacillus_paralicheniformis_CEW 1W_GCA_030123025.1
OTU_68	0	1	1	0	1	0	0	0	0	0	0	0	0	2	1	2	2	2	2	2	0	1	0	0	0	0	0	0	0	0	0	0	1	0	1	0	0	0	0	1	0	1	g__Bacillus_halotolerans_KF17_GCA_030292055.1	s__	Bacillus_halotolerans_KF17_GCA_030292055.1
OTU_69	0	0	0	0	0	0	0	0	0	0	0	0	0	0	0	0	0	0	0	1	0	0	0	0	0	0	0	0	0	0	0	0	0	0	0	0	0	0	0	0	0	0	g__Bacillus_safensis_CEW-AP100_GCA_030122965.1	s__	Bacillus_safensis_CEW-AP100_GCA_030122965.1
OTU_70	1	0	0	0	0	0	0	0	0	0	0	0	0	0	0	0	0	0	0	0	0	0	0	0	0	0	0	0	0	0	0	0	0	0	0	0	0	0	0	0	0	0	g__Bacillus_altitudinis_G6S2_GCA_030123125.1	s__	Bacillus_altitudinis_G6S2_GCA_030123125.1
OTU_71	0	0	0	0	0	0	0	0	0	0	0	0	0	0	0	0	0	0	0	0	0	0	0	0	0	0	0	0	0	0	0	0	0	0	0	0	0	0	0	1	0	0	g__Bacillus_paralicheniformis_CEW	s__1W_GCA_030123025.1	Bacillus_paralicheniformis_CEW 1W_GCA_030123025.1
OTU_72	1	0	1	0	0	0	0	1	0	0	0	0	0	0	0	1	1	0	0	0	0	0	0	0	0	0	0	0	0	0	0	0	1	0	1	0	0	0	1	0	0	0	g__Neobacillus_novalis_XLM17_GCA_030123445.1	s__	Neobacillus_novalis_XLM17_GCA_030123445.1
OTU_73	0	0	0	0	0	0	0	0	0	0	0	0	0	0	0	0	0	1	0	0	0	0	0	0	0	0	0	0	0	0	0	0	0	0	0	0	0	0	0	0	0	0	g__Bacillus_paralicheniformis_CEW	s__1W_GCA_030123025.1	Bacillus_paralicheniformis_CEW 1W_GCA_030123025.1
OTU_74	0	0	0	0	0	0	0	0	0	0	0	0	0	0	0	0	0	0	0	1	0	0	0	0	0	0	0	0	0	0	0	0	0	0	0	0	0	0	0	0	0	0	g__Bacillus_paralicheniformis_CEW	s__1W_GCA_030123025.1	Bacillus_paralicheniformis_CEW 1W_GCA_030123025.1
OTU_75	0	0	0	0	0	0	0	0	0	0	0	0	0	0	0	0	0	0	0	0	0	0	0	0	0	0	0	0	0	0	0	0	1	0	0	0	0	0	0	0	0	0	g__Paenibacillus_silvae_LY60_GCF_030348445.1	s__	Paenibacillus_silvae_LY60_GCF_030348445.1
OTU_76	1	0	0	0	0	0	0	0	0	0	0	0	0	0	0	0	0	0	0	1	0	0	0	0	0	0	0	0	0	0	0	0	0	0	0	0	0	0	0	0	0	0	g__Bacillus_pseudomycoides_SIN1.1_GCA_031324125.1	s__	Bacillus_pseudomycoides_SIN1.1_GCA_031324125.1
OTU_77	0	0	0	0	0	1	0	0	0	0	0	0	0	0	0	0	0	0	0	0	0	0	0	0	0	0	0	0	0	0	0	0	0	0	0	0	0	0	0	0	0	0	g__Paenibacillus_silvae_LY60_GCF_030348445.1	s__	Paenibacillus_silvae_LY60_GCF_030348445.1
OTU_78	0	0	0	0	0	0	0	0	0	0	0	1	0	0	0	0	0	0	0	0	0	0	0	0	0	0	0	0	0	0	0	0	0	0	0	0	0	0	0	0	0	0	g__Bacillus_safensis_CEW-AP100_GCA_030122965.1	s__	Bacillus_safensis_CEW-AP100_GCA_030122965.1
OTU_79	0	0	0	0	0	0	0	0	0	0	0	0	0	1	0	0	0	0	0	0	0	0	0	0	0	0	0	0	0	0	0	0	0	0	0	0	0	0	0	0	0	0	g__Paenibacillus_sp.	s__11B_GCF-030487755.1	Paenibacillus_sp. 11B_GCF-030487755.1
OTU_80	0	0	0	0	0	0	0	0	0	0	0	0	0	0	0	0	0	0	1	0	0	0	0	0	0	0	0	0	0	0	0	0	0	0	0	0	0	0	0	0	0	0	g__Brevibacillus_parabrevis_GCA_031324325.1	s__	Brevibacillus_parabrevis_GCA_031324325.1
OTU_81	1	0	0	0	1	0	1	0	0	0	0	1	0	1	1	1	1	1	2	2	1	1	0	0	0	1	0	0	0	0	0	0	0	0	0	0	0	1	0	0	0	0	g__Paenibacillus_sp.	s__11B_GCF-030487755.1	Paenibacillus_sp. 11B_GCF-030487755.1
OTU_82	1	0	0	0	0	0	0	0	0	0	0	0	0	0	0	0	0	0	0	0	0	0	0	0	0	0	0	0	0	0	0	0	0	0	0	0	0	0	0	0	0	0	g__Bacillus_sonorensis_YX13_GCA_031324045.1	s__	Bacillus_sonorensis_YX13_GCA_031324045.1
OTU_83	1	0	0	0	1	0	0	0	0	0	0	4	0	4	1	2	3	3	2	3	1	0	0	0	0	0	0	0	0	0	0	1	1	0	1	1	1	0	0	1	0	1	g__Bacillus_sp._DX4.1_GCA_030348195.1	s__	Bacillus_sp._DX4.1_GCA_030348195.1
OTU_84	2	1	1	2	0	3	0	1	0	0	1	2	0	0	0	0	2	2	0	2	1	0	0	1	0	0	1	0	0	0	1	0	0	0	0	1	0	1	1	0	1	0	g__Paenibacillus_sp.	s__11B_GCF-030487755.1	Paenibacillus_sp. 11B_GCF-030487755.1
OTU_85	0	0	0	0	0	0	0	0	0	0	0	2	0	0	0	0	0	0	0	0	0	0	0	0	0	0	0	0	0	0	0	0	0	0	0	0	0	0	0	0	0	0	g__Bacillus_paralicheniformis_CEW	s__1W_GCA_030123025.1	Bacillus_paralicheniformis_CEW 1W_GCA_030123025.1
OTU_86	0	0	0	1	0	0	0	0	1	0	0	0	0	0	1	0	0	0	0	0	0	0	0	0	0	0	0	0	0	0	0	0	0	0	0	0	0	0	0	0	1	0	g__Bacillus_sp._DX1.1_GCA_030348225.1	s__	Bacillus_sp._DX1.1_GCA_030348225.1
OTU_87	0	0	0	2	0	0	0	0	0	0	0	0	0	0	1	0	0	0	0	0	0	0	1	0	0	0	0	0	0	0	0	0	0	0	0	0	0	0	0	0	0	0	g__Bacillus_albus_SXL388_GCA_030292135.1	s__	Bacillus_albus_SXL388_GCA_030292135.1
OTU_88	0	0	0	0	0	0	0	0	0	0	0	0	0	0	0	0	0	0	1	0	0	0	0	0	0	0	0	0	0	0	0	0	0	0	0	0	0	0	0	0	0	0	g__Bacillus_paralicheniformis_CEW	s__1W_GCA_030123025.1	Bacillus_paralicheniformis_CEW 1W_GCA_030123025.1
OTU_89	0	1	0	1	0	0	0	0	0	0	1	1	0	0	0	1	0	0	0	0	0	1	0	0	0	0	1	0	1	1	0	0	1	0	0	0	0	0	0	0	0	0	g__Bacillus_safensis_CEW-AP100_GCA_030122965.1	s__	Bacillus_safensis_CEW-AP100_GCA_030122965.1
OTU_90	0	0	1	0	0	0	0	0	0	0	0	0	0	0	0	0	0	0	0	0	0	0	0	0	0	0	0	0	0	0	0	0	0	0	0	0	0	0	0	0	0	0	g__Paenibacillus_silvae_LY60_GCF_030348445.1	s__	Paenibacillus_silvae_LY60_GCF_030348445.1
OTU_91	0	0	0	0	0	0	0	0	0	0	0	0	0	1	0	0	0	0	0	0	0	0	0	0	0	0	0	0	0	0	0	0	0	0	0	0	0	0	0	0	0	0	g__Bacillus_sonorensis_YX13_GCA_031324045.1	s__	Bacillus_sonorensis_YX13_GCA_031324045.1
OTU_92	0	0	0	0	0	0	0	0	0	0	0	0	0	1	0	0	0	0	0	0	0	0	0	0	0	0	0	0	0	0	0	0	0	0	0	0	0	0	0	0	0	0	g__Bacillus_paralicheniformis_CEW	s__1W_GCA_030123025.1	Bacillus_paralicheniformis_CEW 1W_GCA_030123025.1
OTU_93	1	0	1	0	0	0	0	0	0	0	0	1	0	1	0	0	0	2	1	0	0	1	0	0	0	0	0	0	0	0	0	0	0	0	0	0	0	1	0	0	0	0	g__Lysinibacillus_sphaericus_ACCC03577_GCA_030348985.1	s__	Lysinibacillus_sphaericus_ACCC03577_GCA_030348985.1
OTU_94	1	1	1	1	0	1	0	1	1	1	2	0	0	1	1	2	3	1	2	1	2	1	0	1	0	0	1	0	0	0	0	0	0	0	1	2	3	1	1	2	1	1	g__Lysinibacillus_pakistanensis_LY92_GCA_030123265.1	s__	Lysinibacillus_pakistanensis_LY92_GCA_030123265.1
OTU_95	0	0	0	0	0	0	0	0	0	0	0	0	0	1	0	0	0	0	0	0	0	0	0	0	0	0	0	0	0	0	0	0	0	0	0	0	0	0	0	0	0	0	g__Paenibacillus_silvae_LY60_GCF_030348445.1	s__	Paenibacillus_silvae_LY60_GCF_030348445.1
OTU_96	0	0	0	0	0	0	0	0	0	0	0	0	0	0	1	0	0	0	0	0	0	0	0	0	0	0	0	0	0	0	0	0	0	0	0	0	0	0	0	0	0	0	g__Bacillus_paralicheniformis_CEW	s__1W_GCA_030123025.1	Bacillus_paralicheniformis_CEW 1W_GCA_030123025.1
OTU_97	0	0	0	0	0	0	0	0	0	0	0	0	0	0	0	0	0	0	0	0	0	1	0	0	0	0	0	0	0	0	0	0	0	0	0	0	0	0	0	0	0	0	g__Bacillus_paralicheniformis_CEW	s__1W_GCA_030123025.1	Bacillus_paralicheniformis_CEW 1W_GCA_030123025.1
OTU_98	0	0	0	0	0	0	0	0	0	0	0	0	0	0	0	0	0	0	0	0	0	0	0	0	0	1	0	0	0	0	0	0	0	0	0	0	0	0	0	0	0	0	g__Paenibacillus_silvae_LY60_GCF_030348445.1	s__	Paenibacillus_silvae_LY60_GCF_030348445.1
OTU_99	1	0	0	0	0	0	0	0	0	0	0	0	0	0	0	0	0	0	0	0	0	1	0	0	0	0	0	0	0	0	0	0	0	0	0	0	0	0	0	0	0	0	g__Bacillus_paralicheniformis_CEW	s__1W_GCA_030123025.1	Bacillus_paralicheniformis_CEW 1W_GCA_030123025.1
OTU_100	0	0	0	0	0	0	0	0	0	0	0	0	0	0	0	0	0	0	0	0	0	0	0	0	0	0	0	0	0	0	0	0	0	0	0	0	0	1	1	0	0	0	g__Bacillus_paralicheniformis_CEW	s__1W_GCA_030123025.1	Bacillus_paralicheniformis_CEW 1W_GCA_030123025.1
OTU_101	0	0	0	0	0	0	0	0	0	0	0	0	0	1	0	0	0	0	0	0	0	0	0	0	0	0	0	0	0	0	0	0	0	0	0	0	0	0	0	0	0	0	g__Bacillus_paralicheniformis_CEW	s__1W_GCA_030123025.1	Bacillus_paralicheniformis_CEW 1W_GCA_030123025.1
OTU_102	0	0	0	0	0	0	0	0	0	0	0	0	0	0	1	0	0	0	0	0	0	0	0	0	0	0	0	0	0	0	0	0	0	0	0	0	0	0	0	0	0	0	g__Bacillus_paralicheniformis_CEW	s__1W_GCA_030123025.1	Bacillus_paralicheniformis_CEW 1W_GCA_030123025.1
OTU_103	0	0	1	0	0	0	0	0	0	0	0	0	0	0	0	0	0	0	0	0	0	0	0	0	0	0	0	0	0	0	0	0	0	0	0	0	0	0	0	0	0	0	g__Bacillus_sp._DX1.1_GCA_030348225.1	s__	Bacillus_sp._DX1.1_GCA_030348225.1
OTU_104	0	0	0	0	2	0	0	0	0	0	0	0	0	1	0	1	0	0	0	1	0	0	0	0	0	0	0	0	0	0	0	0	0	0	0	0	0	0	0	0	0	0	g__Paenibacillus_woosongensis	s__B2_4_GCA_030122845.1	Paenibacillus_woosongensis B2_4_GCA_030122845.1
OTU_105	0	0	0	0	0	0	0	0	0	0	0	0	0	0	0	0	0	1	0	0	0	0	0	0	0	0	0	0	0	0	0	0	0	0	0	0	0	0	0	0	0	0	g__Bacillus_paralicheniformis_CEW	s__1W_GCA_030123025.1	Bacillus_paralicheniformis_CEW 1W_GCA_030123025.1
OTU_106	0	0	1	0	0	0	0	2	1	0	0	3	0	1	0	1	2	2	0	1	1	0	0	0	0	1	0	0	0	0	0	0	1	0	0	1	0	1	1	1	0	1	g__Bacillus_licheniformis_D9_B_45_GCA_030348625.1	s__	Bacillus_licheniformis_D9_B_45_GCA_030348625.1
OTU_107	0	0	0	0	0	0	0	0	1	0	0	0	0	0	0	0	0	0	0	0	0	0	0	0	0	0	0	0	0	0	0	0	0	0	0	0	0	0	0	0	0	0	g__Bacillus_paralicheniformis_CEW	s__1W_GCA_030123025.1	Bacillus_paralicheniformis_CEW 1W_GCA_030123025.1
OTU_108	0	0	0	0	0	0	0	0	0	0	1	0	0	0	0	0	0	0	0	0	0	0	0	0	0	0	0	0	0	0	0	0	0	0	0	0	0	0	0	0	0	0	g__Bacillus_paralicheniformis_CEW	s__1W_GCA_030123025.1	Bacillus_paralicheniformis_CEW 1W_GCA_030123025.1
OTU_109	0	0	0	0	0	0	0	0	0	0	0	1	0	0	0	0	0	0	0	0	0	0	0	0	0	0	0	0	0	0	0	0	0	0	0	0	0	0	0	0	0	0	g__Paenibacillus_silvae_LY60_GCF_030348445.1	s__	Paenibacillus_silvae_LY60_GCF_030348445.1
OTU_110	0	0	0	0	0	0	0	0	1	0	0	0	0	1	0	0	0	0	1	0	0	0	1	0	0	0	0	0	0	0	0	0	0	0	0	0	0	0	0	0	0	0	g__Paenibacillus_silvae_LY60_GCF_030348445.1	s__	Paenibacillus_silvae_LY60_GCF_030348445.1
OTU_111	0	0	0	0	0	0	0	0	0	0	0	0	0	0	0	1	0	0	0	0	0	0	0	0	0	0	0	0	0	0	0	0	0	0	0	0	0	0	0	0	0	0	g__Paenibacillus_sp.	s__11B_GCF-030487755.1	Paenibacillus_sp. 11B_GCF-030487755.1
OTU_112	0	0	0	0	0	0	0	0	0	0	0	0	0	0	0	0	1	0	0	0	0	0	0	0	0	0	0	0	0	0	0	0	0	0	0	0	0	0	0	0	0	0	g__Bacillus_sonorensis_YX13_GCA_031324045.1	s__	Bacillus_sonorensis_YX13_GCA_031324045.1
OTU_113	1	0	0	0	0	0	0	0	0	0	0	0	0	0	0	0	0	0	0	0	0	0	0	0	0	0	0	0	0	0	0	0	0	0	0	0	0	0	0	0	0	0	g__Bacillus_paralicheniformis_CEW	s__1W_GCA_030123025.1	Bacillus_paralicheniformis_CEW 1W_GCA_030123025.1
OTU_114	0	0	0	0	0	0	0	0	0	0	0	1	0	0	0	0	0	0	0	0	0	0	0	0	0	0	0	0	0	0	0	0	0	0	0	0	0	0	0	0	0	0	g__Paenibacillus_sp.	s__11B_GCF-030487755.1	Paenibacillus_sp. 11B_GCF-030487755.1
OTU_115	0	0	0	0	0	0	0	0	0	0	0	0	1	0	0	0	0	0	0	0	0	0	0	0	0	0	0	0	0	0	0	0	0	0	0	0	0	0	0	0	0	0	g__Bacillus_wiedmannii_Munchenroda_S7_GCA_030348415.1	s__	Bacillus_wiedmannii_Munchenroda_S7_GCA_030348415.1
OTU_116	0	0	0	0	0	0	0	0	0	0	0	0	0	1	0	0	0	0	0	0	0	0	0	0	0	0	0	0	0	0	0	0	0	0	0	0	0	0	0	0	0	0	g__Bacillus_hominis_SIN2.1_GCA_030348325.1	s__	Bacillus_hominis_SIN2.1_GCA_030348325.1
OTU_117	0	0	0	0	0	0	0	0	0	0	0	0	0	0	0	0	0	1	0	0	0	0	0	0	0	0	0	0	0	0	0	0	0	0	0	0	0	0	0	0	0	0	g__Paenibacillus_sp.	s__11B_GCF-030487755.1	Paenibacillus_sp. 11B_GCF-030487755.1
OTU_118	0	0	0	0	0	0	0	0	0	0	0	0	0	0	0	0	0	0	0	0	0	0	0	0	0	0	0	0	0	0	0	0	0	0	0	0	0	1	0	0	0	0	g__Bacillus_paralicheniformis_CEW	s__1W_GCA_030123025.1	Bacillus_paralicheniformis_CEW 1W_GCA_030123025.1
OTU_119	0	0	0	0	0	0	0	0	0	0	0	0	0	0	1	0	0	0	0	0	0	0	0	0	0	0	0	0	0	0	0	0	0	0	0	0	0	0	0	0	0	0	g__Paenibacillus_silvae_LY60_GCF_030348445.1	s__	Paenibacillus_silvae_LY60_GCF_030348445.1
OTU_120	1	0	0	0	0	0	0	0	1	1	0	2	0	0	2	0	2	2	0	2	1	1	1	0	0	1	0	0	1	0	0	0	2	0	0	0	0	0	0	0	1	0	g__Bacillus_mycoides_SIN2.2_GCA_030292205.1	s__	Bacillus_mycoides_SIN2.2_GCA_030292205.1
OTU_121	0	0	0	0	0	0	0	0	0	0	0	0	0	0	0	0	0	0	0	0	0	0	0	0	0	0	0	1	0	0	0	0	0	0	0	0	0	0	0	0	0	0	g__Paenibacillus_sp.	s__11B_GCF-030487755.1	Paenibacillus_sp. 11B_GCF-030487755.1
OTU_122	0	0	3	1	0	0	1	0	0	0	0	2	0	0	0	1	1	2	0	0	0	1	0	0	0	0	0	0	0	0	0	0	0	0	0	0	0	1	0	0	0	0	g__Bacillus_halotolerans_KF17_GCA_030292055.1	s__	Bacillus_halotolerans_KF17_GCA_030292055.1
OTU_123	0	0	1	0	0	0	0	0	0	0	0	0	0	0	0	0	0	0	0	0	0	0	0	0	0	0	0	0	0	0	0	0	0	0	0	0	0	0	0	0	0	0	g__Paenibacillus_sp.	s__11B_GCF-030487755.1	Paenibacillus_sp. 11B_GCF-030487755.1
OTU_124	0	0	0	0	0	0	0	0	0	0	0	1	0	0	0	0	0	0	0	0	0	0	0	0	0	0	0	0	0	0	0	0	0	0	0	0	0	0	0	0	0	0	g__Fictibacillus_sp._b24_GCA_030348825.1	s__	Fictibacillus_sp._b24_GCA_030348825.1
OTU_125	0	0	0	0	0	0	0	0	0	0	0	0	0	0	0	0	0	0	0	1	0	0	0	0	0	0	0	0	0	0	0	0	0	0	0	0	0	0	0	0	0	0	g__Bacillus_licheniformis_D9_B_45_GCA_030348625.1	s__	Bacillus_licheniformis_D9_B_45_GCA_030348625.1
OTU_126	0	0	0	0	0	0	0	0	0	0	0	0	0	0	0	0	0	0	0	0	0	0	0	0	0	0	0	1	0	0	0	0	0	0	0	0	0	0	0	0	0	0	g__Paenibacillus_sp.	s__11B_GCF-030487755.1	Paenibacillus_sp. 11B_GCF-030487755.1
OTU_127	0	1	0	0	0	1	0	0	0	0	0	0	1	0	0	1	0	0	1	0	1	0	0	0	0	0	0	0	0	0	0	0	0	0	0	1	0	0	0	1	0	0	g__Bacillus_safensis_CEW-AP100_GCA_030122965.1	s__	Bacillus_safensis_CEW-AP100_GCA_030122965.1
OTU_128	0	0	0	0	0	0	0	0	0	0	0	0	0	0	0	0	0	0	0	0	0	0	0	0	0	0	0	0	0	0	0	0	0	0	0	1	0	0	0	0	0	0	g__Bacillus_sonorensis_YX13_GCA_031324045.1	s__	Bacillus_sonorensis_YX13_GCA_031324045.1
OTU_129	1	0	0	0	0	0	0	0	0	0	0	0	0	0	0	0	0	0	0	0	0	0	0	0	0	0	0	0	0	0	0	0	0	0	0	0	0	0	0	0	0	0	g__Paenibacillus_sp.	s__11B_GCF-030487755.1	Paenibacillus_sp. 11B_GCF-030487755.1
OTU_130	0	0	0	0	1	0	0	0	0	0	1	0	0	0	0	0	0	0	0	0	0	0	0	0	0	0	0	0	0	0	0	0	0	0	0	0	0	0	0	0	0	0	g__Bacillus_paralicheniformis_CEW	s__1W_GCA_030123025.1	Bacillus_paralicheniformis_CEW 1W_GCA_030123025.1
OTU_131	0	0	0	0	0	0	0	0	0	0	0	0	0	0	0	0	0	0	0	0	0	0	0	0	0	0	0	0	0	0	0	0	0	0	1	0	0	0	0	0	0	0	g__Bacillus_velezensis_MB7_B13_GCA_030348465.1	s__	Bacillus_velezensis_MB7_B13_GCA_030348465.1
OTU_132	1	2	0	0	0	0	0	1	0	2	0	0	0	0	0	0	0	0	1	0	0	1	0	1	0	0	0	0	0	0	0	0	0	0	1	0	0	0	0	0	0	0	g__Bacillus_paralicheniformis_CEW	s__1W_GCA_030123025.1	Bacillus_paralicheniformis_CEW 1W_GCA_030123025.1
OTU_133	1	0	0	0	0	0	0	0	0	0	0	0	0	0	0	0	0	0	0	0	0	0	0	0	0	0	0	0	0	0	0	0	0	0	0	0	0	0	0	0	0	0	g__Bacillus_paralicheniformis_CEW	s__1W_GCA_030123025.1	Bacillus_paralicheniformis_CEW 1W_GCA_030123025.1
OTU_134	0	0	0	0	0	0	0	0	1	0	0	0	0	0	0	0	0	1	0	0	0	0	0	0	0	0	0	0	0	0	0	0	0	0	0	0	0	0	0	0	0	0	g__Paenibacillus_sp.	s__11B_GCF-030487755.1	Paenibacillus_sp. 11B_GCF-030487755.1
OTU_135	0	0	0	0	0	0	0	0	0	0	0	0	0	0	0	0	0	0	0	0	0	0	0	0	0	0	0	0	0	0	0	0	0	1	0	0	0	0	0	0	0	0	g__Bacillus_toyonensis_G7S3_GCA_031324285.1	s__	Bacillus_toyonensis_G7S3_GCA_031324285.1
OTU_136	0	0	0	0	0	0	0	0	0	0	0	0	0	0	0	1	0	1	0	0	0	0	0	0	0	0	0	0	0	0	0	0	0	0	0	0	0	0	0	0	0	0	g__Bacillus_paralicheniformis_CEW	s__1W_GCA_030123025.1	Bacillus_paralicheniformis_CEW 1W_GCA_030123025.1
OTU_137	1	0	0	0	0	0	0	0	0	0	0	0	0	0	0	0	0	0	1	0	0	0	0	0	0	0	0	0	1	0	0	0	0	0	0	0	0	0	1	1	0	0	g__Bacillus_paralicheniformis_CEW	s__1W_GCA_030123025.1	Bacillus_paralicheniformis_CEW 1W_GCA_030123025.1
OTU_138	0	0	0	0	0	0	0	0	0	0	0	0	0	0	0	0	0	0	0	0	0	0	0	0	0	0	0	0	0	0	0	0	1	0	0	0	0	0	0	0	0	0	g__Bacillus_arachidis_YX15_GCA_030285945.1	s__	Bacillus_arachidis_YX15_GCA_030285945.1
OTU_139	0	0	0	0	0	0	1	0	1	0	0	0	0	0	0	0	0	1	0	0	0	0	0	0	0	0	0	0	0	0	0	0	0	0	0	0	0	0	0	0	1	0	g__Bacillus_paralicheniformis_CEW	s__1W_GCA_030123025.1	Bacillus_paralicheniformis_CEW 1W_GCA_030123025.1
OTU_140	3	1	3	3	3	1	2	2	1	0	0	2	0	3	4	2	1	2	3	5	0	1	0	1	0	1	0	0	1	1	0	1	3	0	1	0	0	4	1	1	2	1	g__Bacillus_safensis_CEW-AP100_GCA_030122965.1	s__	Bacillus_safensis_CEW-AP100_GCA_030122965.1
OTU_141	0	0	0	0	0	0	0	0	0	0	0	0	0	0	0	0	0	0	0	0	0	0	0	0	0	0	0	0	0	0	0	0	0	0	1	0	0	0	0	0	0	0	g__Paenibacillus_silvae_LY60_GCF_030348445.1	s__	Paenibacillus_silvae_LY60_GCF_030348445.1
OTU_142	0	0	0	0	0	0	0	0	0	0	0	0	0	0	0	0	0	0	0	1	0	0	0	0	0	0	0	0	0	0	0	0	0	0	0	0	0	0	0	0	0	0	g__Paenibacillus_sp.	s__11B_GCF-030487755.1	Paenibacillus_sp. 11B_GCF-030487755.1
OTU_143	0	0	0	0	0	0	0	0	0	0	0	0	0	0	0	0	0	0	0	0	0	0	0	0	0	0	0	0	0	0	0	0	0	0	1	0	0	0	0	0	0	0	g__Paenibacillus_sp.	s__11B_GCF-030487755.1	Paenibacillus_sp. 11B_GCF-030487755.1
OTU_144	0	0	0	0	0	0	0	0	0	0	0	0	0	0	0	0	0	1	0	0	0	0	0	0	0	0	0	0	0	0	0	0	0	0	0	0	0	0	0	0	0	0	g__Bacillus_paralicheniformis_CEW	s__1W_GCA_030123025.1	Bacillus_paralicheniformis_CEW 1W_GCA_030123025.1
OTU_145	0	0	0	0	0	0	0	0	0	0	0	0	0	0	0	0	0	0	0	1	0	0	0	0	0	0	0	0	0	0	0	0	0	0	0	0	0	0	0	0	0	0	g__Bacillus_paralicheniformis_CEW	s__1W_GCA_030123025.1	Bacillus_paralicheniformis_CEW 1W_GCA_030123025.1
OTU_146	0	0	0	0	0	0	0	0	0	0	0	0	0	0	0	0	0	0	0	0	0	0	0	0	0	0	0	0	1	0	0	0	0	0	0	0	0	0	0	0	0	0	g__Bacillus_sonorensis_YX13_GCA_031324045.1	s__	Bacillus_sonorensis_YX13_GCA_031324045.1
OTU_147	0	0	0	0	0	0	0	0	0	0	0	0	0	0	0	0	0	0	0	0	0	0	0	0	0	0	0	0	0	0	0	0	0	0	0	0	0	1	0	0	0	0	g__Paenibacillus_sp.	s__11B_GCF-030487755.1	Paenibacillus_sp. 11B_GCF-030487755.1
OTU_148	0	0	0	0	0	0	0	0	0	0	0	0	0	0	0	0	0	0	0	0	0	0	0	0	0	0	0	0	0	0	0	0	0	0	0	0	0	0	0	1	0	0	g__Paenibacillus_sp.	s__11B_GCF-030487755.1	Paenibacillus_sp. 11B_GCF-030487755.1
OTU_149	0	0	0	0	0	1	0	0	0	0	0	0	0	0	0	0	0	0	0	0	0	0	0	0	0	0	0	0	0	0	0	0	0	0	0	0	0	0	0	0	0	0	g__Paenibacillus_sp.	s__11B_GCF-030487755.1	Paenibacillus_sp. 11B_GCF-030487755.1
OTU_150	0	0	0	0	0	0	0	0	0	0	0	0	0	0	1	0	2	0	0	0	1	0	0	0	0	0	0	0	0	0	0	0	0	0	0	0	0	0	0	0	0	0	g__Bacillus_paralicheniformis_CEW	s__1W_GCA_030123025.1	Bacillus_paralicheniformis_CEW 1W_GCA_030123025.1
OTU_151	0	0	0	0	0	0	0	0	0	0	0	0	0	0	0	0	0	0	0	0	0	0	0	0	0	0	0	0	0	0	0	0	0	1	0	0	0	0	0	0	0	0	g__Bacillus_velezensis_NJ26_GCA_030123305.1	s__	Bacillus_velezensis_NJ26_GCA_030123305.1
OTU_152	0	0	0	0	0	0	0	0	0	0	0	0	0	0	0	0	0	0	0	0	0	0	0	0	0	0	0	0	0	0	0	0	0	0	0	1	0	0	0	0	0	0	g__Paenibacillus_sp.	s__11B_GCF-030487755.1	Paenibacillus_sp. 11B_GCF-030487755.1
OTU_153	0	0	0	0	0	0	0	0	0	0	0	1	0	0	0	0	0	0	0	0	0	0	0	0	0	0	0	0	0	0	0	0	0	0	0	0	0	0	0	0	0	0	g__Bacillus_paralicheniformis_CEW	s__1W_GCA_030123025.1	Bacillus_paralicheniformis_CEW 1W_GCA_030123025.1
OTU_154	2	0	0	1	0	1	1	0	1	1	2	2	0	2	0	1	2	2	1	0	3	2	0	0	0	0	0	1	0	0	0	0	1	0	1	0	0	3	2	0	1	0	g__Paenibacillus_silvae_LY60_GCF_030348445.1	s__	Paenibacillus_silvae_LY60_GCF_030348445.1
OTU_155	0	0	0	0	0	0	0	0	0	0	0	0	0	0	0	0	0	0	0	0	0	0	0	0	0	0	0	0	0	0	0	1	0	0	0	0	0	0	0	0	0	0	g__Bacillus_subtilis_KF24_GCA_030123145.1	s__	Bacillus_subtilis_KF24_GCA_030123145.1
OTU_156	1	0	0	0	0	0	0	0	0	0	0	0	0	0	0	0	0	0	0	0	0	0	0	0	0	0	0	0	0	0	0	0	1	0	0	0	0	0	0	0	0	0	g__Paenibacillus_silvae_LY60_GCF_030348445.1	s__	Paenibacillus_silvae_LY60_GCF_030348445.1
OTU_157	0	0	0	0	0	0	0	0	0	0	0	0	0	1	0	0	0	0	0	0	0	0	0	0	0	0	0	0	0	0	0	0	0	0	0	0	0	0	0	0	0	0	g__Paenibacillus_sp.	s__11B_GCF-030487755.1	Paenibacillus_sp. 11B_GCF-030487755.1
OTU_158	0	0	0	0	0	0	0	0	0	0	0	0	0	0	1	0	0	0	0	0	1	0	0	0	0	0	0	0	0	0	0	0	0	0	0	0	0	0	0	0	0	0	g__Bacillus_arachidis_YX15_GCA_030285945.1	s__	Bacillus_arachidis_YX15_GCA_030285945.1
OTU_159	0	0	0	0	0	0	0	0	0	0	0	0	0	0	0	1	0	0	0	0	0	0	0	0	0	0	0	0	0	0	0	0	1	0	0	1	0	0	0	0	0	0	g__Lysinibacillus_pakistanensis_LY92_GCA_030123265.1	s__	Lysinibacillus_pakistanensis_LY92_GCA_030123265.1
OTU_160	0	0	0	0	0	0	0	0	0	0	0	0	0	0	0	0	1	0	0	0	0	0	0	0	0	0	0	0	0	0	0	0	0	0	0	0	0	0	0	0	0	0	g__Bacillus_sonorensis_YX13_GCA_031324045.1	s__	Bacillus_sonorensis_YX13_GCA_031324045.1
OTU_161	0	0	0	0	0	0	0	0	0	0	1	1	0	0	0	0	2	1	0	0	0	0	0	0	0	0	0	0	0	0	0	0	0	0	0	1	0	0	0	0	0	0	g__Bacillus_pseudomycoides_SIN1.1_GCA_031324125.1	s__	Bacillus_pseudomycoides_SIN1.1_GCA_031324125.1
OTU_162	0	0	0	0	0	0	0	0	0	0	0	0	0	0	0	0	0	0	0	0	0	0	0	0	0	0	0	0	0	0	0	0	0	0	0	0	0	0	0	1	0	0	g__Bacillus_paralicheniformis_CEW	s__1W_GCA_030123025.1	Bacillus_paralicheniformis_CEW 1W_GCA_030123025.1
OTU_163	0	0	0	0	0	0	0	0	0	0	0	0	0	0	0	0	0	0	0	1	0	0	0	0	0	0	0	0	0	0	0	0	0	0	0	0	0	0	0	0	0	0	g__Bacillus_paralicheniformis_CEW	s__1W_GCA_030123025.1	Bacillus_paralicheniformis_CEW 1W_GCA_030123025.1
OTU_164	1	0	0	1	0	0	0	0	0	0	0	2	0	0	3	1	2	4	3	4	0	1	0	0	0	0	0	0	0	0	0	0	0	0	0	0	0	1	0	0	0	0	g__Bacillus_mycoides_SIN2.2_GCA_030292205.1	s__	Bacillus_mycoides_SIN2.2_GCA_030292205.1
OTU_165	3	3	6	4	6	3	5	3	2	3	4	13	1	7	7	7	5	5	2	6	5	1	1	1	0	2	1	2	0	1	0	0	2	0	2	3	0	3	2	2	1	3	g__Bacillus_sonorensis_YX13_GCA_031324045.1	s__	Bacillus_sonorensis_YX13_GCA_031324045.1
OTU_166	0	0	0	0	0	0	0	0	0	0	0	0	0	0	1	0	0	0	0	0	0	0	0	0	0	0	0	0	0	0	0	0	0	0	0	0	0	0	0	0	0	0	g__Paenibacillus_sp.	s__11B_GCF-030487755.1	Paenibacillus_sp. 11B_GCF-030487755.1
OTU_167	0	0	0	1	0	0	0	0	0	0	0	0	0	0	0	0	0	0	0	0	0	0	0	0	0	0	0	0	0	0	0	0	0	0	0	0	0	0	0	0	0	0	g__Paenibacillus_sp.	s__11B_GCF-030487755.1	Paenibacillus_sp. 11B_GCF-030487755.1
OTU_168	0	0	0	0	0	0	0	0	0	0	0	0	0	0	0	0	0	0	0	0	0	0	0	0	0	1	0	0	0	0	0	0	0	0	0	0	0	0	0	0	0	0	g__Bacillus_paralicheniformis_CEW	s__1W_GCA_030123025.1	Bacillus_paralicheniformis_CEW 1W_GCA_030123025.1
OTU_169	0	0	0	0	0	0	0	0	0	0	0	0	0	0	0	0	0	0	0	1	0	0	0	0	0	0	0	0	0	0	0	0	0	0	0	0	0	0	0	0	0	0	g__Bacillus_paralicheniformis_CEW	s__1W_GCA_030123025.1	Bacillus_paralicheniformis_CEW 1W_GCA_030123025.1
OTU_170	0	0	0	0	0	0	0	0	0	0	0	0	0	0	0	0	0	0	0	0	1	0	0	0	0	0	0	0	0	0	0	0	0	0	0	0	0	0	0	0	0	0	g__Paenibacillus_silvae_LY60_GCF_030348445.1	s__	Paenibacillus_silvae_LY60_GCF_030348445.1
OTU_171	0	0	0	0	0	0	0	0	0	0	0	0	0	0	0	0	0	0	0	0	1	0	0	0	0	0	0	0	0	0	0	0	0	0	0	0	0	0	0	0	0	0	g__Paenibacillus_silvae_LY60_GCF_030348445.1	s__	Paenibacillus_silvae_LY60_GCF_030348445.1
OTU_172	0	0	0	0	1	1	0	0	1	0	0	0	0	0	0	0	0	1	0	0	0	0	0	0	0	0	0	0	0	0	0	0	0	0	0	0	0	0	0	1	1	0	g__Bacillus_paralicheniformis_CEW	s__1W_GCA_030123025.1	Bacillus_paralicheniformis_CEW 1W_GCA_030123025.1
OTU_173	0	0	0	0	0	0	0	0	0	0	0	0	0	0	1	0	0	0	0	0	0	0	0	0	0	0	0	0	0	0	0	0	0	0	0	0	0	0	0	0	0	0	g__Bacillus_toyonensis_Puebla_S2_GCA_030167055.1	s__	Bacillus_toyonensis_Puebla_S2_GCA_030167055.1
OTU_174	0	0	1	0	0	0	0	0	0	0	0	0	0	0	0	0	0	0	0	0	0	0	0	0	0	0	0	1	0	0	0	0	0	0	0	0	0	0	0	0	0	0	g__Paenibacillus_silvae_LY60_GCF_030348445.1	s__	Paenibacillus_silvae_LY60_GCF_030348445.1
OTU_175	0	0	0	0	0	1	0	0	0	0	0	0	0	0	0	0	0	0	0	0	0	0	0	0	0	0	0	0	0	0	0	0	0	0	0	0	0	0	0	0	0	0	g__Bacillus_paralicheniformis_CEW	s__1W_GCA_030123025.1	Bacillus_paralicheniformis_CEW 1W_GCA_030123025.1
OTU_176	0	0	0	0	0	0	0	0	0	0	0	0	0	0	0	0	0	1	0	0	0	0	0	0	0	0	0	0	0	0	0	0	0	0	0	0	0	0	0	0	0	0	g__Paenibacillus_sp.	s__11B_GCF-030487755.1	Paenibacillus_sp. 11B_GCF-030487755.1
OTU_177	0	0	1	0	0	0	1	0	0	0	1	2	0	1	0	0	0	1	0	0	0	0	0	0	0	0	0	0	0	0	0	0	0	0	0	0	0	0	1	2	0	1	g__Bacillus_velezensis_MB7_B13_GCA_030348465.1	s__	Bacillus_velezensis_MB7_B13_GCA_030348465.1
OTU_178	0	0	0	0	0	0	0	0	0	0	0	0	0	0	0	0	1	0	0	0	0	0	0	0	0	0	0	0	0	0	0	0	0	0	0	0	0	0	0	0	0	0	g__Paenibacillus_sp.	s__11B_GCF-030487755.1	Paenibacillus_sp. 11B_GCF-030487755.1
OTU_179	0	0	0	0	0	0	0	0	0	0	0	0	0	1	0	0	0	0	0	0	0	0	0	0	0	0	0	0	0	0	0	0	0	0	0	0	0	0	0	0	0	0	g__Paenibacillus_sp.	s__11B_GCF-030487755.1	Paenibacillus_sp. 11B_GCF-030487755.1
OTU_180	0	0	0	0	0	0	0	0	0	0	0	0	0	0	1	0	0	0	0	0	0	0	0	0	0	0	0	0	0	0	0	0	0	0	0	0	0	0	0	1	1	0	g__Lysinibacillus_sphaericus_ACCC03577_GCA_030348985.1	s__	Lysinibacillus_sphaericus_ACCC03577_GCA_030348985.1
OTU_181	0	0	0	0	0	0	0	0	0	0	0	1	0	0	0	0	0	0	0	0	0	0	0	0	0	0	0	0	0	0	0	0	0	0	0	0	0	0	0	0	0	0	g__Bacillus_sonorensis_YX13_GCA_031324045.1	s__	Bacillus_sonorensis_YX13_GCA_031324045.1
OTU_182	0	0	0	0	0	0	0	0	0	0	0	0	0	0	0	0	0	0	0	0	0	0	0	0	0	0	0	0	0	0	0	0	1	0	0	0	0	0	0	0	0	0	g__Bacillus_paralicheniformis_CEW	s__1W_GCA_030123025.1	Bacillus_paralicheniformis_CEW 1W_GCA_030123025.1
OTU_183	0	0	0	0	0	0	0	0	0	0	0	1	0	0	0	0	0	0	0	0	0	0	0	0	0	0	0	0	0	0	0	0	1	0	0	0	1	0	0	0	0	0	g__Paenibacillus_silvae_LY60_GCF_030348445.1	s__	Paenibacillus_silvae_LY60_GCF_030348445.1
OTU_184	0	0	0	0	0	0	0	0	1	0	0	0	0	0	0	0	0	0	0	0	0	0	0	0	0	0	0	0	0	0	0	0	0	0	0	0	0	0	0	0	0	0	g__Bacillus_paralicheniformis_CEW	s__1W_GCA_030123025.1	Bacillus_paralicheniformis_CEW 1W_GCA_030123025.1
OTU_185	0	0	0	0	0	0	0	0	0	0	0	0	0	0	0	0	0	0	0	1	0	0	0	0	0	0	0	0	0	0	0	0	0	0	0	0	0	0	0	0	0	0	g__Paenibacillus_sp.	s__11B_GCF-030487755.1	Paenibacillus_sp. 11B_GCF-030487755.1
OTU_186	0	0	0	0	0	0	0	0	0	0	0	0	0	0	0	0	0	0	0	0	0	0	0	0	0	0	0	0	0	0	0	0	0	0	0	1	0	0	0	0	0	0	g__Paenibacillus_sp.	s__11B_GCF-030487755.1	Paenibacillus_sp. 11B_GCF-030487755.1
OTU_187	0	0	0	0	0	0	0	0	0	0	0	1	0	0	0	0	0	0	0	0	0	0	0	0	0	0	0	0	0	0	0	0	0	0	0	0	0	0	0	0	0	0	g__Paenibacillus_sp.	s__11B_GCF-030487755.1	Paenibacillus_sp. 11B_GCF-030487755.1
OTU_188	1	0	0	1	0	1	0	0	0	1	0	2	0	1	1	0	0	1	2	3	0	0	0	0	0	0	0	0	0	0	0	0	2	0	2	0	0	1	1	0	1	1	g__Bacillus_altitudinis_G6S2_GCA_030123125.1	s__	Bacillus_altitudinis_G6S2_GCA_030123125.1
OTU_189	0	0	0	0	0	0	0	0	0	0	0	0	0	0	0	0	0	0	0	0	0	0	0	0	0	0	0	0	0	0	0	0	0	0	0	1	0	0	0	0	0	0	g__Paenibacillus_sp.	s__11B_GCF-030487755.1	Paenibacillus_sp. 11B_GCF-030487755.1
OTU_190	0	0	0	0	0	0	0	0	0	0	0	1	0	0	0	0	0	0	0	0	0	0	0	0	0	0	0	0	0	0	0	0	0	0	1	1	0	1	0	0	1	1	g__Paenibacillus_silvae_LY60_GCF_030348445.1	s__	Paenibacillus_silvae_LY60_GCF_030348445.1
OTU_191	0	1	0	0	0	0	0	0	0	0	0	0	0	0	0	0	0	0	0	0	0	0	0	0	0	0	0	0	0	0	0	0	0	0	0	0	0	0	0	0	0	0	g__Bacillus_sonorensis_YX13_GCA_031324045.1	s__	Bacillus_sonorensis_YX13_GCA_031324045.1
OTU_192	0	0	0	0	0	0	1	0	0	0	0	0	0	0	0	0	0	0	0	0	0	0	0	0	0	0	0	0	0	0	0	0	0	0	0	0	0	0	0	0	0	0	g__Paenibacillus_silvae_LY60_GCF_030348445.1	s__	Paenibacillus_silvae_LY60_GCF_030348445.1
OTU_193	0	0	0	0	0	0	0	0	0	0	0	1	0	0	0	0	0	0	0	0	0	0	0	0	0	0	0	0	0	0	0	0	0	0	0	0	0	0	0	0	0	0	g__Paenibacillus_sp.	s__11B_GCF-030487755.1	Paenibacillus_sp. 11B_GCF-030487755.1
OTU_194	0	0	0	0	0	0	0	0	0	0	0	0	0	1	0	0	0	0	0	0	0	0	0	0	0	0	0	0	0	0	0	0	0	0	0	0	0	0	0	0	0	0	g__Paenibacillus_silvae_LY60_GCF_030348445.1	s__	Paenibacillus_silvae_LY60_GCF_030348445.1
OTU_195	0	0	0	0	0	0	0	0	0	0	0	0	0	1	0	0	0	0	0	0	0	0	0	0	0	0	0	0	0	0	0	0	0	0	0	0	0	0	0	0	0	0	g__Paenibacillus_silvae_LY60_GCF_030348445.1	s__	Paenibacillus_silvae_LY60_GCF_030348445.1
OTU_196	0	0	0	0	0	0	0	0	0	0	0	0	0	0	0	0	0	0	0	0	0	0	0	0	0	0	0	0	0	0	0	0	0	0	0	0	0	0	0	0	1	0	g__Fictibacillus_sp._b24_GCA_030348825.1	s__	Fictibacillus_sp._b24_GCA_030348825.1
OTU_197	2	2	2	2	0	0	4	0	0	0	0	4	1	2	2	1	0	1	0	3	0	0	1	1	1	0	0	1	1	0	0	1	1	0	5	1	0	1	1	1	3	1	g__Bacillus_paralicheniformis_CEW	s__1W_GCA_030123025.1	Bacillus_paralicheniformis_CEW 1W_GCA_030123025.1
OTU_198	0	0	0	0	0	0	0	0	0	0	0	0	0	0	0	0	1	0	0	0	0	0	0	0	0	0	0	0	0	0	0	0	0	0	0	0	0	0	0	0	0	0	g__Bacillus_sonorensis_YX13_GCA_031324045.1	s__	Bacillus_sonorensis_YX13_GCA_031324045.1
OTU_199	1	0	0	1	0	0	0	0	2	0	0	2	0	0	0	0	0	0	0	1	0	0	0	0	0	0	0	0	0	0	0	0	0	0	0	0	0	0	1	1	0	0	g__Paenibacillus_sp.	s__11B_GCF-030487755.1	Paenibacillus_sp. 11B_GCF-030487755.1
OTU_200	0	0	0	0	0	0	0	0	0	0	0	0	0	0	1	0	0	0	0	0	0	0	0	0	0	0	0	0	0	0	0	0	0	0	0	0	0	0	0	0	0	0	g__Peribacillus_sp.	s__NJ11_GCA_030348405.1	Peribacillus_sp. NJ11_GCA_030348405.1
OTU_201	1	0	0	0	0	0	0	0	0	0	0	0	0	0	0	0	0	0	0	0	0	0	0	0	0	0	0	0	0	0	0	0	0	0	0	0	0	0	0	0	0	0	g__Bacillus_pseudomycoides_SIN1.1_GCA_031324125.1	s__	Bacillus_pseudomycoides_SIN1.1_GCA_031324125.1
OTU_202	0	0	0	0	0	0	0	0	0	0	0	0	0	1	0	0	0	0	0	0	0	0	0	0	0	0	0	0	0	0	0	0	0	0	0	0	0	0	0	0	0	0	g__Paenibacillus_sp.	s__11B_GCF-030487755.1	Paenibacillus_sp. 11B_GCF-030487755.1
OTU_203	0	0	0	0	0	0	0	0	0	0	0	0	0	0	0	1	0	0	0	0	0	0	0	0	0	0	0	0	0	0	0	0	0	0	0	0	0	0	0	0	0	0	g__Paenibacillus_sp.	s__11B_GCF-030487755.1	Paenibacillus_sp. 11B_GCF-030487755.1
OTU_204	0	0	0	0	0	0	0	0	0	0	0	0	0	0	0	0	1	0	0	0	0	0	0	0	0	0	0	0	0	0	0	0	0	0	0	0	0	0	0	0	0	0	g__Paenibacillus_sp.	s__11B_GCF-030487755.1	Paenibacillus_sp. 11B_GCF-030487755.1
OTU_205	0	0	0	0	0	0	0	0	0	0	0	0	0	0	0	0	0	1	0	0	0	0	0	0	0	0	0	0	0	0	0	0	0	0	0	0	0	0	0	0	0	0	g__Paenibacillus_sp.	s__11B_GCF-030487755.1	Paenibacillus_sp. 11B_GCF-030487755.1
OTU_206	0	0	0	0	0	0	0	0	0	0	0	0	0	0	0	0	0	0	0	0	0	0	0	0	0	0	0	0	0	0	0	0	0	0	0	1	0	0	0	0	0	0	g__Paenibacillus_woosongensis	s__B2_4_GCA_030122845.1	Paenibacillus_woosongensis B2_4_GCA_030122845.1
OTU_207	0	0	0	0	0	0	0	0	0	0	0	1	0	0	0	0	0	0	0	0	0	0	0	0	0	0	0	0	0	0	0	0	0	0	0	0	0	0	0	0	0	0	g__Bacillus_sonorensis_YX13_GCA_031324045.1	s__	Bacillus_sonorensis_YX13_GCA_031324045.1
OTU_208	0	0	0	0	0	0	0	0	0	0	0	0	0	0	1	0	0	0	0	0	0	0	0	0	0	0	0	0	0	0	0	0	0	0	0	0	0	0	0	0	0	0	g__Paenibacillus_sp.	s__11B_GCF-030487755.1	Paenibacillus_sp. 11B_GCF-030487755.1
OTU_209	0	1	0	0	0	0	0	0	0	0	0	0	0	0	0	0	0	0	0	0	0	0	0	0	0	0	0	0	0	0	0	0	0	0	0	0	0	0	0	0	0	0	g__Paenibacillus_silvae_LY60_GCF_030348445.1	s__	Paenibacillus_silvae_LY60_GCF_030348445.1
OTU_210	0	0	0	0	0	0	0	0	0	0	1	0	0	0	0	0	0	0	0	0	0	0	0	0	0	0	0	0	0	0	0	0	0	0	0	0	0	0	0	0	0	0	g__Paenibacillus_sp.	s__11B_GCF-030487755.1	Paenibacillus_sp. 11B_GCF-030487755.1
OTU_211	0	0	0	0	0	0	0	0	0	0	0	0	0	0	0	0	0	1	0	0	0	0	0	0	0	0	0	0	0	0	0	0	0	0	0	0	0	0	0	0	0	0	g__Bacillus_sonorensis_YX13_GCA_031324045.1	s__	Bacillus_sonorensis_YX13_GCA_031324045.1
OTU_212	1	0	2	2	0	0	0	0	0	0	0	1	0	1	2	0	1	0	3	0	2	2	0	1	0	0	0	0	0	0	0	0	0	1	0	2	0	0	0	0	1	1	g__Bacillus_paralicheniformis_CEW	s__1W_GCA_030123025.1	Bacillus_paralicheniformis_CEW 1W_GCA_030123025.1
OTU_213	0	1	0	0	0	0	0	0	0	0	0	1	0	0	1	0	0	0	1	1	2	0	0	0	0	0	1	1	0	0	0	0	0	0	0	0	0	0	0	0	0	0	g__Paenibacillus_woosongensis	s__B2_4_GCA_030122845.1	Paenibacillus_woosongensis B2_4_GCA_030122845.1
OTU_214	0	0	0	0	0	0	0	0	0	0	0	0	0	0	0	0	0	0	0	0	0	1	0	0	0	0	0	0	0	0	0	0	0	0	0	0	0	0	0	0	0	0	g__Paenibacillus_sp.	s__11B_GCF-030487755.1	Paenibacillus_sp. 11B_GCF-030487755.1
OTU_215	0	0	0	0	0	0	0	0	0	0	0	0	0	0	0	0	0	0	0	0	0	0	0	0	0	0	0	0	0	0	0	0	1	0	0	0	0	0	0	0	0	0	g__Paenibacillus_sp.	s__11B_GCF-030487755.1	Paenibacillus_sp. 11B_GCF-030487755.1
OTU_216	0	0	0	1	0	0	0	0	0	0	0	0	0	0	0	0	0	0	0	0	0	0	0	0	0	1	0	0	0	0	0	0	0	0	0	0	0	0	0	0	0	0	g__Paenibacillus_sp.	s__11B_GCF-030487755.1	Paenibacillus_sp. 11B_GCF-030487755.1
OTU_217	0	0	0	0	0	0	0	0	0	1	0	0	0	0	0	0	0	0	0	0	0	0	0	0	0	0	0	0	0	0	0	0	0	0	0	0	0	0	0	0	0	0	g__Paenibacillus_silvae_LY60_GCF_030348445.1	s__	Paenibacillus_silvae_LY60_GCF_030348445.1
OTU_218	0	0	0	0	0	0	0	0	0	0	0	0	0	0	1	0	0	0	0	0	0	0	0	0	0	0	0	0	0	0	0	0	0	0	0	0	0	0	0	0	0	0	g__Brevibacillus_parabrevis_GCA_031324325.1	s__	Brevibacillus_parabrevis_GCA_031324325.1
OTU_219	0	0	0	0	0	0	0	0	0	0	0	0	0	0	0	0	0	1	0	0	0	0	0	0	0	0	0	0	0	0	0	0	0	0	0	0	0	0	0	0	0	0	g__Paenibacillus_sp.	s__11B_GCF-030487755.1	Paenibacillus_sp. 11B_GCF-030487755.1
OTU_220	1	2	3	2	1	0	1	1	2	2	0	4	0	4	5	3	4	6	3	4	1	3	2	1	2	0	2	2	2	2	1	0	0	0	2	1	2	2	3	3	2	2	g__Paenibacillus_sp.	s__11B_GCF-030487755.1	Paenibacillus_sp. 11B_GCF-030487755.1
OTU_221	0	0	0	0	0	0	0	0	0	0	0	0	0	0	0	1	0	0	0	0	0	0	0	0	0	0	0	0	0	0	0	0	0	0	0	0	0	0	0	0	0	0	g__Paenibacillus_silvae_LY60_GCF_030348445.1	s__	Paenibacillus_silvae_LY60_GCF_030348445.1
OTU_222	0	0	0	0	0	0	0	0	0	0	0	0	0	0	0	0	0	0	0	0	0	0	1	0	0	0	0	0	0	0	0	0	0	0	0	1	0	0	0	1	0	0	g__Bacillus_velezensis_NJ26_GCA_030123305.1	s__	Bacillus_velezensis_NJ26_GCA_030123305.1
OTU_223	0	0	0	0	0	0	0	0	0	0	0	0	0	0	0	0	2	1	0	0	0	0	0	0	0	1	1	0	0	0	0	0	1	0	0	0	0	0	0	0	1	0	g__Paenibacillus_sp.	s__11B_GCF-030487755.1	Paenibacillus_sp. 11B_GCF-030487755.1
OTU_224	0	0	0	0	0	0	0	0	0	0	0	0	1	0	0	0	0	0	0	0	0	0	0	0	0	0	0	0	0	0	0	0	0	0	0	0	0	0	0	0	0	0	g__Paenibacillus_sp.	s__11B_GCF-030487755.1	Paenibacillus_sp. 11B_GCF-030487755.1
OTU_225	0	0	0	0	0	0	0	0	0	0	0	0	0	1	0	0	0	0	0	0	0	0	0	0	0	0	0	0	0	0	0	0	0	0	0	0	0	0	0	0	0	0	g__Paenibacillus_sp.	s__11B_GCF-030487755.1	Paenibacillus_sp. 11B_GCF-030487755.1
OTU_226	0	0	0	0	0	0	0	0	0	0	0	0	0	0	0	0	0	0	1	0	0	0	0	0	0	0	0	0	0	0	0	0	0	0	0	0	0	0	0	0	0	0	g__Paenibacillus_sp.	s__11B_GCF-030487755.1	Paenibacillus_sp. 11B_GCF-030487755.1
OTU_227	0	0	0	0	0	0	0	0	0	0	0	0	0	0	0	0	0	0	0	1	0	0	0	0	0	0	0	0	0	0	0	0	0	0	0	0	0	0	0	0	0	0	g__Paenibacillus_sp.	s__11B_GCF-030487755.1	Paenibacillus_sp. 11B_GCF-030487755.1
OTU_228	0	0	0	0	0	1	0	0	0	0	0	0	0	0	0	0	0	0	0	0	0	0	0	0	0	0	0	0	0	0	0	0	0	0	0	0	0	0	0	0	0	0	g__Paenibacillus_silvae_LY60_GCF_030348445.1	s__	Paenibacillus_silvae_LY60_GCF_030348445.1
OTU_229	0	0	0	0	0	0	0	0	0	0	0	0	0	0	0	0	0	1	0	0	0	0	0	0	0	0	0	0	0	0	0	0	0	0	0	0	0	0	0	0	0	0	g__Bacillus_paralicheniformis_CEW	s__1W_GCA_030123025.1	Bacillus_paralicheniformis_CEW 1W_GCA_030123025.1
OTU_230	0	0	0	0	0	0	0	0	0	0	0	0	0	0	0	0	0	0	0	0	1	0	0	0	0	0	0	0	0	0	0	0	0	0	0	0	0	0	0	0	0	0	g__Paenibacillus_sp.	s__11B_GCF-030487755.1	Paenibacillus_sp. 11B_GCF-030487755.1
OTU_231	1	0	0	0	0	0	0	0	0	0	0	1	0	0	0	1	1	1	0	0	0	0	0	0	0	0	0	0	0	0	0	0	0	0	0	0	0	0	0	0	0	0	g__Bacillus_pumilus_B2_10_GCA_030122825.1	s__	Bacillus_pumilus_B2_10_GCA_030122825.1
OTU_232	0	0	0	0	0	0	0	0	0	0	0	1	0	0	0	0	0	0	0	0	0	0	0	0	0	0	0	0	0	0	0	0	0	0	0	0	0	0	0	0	0	0	g__Paenibacillus_silvae_LY60_GCF_030348445.1	s__	Paenibacillus_silvae_LY60_GCF_030348445.1
OTU_233	0	0	0	0	0	0	0	0	0	0	0	0	0	0	0	0	0	0	0	0	0	0	0	0	0	1	0	0	0	0	0	0	0	0	0	0	0	0	0	0	0	0	g__Paenibacillus_silvae_LY60_GCF_030348445.1	s__	Paenibacillus_silvae_LY60_GCF_030348445.1
OTU_234	0	0	0	0	0	0	0	0	0	0	0	0	0	0	0	1	0	0	0	0	0	0	0	0	0	0	0	0	0	0	0	0	0	0	0	0	0	0	0	0	0	0	g__Paenibacillus_sp.	s__11B_GCF-030487755.1	Paenibacillus_sp. 11B_GCF-030487755.1
OTU_235	0	0	0	0	0	0	0	0	0	0	0	0	0	0	0	0	0	1	0	0	0	0	0	0	0	0	0	0	0	0	0	0	0	0	0	0	0	0	0	0	0	0	g__Paenibacillus_sp.	s__11B_GCF-030487755.1	Paenibacillus_sp. 11B_GCF-030487755.1
OTU_236	0	0	0	0	0	0	0	0	0	0	0	0	0	0	0	0	0	0	1	0	0	0	0	0	0	0	0	0	0	0	0	0	0	0	0	0	0	0	0	0	0	0	g__Paenibacillus_sp.	s__11B_GCF-030487755.1	Paenibacillus_sp. 11B_GCF-030487755.1
OTU_237	0	0	0	0	1	0	0	0	0	0	0	0	0	0	0	0	0	0	0	0	0	0	0	0	0	0	0	0	0	0	0	0	0	0	0	0	0	0	0	0	0	0	g__Bacillus_safensis_CEW-AP100_GCA_030122965.1	s__	Bacillus_safensis_CEW-AP100_GCA_030122965.1
OTU_238	0	0	0	0	0	0	0	0	0	0	1	0	0	0	0	0	0	0	0	0	0	0	0	0	0	0	0	0	0	0	0	0	0	0	0	0	0	0	0	0	0	0	g__Paenibacillus_silvae_LY60_GCF_030348445.1	s__	Paenibacillus_silvae_LY60_GCF_030348445.1
OTU_239	0	0	0	0	0	0	0	0	0	0	0	0	0	0	1	0	0	0	0	0	0	0	0	0	0	0	0	0	0	0	0	0	0	0	0	0	0	0	0	0	0	0	g__Bacillus_sonorensis_YX13_GCA_031324045.1	s__	Bacillus_sonorensis_YX13_GCA_031324045.1
OTU_240	0	0	0	0	0	0	0	0	0	0	0	0	0	0	0	0	0	0	1	0	0	0	0	0	0	0	0	0	0	0	0	0	0	0	0	0	0	0	0	0	0	0	g__Paenibacillus_sp.	s__11B_GCF-030487755.1	Paenibacillus_sp. 11B_GCF-030487755.1
OTU_241	0	0	0	1	0	0	0	0	0	0	0	0	0	0	0	0	0	0	0	0	0	0	0	0	0	0	0	0	0	0	0	0	0	0	0	0	0	0	0	0	0	0	g__Bacillus_paralicheniformis_CEW	s__1W_GCA_030123025.1	Bacillus_paralicheniformis_CEW 1W_GCA_030123025.1
OTU_242	0	0	0	0	0	0	0	0	0	0	0	0	0	0	0	0	1	0	0	0	0	0	0	0	0	0	0	0	0	0	0	0	0	0	0	0	0	0	0	0	0	0	g__Paenibacillus_sp.	s__11B_GCF-030487755.1	Paenibacillus_sp. 11B_GCF-030487755.1
OTU_243	0	0	0	0	0	0	0	0	0	0	0	0	0	0	0	0	0	0	1	0	0	0	0	0	0	0	0	0	0	0	0	0	0	0	0	0	0	0	0	0	0	0	g__Bacillus_paralicheniformis_CEW	s__1W_GCA_030123025.1	Bacillus_paralicheniformis_CEW 1W_GCA_030123025.1
OTU_244	0	0	0	0	0	0	0	0	0	0	0	0	0	0	0	0	0	1	0	0	0	0	0	0	0	0	1	0	0	0	0	0	0	0	1	0	0	0	0	0	0	0	g__Bacillus_paralicheniformis_CEW	s__1W_GCA_030123025.1	Bacillus_paralicheniformis_CEW 1W_GCA_030123025.1
OTU_245	0	0	0	0	0	0	0	0	0	0	0	0	0	0	0	0	0	0	0	0	0	0	0	0	0	0	0	0	1	0	0	0	0	0	0	0	0	0	0	0	0	0	g__Paenibacillus_sp.	s__11B_GCF-030487755.1	Paenibacillus_sp. 11B_GCF-030487755.1
OTU_246	0	0	0	0	0	0	0	0	0	0	0	0	0	0	0	0	0	0	0	1	0	0	0	0	0	0	0	0	0	0	0	0	0	0	0	0	0	0	0	0	0	0	g__Fictibacillus_sp._b24_GCA_030348825.1	s__	Fictibacillus_sp._b24_GCA_030348825.1
OTU_247	0	0	0	0	0	0	1	0	0	0	0	0	0	0	0	0	1	0	0	0	0	0	0	0	0	0	0	0	0	0	0	0	0	0	0	0	0	0	0	0	0	0	g__Lysinibacillus_sp._G4S2_GCA_030348505.1	s__	Lysinibacillus_sp._G4S2_GCA_030348505.1
OTU_248	0	0	0	0	0	0	0	0	0	0	0	0	0	1	0	0	0	0	0	0	0	0	0	0	0	0	0	0	0	0	0	0	0	0	0	0	0	0	0	0	0	0	g__Bacillus_paralicheniformis_CEW	s__1W_GCA_030123025.1	Bacillus_paralicheniformis_CEW 1W_GCA_030123025.1
OTU_249	1	0	0	1	1	0	0	1	0	1	0	0	0	0	0	0	0	1	2	0	0	0	0	0	0	0	0	0	0	0	0	0	1	0	0	0	0	0	0	0	0	0	g__Bacillus_velezensis_MB7_B11_GCA_030123285.1	s__	Bacillus_velezensis_MB7_B11_GCA_030123285.1
OTU_250	1	0	0	0	0	0	0	0	0	0	0	0	0	0	0	0	0	0	0	0	0	0	0	0	0	0	0	0	0	0	0	0	0	0	0	0	0	0	0	0	0	0	g__Paenibacillus_sp.	s__11B_GCF-030487755.1	Paenibacillus_sp. 11B_GCF-030487755.1
OTU_251	0	0	0	0	0	0	0	0	0	0	0	0	0	1	0	0	0	0	0	0	0	0	0	0	0	0	0	0	0	0	1	0	0	0	0	0	0	0	0	0	0	0	g__Paenibacillus_silvae_LY60_GCF_030348445.1	s__	Paenibacillus_silvae_LY60_GCF_030348445.1
OTU_252	1	0	0	0	0	0	0	0	0	0	0	0	0	1	0	1	2	0	0	1	0	0	0	0	0	0	0	0	0	0	0	0	0	0	0	0	0	0	0	0	0	0	g__Paenibacillus_sp.	s__11B_GCF-030487755.1	Paenibacillus_sp. 11B_GCF-030487755.1
OTU_253	0	0	0	0	0	0	0	0	0	0	0	1	0	0	0	0	0	0	0	0	0	0	0	0	0	0	0	0	1	0	0	0	0	0	0	0	0	0	0	0	0	0	g__Paenibacillus_silvae_LY60_GCF_030348445.1	s__	Paenibacillus_silvae_LY60_GCF_030348445.1
OTU_254	0	0	0	0	0	0	0	0	0	0	0	0	0	0	0	0	1	0	0	0	0	0	0	0	0	0	0	0	0	0	0	0	0	0	0	0	0	0	0	0	0	0	g__Paenibacillus_sp.	s__11B_GCF-030487755.1	Paenibacillus_sp. 11B_GCF-030487755.1
OTU_255	0	0	1	0	0	0	0	0	0	0	0	0	0	1	0	0	0	0	1	0	0	0	0	0	1	0	0	0	0	0	0	0	1	0	0	0	1	0	0	0	0	0	g__Bacillus_paralicheniformis_CEW	s__1W_GCA_030123025.1	Bacillus_paralicheniformis_CEW 1W_GCA_030123025.1
OTU_256	0	0	0	0	0	0	0	0	0	0	0	0	0	0	0	0	0	0	0	0	0	0	0	0	0	0	1	0	0	0	0	0	0	0	0	0	0	0	0	0	0	0	g__Bacillus_paralicheniformis_CEW	s__1W_GCA_030123025.1	Bacillus_paralicheniformis_CEW 1W_GCA_030123025.1
OTU_257	0	0	0	0	0	0	0	0	0	0	0	0	0	0	0	0	0	0	0	0	0	0	0	0	0	0	0	0	0	0	0	0	0	0	1	0	0	0	0	0	0	0	g__Bacillus_paralicheniformis_CEW	s__1W_GCA_030123025.1	Bacillus_paralicheniformis_CEW 1W_GCA_030123025.1
OTU_258	0	0	0	0	0	0	0	0	0	0	0	0	0	0	0	0	0	0	0	0	0	0	0	0	0	0	0	0	0	0	0	0	0	0	0	0	0	1	0	0	0	0	g__Paenibacillus_sp.	s__11B_GCF-030487755.1	Paenibacillus_sp. 11B_GCF-030487755.1
OTU_259	0	0	0	0	0	0	0	1	0	0	0	0	0	0	0	0	0	0	0	1	0	0	0	0	0	0	0	0	0	0	0	0	0	0	0	0	0	0	0	0	0	0	g__Brevibacillus_parabrevis_GCA_031324325.1	s__	Brevibacillus_parabrevis_GCA_031324325.1
OTU_260	0	0	1	0	0	0	0	0	0	0	0	0	0	0	0	0	0	0	0	0	0	0	0	0	0	0	0	0	0	0	0	0	0	0	0	0	1	0	0	0	0	0	g__Paenibacillus_sp.	s__11B_GCF-030487755.1	Paenibacillus_sp. 11B_GCF-030487755.1
OTU_261	0	0	0	0	0	0	0	0	0	0	0	0	0	0	0	0	0	0	0	0	0	0	0	0	0	0	0	0	0	0	0	0	0	0	0	0	1	0	0	0	0	0	g__Paenibacillus_sp.	s__11B_GCF-030487755.1	Paenibacillus_sp. 11B_GCF-030487755.1
OTU_262	0	0	0	0	0	0	0	0	0	0	0	0	0	0	0	0	0	1	0	0	0	0	0	0	0	0	0	0	0	0	0	0	0	0	0	0	0	0	0	0	0	0	g__Paenibacillus_silvae_LY60_GCF_030348445.1	s__	Paenibacillus_silvae_LY60_GCF_030348445.1
OTU_263	0	0	0	0	0	0	0	0	0	0	0	0	0	0	0	0	0	0	0	0	1	0	0	0	0	0	0	0	0	0	0	0	0	0	0	0	0	0	0	0	0	0	g__Bacillus_sp._DX4.1_GCA_030348195.1	s__	Bacillus_sp._DX4.1_GCA_030348195.1
OTU_264	0	0	0	0	0	0	0	0	0	0	0	0	0	0	0	0	0	0	0	0	0	0	0	0	0	0	0	0	0	0	0	0	0	0	0	1	0	0	0	0	0	0	g__Paenibacillus_sp.	s__11B_GCF-030487755.1	Paenibacillus_sp. 11B_GCF-030487755.1
OTU_265	1	0	0	0	0	0	0	0	0	0	0	0	0	0	0	0	0	0	0	0	0	0	0	0	0	0	0	0	0	0	0	0	0	0	0	0	0	0	0	0	0	0	g__Bacillus_paralicheniformis_CEW	s__1W_GCA_030123025.1	Bacillus_paralicheniformis_CEW 1W_GCA_030123025.1
OTU_266	1	0	0	0	0	0	0	0	0	0	0	0	0	0	0	0	0	0	0	0	0	0	0	0	0	0	0	0	0	0	0	0	0	0	0	0	0	0	0	0	0	0	g__Bacillus_paralicheniformis_CEW	s__1W_GCA_030123025.1	Bacillus_paralicheniformis_CEW 1W_GCA_030123025.1
OTU_267	0	0	0	0	0	0	0	0	0	0	0	0	0	0	0	0	0	0	0	0	0	0	0	0	0	0	0	0	0	1	0	0	0	0	0	0	0	0	0	0	0	0	g__Bacillus_velezensis_MB7_B13_GCA_030348465.1	s__	Bacillus_velezensis_MB7_B13_GCA_030348465.1
OTU_268	0	0	0	0	0	0	0	0	0	0	0	0	0	0	0	0	0	0	0	0	0	0	0	0	0	0	0	0	0	0	0	0	0	0	0	0	0	0	0	0	0	1	g__Paenibacillus_sp.	s__11B_GCF-030487755.1	Paenibacillus_sp. 11B_GCF-030487755.1
OTU_269	0	0	0	0	0	1	0	0	0	0	0	0	0	1	0	0	0	0	0	0	0	0	0	0	0	0	0	0	0	0	0	0	0	0	0	0	0	0	0	0	0	0	g__Paenibacillus_silvae_LY60_GCF_030348445.1	s__	Paenibacillus_silvae_LY60_GCF_030348445.1
OTU_270	0	0	0	0	0	0	0	0	0	0	1	0	0	0	0	0	0	0	0	0	0	0	0	0	0	0	0	0	0	0	0	0	0	0	0	0	0	0	0	0	0	0	g__Paenibacillus_sp.	s__11B_GCF-030487755.1	Paenibacillus_sp. 11B_GCF-030487755.1
OTU_271	0	0	0	0	0	0	0	0	0	0	0	0	0	0	0	0	1	0	0	0	0	0	0	0	0	0	0	0	0	0	0	0	0	0	0	0	0	0	0	0	0	0	g__Paenibacillus_sp.	s__11B_GCF-030487755.1	Paenibacillus_sp. 11B_GCF-030487755.1
OTU_272	0	1	0	0	0	0	0	0	0	0	0	0	0	0	0	0	0	0	0	0	0	0	0	0	0	0	0	0	0	0	0	0	0	0	0	0	0	0	0	0	0	0	g__Paenibacillus_silvae_LY60_GCF_030348445.1	s__	Paenibacillus_silvae_LY60_GCF_030348445.1
OTU_273	0	0	0	0	0	0	0	0	0	0	0	0	0	0	0	0	0	0	0	0	0	0	0	0	0	0	0	0	0	0	0	0	1	0	0	0	0	0	0	0	0	0	g__Bacillus_paralicheniformis_CEW	s__1W_GCA_030123025.1	Bacillus_paralicheniformis_CEW 1W_GCA_030123025.1
OTU_274	0	0	1	0	0	0	0	0	0	0	0	0	0	0	0	0	0	0	0	0	0	0	0	0	0	0	0	0	0	0	0	0	0	0	0	0	0	0	0	0	0	0	g__Bacillus_paralicheniformis_CEW	s__1W_GCA_030123025.1	Bacillus_paralicheniformis_CEW 1W_GCA_030123025.1
OTU_275	0	0	0	0	0	0	0	0	0	0	0	0	0	0	0	0	0	0	1	0	0	0	0	0	0	0	0	0	0	0	0	0	0	0	0	0	0	0	0	0	0	0	g__Paenibacillus_sp.	s__11B_GCF-030487755.1	Paenibacillus_sp. 11B_GCF-030487755.1
OTU_276	0	0	0	0	0	0	0	0	0	0	0	0	0	0	0	1	0	0	0	0	0	0	0	0	0	0	0	0	0	0	0	0	0	0	0	0	0	0	0	0	0	0	g__Bacillus_sonorensis_YX13_GCA_031324045.1	s__	Bacillus_sonorensis_YX13_GCA_031324045.1
OTU_277	0	0	0	0	0	0	0	0	0	0	0	0	0	0	0	1	0	0	0	0	0	0	0	0	0	0	0	0	0	0	0	0	0	0	0	0	0	0	0	0	0	0	g__Bacillus_paralicheniformis_CEW	s__1W_GCA_030123025.1	Bacillus_paralicheniformis_CEW 1W_GCA_030123025.1
OTU_278	0	0	0	1	0	0	0	0	0	0	0	0	0	0	0	0	0	0	0	0	0	0	0	0	0	0	0	0	0	0	0	0	0	0	0	0	0	0	0	0	0	0	g__Paenibacillus_silvae_LY60_GCF_030348445.1	s__	Paenibacillus_silvae_LY60_GCF_030348445.1
OTU_279	0	0	0	0	0	1	0	0	0	0	0	0	0	0	0	0	0	0	0	0	0	0	0	0	0	0	0	0	0	0	0	0	0	0	0	0	0	0	0	0	0	0	g__Bacillus_paralicheniformis_CEW	s__1W_GCA_030123025.1	Bacillus_paralicheniformis_CEW 1W_GCA_030123025.1
OTU_280	0	0	0	0	0	0	0	0	0	0	0	0	0	0	0	1	0	0	0	0	0	0	0	0	0	0	0	0	0	0	0	0	0	0	0	0	0	0	0	0	0	0	g__Bacillus_paralicheniformis_CEW	s__1W_GCA_030123025.1	Bacillus_paralicheniformis_CEW 1W_GCA_030123025.1
OTU_281	0	0	0	0	0	0	0	0	0	0	0	0	0	0	0	0	0	0	0	0	0	0	0	0	0	0	0	0	0	0	0	0	0	0	0	0	0	0	0	1	0	0	g__Virgibacillus_halodenitrifican_ACCC02857_GCA_030122745.1	s__	Virgibacillus_halodenitrifican_ACCC02857_GCA_030122745.1
OTU_282	1	0	0	0	0	0	0	0	0	0	0	0	0	0	0	0	0	0	0	0	1	0	0	0	0	0	0	0	0	0	0	0	0	0	0	0	0	0	0	0	0	0	g__Brevibacillus_parabrevis_GCA_031324325.1	s__	Brevibacillus_parabrevis_GCA_031324325.1
OTU_283	0	0	0	0	0	0	0	0	0	0	0	0	0	0	0	0	0	1	0	0	0	0	0	0	0	0	0	0	0	0	0	0	0	0	0	0	0	0	0	0	0	0	g__Bacillus_paralicheniformis_CEW	s__1W_GCA_030123025.1	Bacillus_paralicheniformis_CEW 1W_GCA_030123025.1
OTU_284	0	0	0	0	0	0	0	0	0	0	0	0	0	0	0	0	0	0	0	0	0	0	0	0	0	0	0	0	0	0	0	0	0	0	0	0	0	0	1	0	0	0	g__Bacillus_paralicheniformis_CEW	s__1W_GCA_030123025.1	Bacillus_paralicheniformis_CEW 1W_GCA_030123025.1
OTU_285	0	0	0	0	0	1	0	0	0	0	0	0	0	0	0	0	0	0	0	0	0	0	0	0	0	0	0	0	0	0	0	0	0	0	0	0	0	0	0	0	0	0	g__Neobacillus_novalis_XLM17_GCA_030123445.1	s__	Neobacillus_novalis_XLM17_GCA_030123445.1
OTU_286	0	0	0	0	0	0	0	0	0	0	0	0	0	1	0	0	0	0	0	0	0	0	0	0	0	0	0	0	0	0	0	0	0	0	0	0	0	0	0	0	0	0	g__Paenibacillus_silvae_LY60_GCF_030348445.1	s__	Paenibacillus_silvae_LY60_GCF_030348445.1
OTU_287	0	0	0	0	0	0	0	0	0	0	0	1	0	0	0	0	0	0	0	0	0	0	0	0	0	0	0	0	0	0	0	0	0	0	0	0	0	0	0	0	0	0	g__Bacillus_paralicheniformis_CEW	s__1W_GCA_030123025.1	Bacillus_paralicheniformis_CEW 1W_GCA_030123025.1
OTU_288	0	0	0	0	0	0	0	0	0	1	0	0	0	0	0	0	0	0	0	0	1	0	0	0	0	0	0	1	0	0	0	0	0	0	0	0	0	0	0	0	0	0	g__Bacillus_licheniformis_D9_B_45_GCA_030348625.1	s__	Bacillus_licheniformis_D9_B_45_GCA_030348625.1
OTU_289	0	0	0	0	0	0	0	0	0	0	0	0	0	0	0	0	0	0	0	0	1	0	0	0	0	0	0	0	0	0	0	0	0	0	0	0	0	0	0	0	0	0	g__Bacillus_paralicheniformis_CEW	s__1W_GCA_030123025.1	Bacillus_paralicheniformis_CEW 1W_GCA_030123025.1
OTU_290	0	0	0	0	0	1	0	0	0	0	0	0	0	0	0	1	0	0	0	0	1	1	0	0	0	0	0	0	0	0	0	0	0	0	0	0	0	0	0	0	0	0	g__Paenibacillus_sp.	s__11B_GCF-030487755.1	Paenibacillus_sp. 11B_GCF-030487755.1
OTU_291	3	0	3	2	1	3	1	1	0	0	0	4	1	5	3	2	1	3	2	1	0	2	2	0	2	0	1	1	0	1	1	3	4	1	2	3	1	0	3	3	2	3	g__Paenibacillus_silvae_LY60_GCF_030348445.1	s__	Paenibacillus_silvae_LY60_GCF_030348445.1
OTU_292	0	0	0	0	0	0	0	0	0	0	0	0	0	1	0	0	0	0	0	0	0	0	0	0	0	0	0	0	0	0	0	0	0	0	0	0	0	0	0	0	0	0	g__Bacillus_paralicheniformis_CEW	s__1W_GCA_030123025.1	Bacillus_paralicheniformis_CEW 1W_GCA_030123025.1
OTU_293	0	0	0	0	0	0	0	0	0	0	0	0	0	0	1	0	0	0	0	0	0	0	0	0	0	0	0	0	0	0	0	0	0	0	0	0	0	0	0	0	0	0	g__Paenibacillus_silvae_LY60_GCF_030348445.1	s__	Paenibacillus_silvae_LY60_GCF_030348445.1
OTU_294	0	0	0	0	0	0	0	0	0	0	0	0	0	0	0	0	1	0	0	0	0	0	0	0	0	0	0	0	0	0	0	0	0	0	0	0	0	0	0	0	0	0	g__Bacillus_safensis_CEW-AP100_GCA_030122965.1	s__	Bacillus_safensis_CEW-AP100_GCA_030122965.1
OTU_295	1	0	1	0	1	0	0	0	0	0	0	0	0	0	0	0	0	0	0	0	0	1	0	0	0	0	0	0	0	0	0	0	0	1	0	1	0	0	0	0	0	0	g__Paenibacillus_sp.	s__11B_GCF-030487755.1	Paenibacillus_sp. 11B_GCF-030487755.1
OTU_296	0	0	0	0	0	1	0	0	0	0	0	1	0	0	0	0	0	0	0	0	0	0	0	0	0	0	0	1	0	0	0	0	0	0	0	0	0	1	0	0	0	0	g__Bacillus_pseudomycoides_SIN1.1_GCA_031324125.1	s__	Bacillus_pseudomycoides_SIN1.1_GCA_031324125.1
OTU_297	0	0	0	0	0	0	0	0	0	0	0	0	0	0	0	1	0	0	0	0	0	0	0	0	0	0	0	0	0	0	0	0	0	0	0	0	0	0	0	0	0	0	g__Bacillus_altitudinis_G6S2_GCA_030123125.1	s__	Bacillus_altitudinis_G6S2_GCA_030123125.1
OTU_298	0	0	0	0	0	0	0	0	0	0	0	0	0	0	0	1	0	0	0	0	0	0	0	0	0	0	0	0	0	0	0	0	0	0	0	0	0	0	0	0	0	0	g__FictiBacillus_enclensis_b19_GCA_030348905.1	s__	FictiBacillus_enclensis_b19_GCA_030348905.1
OTU_299	0	0	0	0	0	0	0	0	0	0	0	0	0	0	0	0	0	1	0	0	0	0	0	0	0	0	0	0	0	0	0	0	0	0	0	0	0	0	0	0	0	0	g__Bacillus_paralicheniformis_CEW	s__1W_GCA_030123025.1	Bacillus_paralicheniformis_CEW 1W_GCA_030123025.1
OTU_301	0	0	0	0	0	0	0	0	0	0	0	0	0	1	0	0	0	0	0	0	0	0	0	0	0	0	0	0	0	0	0	0	0	0	0	0	0	0	0	0	0	0	g__Bacillus_paralicheniformis_CEW	s__1W_GCA_030123025.1	Bacillus_paralicheniformis_CEW 1W_GCA_030123025.1
OTU_302	0	0	0	0	0	0	0	0	0	0	0	0	0	0	0	0	0	0	0	0	1	0	0	0	0	0	0	0	0	0	0	0	0	0	0	0	0	0	0	0	0	0	g__Neobacillus_novalis_XLM17_GCA_030123445.1	s__	Neobacillus_novalis_XLM17_GCA_030123445.1
OTU_303	0	0	0	0	0	0	0	0	0	0	0	0	0	0	0	0	0	0	0	0	1	0	0	0	0	0	0	0	0	0	0	0	0	0	1	1	0	0	0	0	0	0	g__Paenibacillus_sp.	s__11B_GCF-030487755.1	Paenibacillus_sp. 11B_GCF-030487755.1
OTU_304	1	0	0	0	0	0	0	0	0	0	0	0	0	0	0	0	0	0	0	0	0	0	0	0	0	0	0	0	0	0	0	0	0	0	0	0	0	0	0	0	0	0	g__Bacillus_safensis_CEW-AP100_GCA_030122965.1	s__	Bacillus_safensis_CEW-AP100_GCA_030122965.1
OTU_305	0	0	0	0	0	0	0	0	0	0	0	0	0	0	0	0	0	1	0	0	0	0	0	0	0	0	0	0	0	0	0	0	0	0	0	0	0	0	0	0	1	0	g__Bacillus_paralicheniformis_CEW	s__1W_GCA_030123025.1	Bacillus_paralicheniformis_CEW 1W_GCA_030123025.1
OTU_306	0	0	0	0	0	0	0	0	0	0	0	1	0	0	0	0	0	0	0	0	0	0	0	0	0	0	0	0	0	0	0	0	0	0	0	0	0	0	0	0	0	0	g__Bacillus_paralicheniformis_CEW	s__1W_GCA_030123025.1	Bacillus_paralicheniformis_CEW 1W_GCA_030123025.1
OTU_307	0	0	0	0	1	0	0	0	0	0	0	0	0	0	0	0	0	0	0	0	0	0	0	0	0	0	0	0	0	0	0	0	0	0	0	0	0	0	0	0	0	0	g__Paenibacillus_silvae_LY60_GCF_030348445.1	s__	Paenibacillus_silvae_LY60_GCF_030348445.1
OTU_308	0	0	0	0	0	0	0	0	0	0	0	0	0	0	0	0	0	0	0	0	0	0	0	0	0	0	0	0	0	0	0	0	0	0	0	0	1	0	0	0	1	0	g__Bacillus_paralicheniformis_CEW	s__1W_GCA_030123025.1	Bacillus_paralicheniformis_CEW 1W_GCA_030123025.1
OTU_309	0	0	0	0	0	0	0	0	1	0	1	0	0	0	0	0	0	0	0	0	0	0	0	0	0	0	0	0	0	0	0	0	0	0	0	0	0	0	0	0	0	0	g__Bacillus_paralicheniformis_CEW	s__1W_GCA_030123025.1	Bacillus_paralicheniformis_CEW 1W_GCA_030123025.1
OTU_310	0	0	0	0	0	0	0	0	0	0	0	0	0	1	0	0	0	0	0	0	0	0	0	0	0	0	0	0	0	0	0	0	0	0	0	0	0	0	0	0	0	0	g__Bacillus_paralicheniformis_CEW	s__1W_GCA_030123025.1	Bacillus_paralicheniformis_CEW 1W_GCA_030123025.1
OTU_311	3	0	1	0	0	0	0	0	1	0	0	3	0	2	3	1	3	0	1	0	3	0	0	0	0	1	0	0	0	0	0	0	1	0	1	0	1	1	1	0	1	0	g__Rossellomorea_marisflavi_LC18_GCA_031324195.1	s__	Rossellomorea_marisflavi_LC18_GCA_031324195.1
OTU_312	0	0	0	0	0	0	0	0	1	0	0	1	0	0	0	0	0	0	0	0	0	1	0	0	0	0	0	0	0	0	0	0	0	0	0	0	0	1	0	0	0	0	g__Bacillus_safensis_CEW-AP100_GCA_030122965.1	s__	Bacillus_safensis_CEW-AP100_GCA_030122965.1
OTU_313	1	0	0	0	0	0	0	0	0	0	0	0	0	0	0	0	0	0	0	0	0	0	0	0	0	0	0	0	0	0	0	0	0	0	0	0	0	0	0	0	0	0	g__Bacillus_paralicheniformis_CEW	s__1W_GCA_030123025.1	Bacillus_paralicheniformis_CEW 1W_GCA_030123025.1
OTU_314	0	0	1	0	0	0	0	0	0	0	0	1	0	0	0	0	0	0	0	0	0	0	0	0	0	0	0	0	0	0	0	0	1	0	0	0	0	0	0	0	0	1	g__Bacillus_halotolerans_KF17_GCA_030292055.1	s__	Bacillus_halotolerans_KF17_GCA_030292055.1
OTU_315	0	0	0	0	0	0	0	0	0	0	0	0	0	0	0	1	0	0	0	0	0	0	0	0	0	0	0	0	0	0	0	0	0	0	0	0	0	0	0	0	0	0	g__Bacillus_safensis_CEW-AP100_GCA_030122965.1	s__	Bacillus_safensis_CEW-AP100_GCA_030122965.1
OTU_316	0	0	0	0	0	0	0	0	0	0	0	0	0	0	0	0	0	0	1	0	0	0	0	0	0	0	0	0	0	0	0	0	0	0	0	1	0	0	0	0	1	0	g__Bacillus_paralicheniformis_CEW	s__1W_GCA_030123025.1	Bacillus_paralicheniformis_CEW 1W_GCA_030123025.1
OTU_317	0	0	0	0	0	1	0	0	0	0	0	1	0	0	0	1	0	0	1	0	0	0	0	0	0	0	0	0	0	0	0	0	1	0	0	0	0	0	0	0	0	1	g__Rossellomorea_marisflavi_LC18_GCA_031324195.1	s__	Rossellomorea_marisflavi_LC18_GCA_031324195.1
OTU_318	0	0	0	0	0	0	0	0	0	0	0	0	0	0	0	0	0	0	0	0	0	1	0	0	0	0	0	0	0	0	0	0	0	0	0	0	0	0	0	0	0	0	g__Bacillus_paralicheniformis_CEW	s__1W_GCA_030123025.1	Bacillus_paralicheniformis_CEW 1W_GCA_030123025.1
OTU_319	0	0	0	1	0	0	0	0	0	0	0	0	0	0	0	0	0	0	0	0	0	0	0	0	0	0	0	0	0	0	0	0	0	0	0	1	0	0	0	0	0	0	g__Paenibacillus_silvae_LY60_GCF_030348445.1	s__	Paenibacillus_silvae_LY60_GCF_030348445.1
OTU_320	4	2	3	1	2	2	0	3	1	2	2	7	0	4	3	4	3	3	6	6	4	5	2	2	1	0	1	1	0	0	1	2	1	1	3	2	2	1	3	4	3	3	g__Bacillus_paralicheniformis_CEW	s__1W_GCA_030123025.1	Bacillus_paralicheniformis_CEW 1W_GCA_030123025.1
OTU_321	0	0	0	0	0	0	0	0	0	0	0	0	0	0	0	0	1	0	0	0	0	0	0	0	0	0	0	0	0	0	0	0	0	0	0	0	0	0	0	0	0	0	g__Bacillus_safensis_CEW-AP100_GCA_030122965.1	s__	Bacillus_safensis_CEW-AP100_GCA_030122965.1
OTU_322	0	0	0	0	0	0	0	0	0	0	0	0	0	0	0	0	0	0	0	0	0	0	0	0	0	0	0	0	0	0	0	1	0	0	0	0	0	0	0	0	0	0	g__Rossellomorea_marisflavi_LC18_GCA_031324195.1	s__	Rossellomorea_marisflavi_LC18_GCA_031324195.1
OTU_323	0	0	0	0	0	0	0	0	0	0	0	0	0	0	0	0	0	0	0	1	0	0	0	0	0	0	0	0	0	0	0	0	0	0	0	0	0	0	0	0	0	0	g__Bacillus_sp._DX1.1_GCA_030348225.1	s__	Bacillus_sp._DX1.1_GCA_030348225.1
OTU_324	1	0	0	0	0	0	0	0	0	0	0	0	0	0	2	0	0	0	0	0	0	0	0	0	0	0	0	0	0	0	0	0	0	0	0	0	0	0	0	1	0	0	g__Bacillus_halotolerans_KF17_GCA_030292055.1	s__	Bacillus_halotolerans_KF17_GCA_030292055.1
OTU_325	0	0	1	0	0	0	0	0	0	0	0	0	0	0	0	0	0	0	0	0	0	0	0	0	0	0	0	0	0	0	0	0	0	0	0	0	0	0	0	0	0	0	g__Bacillus_paralicheniformis_CEW	s__1W_GCA_030123025.1	Bacillus_paralicheniformis_CEW 1W_GCA_030123025.1
OTU_326	0	0	0	0	0	0	0	0	0	0	0	1	0	0	0	0	0	0	0	0	0	0	0	0	0	0	0	0	0	0	0	0	0	0	0	0	0	0	0	0	0	0	g__Bacillus_paralicheniformis_CEW	s__1W_GCA_030123025.1	Bacillus_paralicheniformis_CEW 1W_GCA_030123025.1
OTU_327	0	1	0	0	0	0	0	0	0	0	0	0	0	0	0	1	0	2	0	0	1	0	0	0	0	0	0	0	0	0	0	0	0	0	0	0	0	0	0	0	0	0	g__Bacillus_paralicheniformis_CEW	s__1W_GCA_030123025.1	Bacillus_paralicheniformis_CEW 1W_GCA_030123025.1
OTU_328	0	0	0	0	0	0	0	0	0	0	0	0	0	0	0	0	0	0	0	0	0	0	0	0	0	0	0	0	0	0	0	0	0	0	0	0	0	0	0	0	1	0	g__Bacillus_paralicheniformis_CEW	s__1W_GCA_030123025.1	Bacillus_paralicheniformis_CEW 1W_GCA_030123025.1
OTU_329	1	0	0	0	0	0	0	0	0	0	0	0	0	0	0	0	0	0	0	0	0	0	0	0	0	0	0	0	0	0	0	0	0	0	0	0	0	0	0	0	0	0	g__Bacillus_pumilus_GT4_IS1_GCA_030348915.1	s__	Bacillus_pumilus_GT4_IS1_GCA_030348915.1
OTU_330	0	0	0	0	0	0	0	0	0	0	0	0	0	0	0	0	0	0	0	0	0	0	0	0	0	0	0	0	0	0	0	0	1	0	0	0	0	0	0	0	0	0	g__Paenibacillus_silvae_LY60_GCF_030348445.1	s__	Paenibacillus_silvae_LY60_GCF_030348445.1
OTU_331	0	0	0	0	0	0	0	0	0	0	0	0	0	0	0	0	0	0	0	0	0	0	0	0	0	0	0	0	0	0	0	0	0	0	0	0	0	0	0	1	0	0	g__Halobacillus_sp.	s__ACCC02827_GCA_030291935.1	Halobacillus_sp. ACCC02827_GCA_030291935.1
OTU_332	0	0	0	0	0	0	0	0	0	0	0	0	0	0	0	0	0	1	0	0	0	0	0	0	0	0	0	0	0	0	0	0	0	0	0	0	0	0	0	0	0	0	g__Paenibacillus_sp.	s__11B_GCF-030487755.1	Paenibacillus_sp. 11B_GCF-030487755.1
OTU_334	0	0	0	0	0	0	0	0	0	0	0	0	0	0	0	0	0	0	0	1	0	0	0	0	0	0	0	0	0	0	0	0	0	0	0	0	0	0	0	0	0	0	g__Paenibacillus_silvae_LY60_GCF_030348445.1	s__	Paenibacillus_silvae_LY60_GCF_030348445.1
OTU_335	1	0	0	0	0	0	0	0	0	0	0	0	0	0	0	0	0	0	0	0	0	0	0	0	0	0	0	0	0	0	0	0	0	0	0	0	0	0	0	0	0	0	g__Paenibacillus_sp.	s__11B_GCF-030487755.1	Paenibacillus_sp. 11B_GCF-030487755.1
OTU_336	0	0	0	0	0	0	0	0	0	0	1	0	0	0	0	0	0	0	0	1	0	0	0	0	0	0	0	0	0	0	0	0	0	0	0	1	0	0	0	0	0	0	g__Bacillus_subtilis_G2S2_GCA_030123085.1	s__	Bacillus_subtilis_G2S2_GCA_030123085.1
OTU_337	0	0	0	0	0	0	1	0	0	0	0	0	0	0	0	0	0	0	0	0	0	0	0	0	0	0	0	0	0	0	0	0	0	0	0	0	0	0	0	0	0	0	g__Paenibacillus_silvae_LY60_GCF_030348445.1	s__	Paenibacillus_silvae_LY60_GCF_030348445.1
OTU_339	3	0	1	1	0	0	2	0	0	1	1	0	0	0	2	1	1	0	1	0	2	0	0	1	0	0	2	0	0	1	0	0	1	0	1	0	1	1	1	1	0	0	g__Lysinibacillus_pakistanensis_LY92_GCA_030123265.1	s__	Lysinibacillus_pakistanensis_LY92_GCA_030123265.1
OTU_340	1	0	0	0	0	0	0	0	0	0	0	0	0	0	0	0	0	0	0	0	0	0	0	0	0	0	0	0	0	0	0	0	0	0	0	0	0	0	0	0	0	0	g__Bacillus_cereus_YX23_GCA_030348245.1	s__	Bacillus_cereus_YX23_GCA_030348245.1
OTU_341	0	0	0	0	0	0	0	0	0	0	0	0	0	0	0	0	0	0	0	1	0	0	0	0	0	0	0	0	0	0	0	0	0	0	0	0	0	0	0	0	0	0	g__Lysinibacillus_pakistanensis_LY92_GCA_030123265.1	s__	Lysinibacillus_pakistanensis_LY92_GCA_030123265.1
OTU_342	0	0	0	0	0	0	0	0	0	0	0	0	0	0	0	0	0	0	0	0	0	0	0	0	0	0	0	0	0	0	0	0	0	0	0	0	1	0	0	0	0	0	g__Paenibacillus_sp.	s__11B_GCF-030487755.1	Paenibacillus_sp. 11B_GCF-030487755.1
OTU_343	0	0	0	0	0	0	0	0	0	0	0	0	0	0	0	0	0	0	0	0	0	0	0	0	0	0	0	0	0	0	0	0	0	0	0	0	0	1	0	0	0	0	g__Neobacillus_sp._SuZ13_GCA_030123365.1	s__	Neobacillus_sp._SuZ13_GCA_030123365.1
OTU_344	0	0	0	0	0	0	0	0	0	1	0	0	0	0	0	0	0	0	0	0	0	0	0	0	0	0	0	0	0	0	0	0	0	0	0	0	0	0	0	0	0	0	g__Bacillus_safensis_CEW-AP100_GCA_030122965.1	s__	Bacillus_safensis_CEW-AP100_GCA_030122965.1
OTU_345	0	0	0	0	0	0	0	0	0	0	0	0	1	0	0	0	0	0	0	0	0	0	0	0	0	0	0	0	0	0	0	0	0	0	0	0	0	0	0	0	0	0	g__Bacillus_mycoides_SIN2.2_GCA_030292205.1	s__	Bacillus_mycoides_SIN2.2_GCA_030292205.1
OTU_346	0	0	0	0	0	0	0	0	1	0	0	0	0	0	0	0	0	0	0	0	0	0	0	0	0	0	0	0	0	0	0	0	0	0	0	0	0	0	0	0	0	0	g__Bacillus_hominis_SIN2.1_GCA_030348325.1	s__	Bacillus_hominis_SIN2.1_GCA_030348325.1
OTU_347	0	0	0	0	0	0	0	0	0	0	0	0	0	0	0	1	0	0	0	0	0	0	0	0	0	0	0	0	0	0	0	0	0	0	0	0	0	0	0	0	0	0	g__Bacillus_paralicheniformis_CEW	s__1W_GCA_030123025.1	Bacillus_paralicheniformis_CEW 1W_GCA_030123025.1
OTU_348	0	0	0	0	0	0	0	0	0	0	0	0	0	0	0	0	0	1	0	0	0	0	0	0	0	0	0	0	0	0	0	0	0	0	0	0	0	0	0	0	0	0	g__Bacillus_paralicheniformis_CEW	s__1W_GCA_030123025.1	Bacillus_paralicheniformis_CEW 1W_GCA_030123025.1
OTU_349	0	0	0	0	0	0	0	0	0	0	0	0	0	0	0	0	0	0	0	0	0	0	0	0	0	0	0	0	0	0	0	0	1	0	0	0	1	0	0	0	0	0	g__Bacillus_anthracis_Mn106-1	s__head2	Bacillus_anthracis_Mn106-1 head2 chi_GCA_030166975.1
OTU_350	1	2	3	1	4	3	0	1	1	0	2	1	0	5	3	2	5	0	4	3	1	2	0	1	1	1	0	2	0	1	0	0	2	0	4	1	2	3	3	1	2	3	g__Paenibacillus_sp.	s__11B_GCF-030487755.1	Paenibacillus_sp. 11B_GCF-030487755.1
OTU_351	0	0	0	0	0	0	0	0	1	0	0	0	0	0	0	0	0	0	0	0	0	0	0	0	0	0	0	0	0	0	0	0	0	0	0	0	0	0	0	0	0	0	g__Paenibacillus_silvae_LY60_GCF_030348445.1	s__	Paenibacillus_silvae_LY60_GCF_030348445.1
OTU_352	0	0	0	0	0	0	0	0	0	0	0	0	0	0	0	0	0	0	0	0	0	0	0	0	0	0	0	0	0	0	0	0	0	0	0	0	0	0	0	0	1	0	g__Paenibacillus_sp.	s__11B_GCF-030487755.1	Paenibacillus_sp. 11B_GCF-030487755.1
OTU_353	0	0	1	0	0	0	0	0	0	0	0	0	0	0	0	0	0	0	0	0	0	0	0	0	0	0	0	0	0	0	0	0	0	0	0	0	0	0	0	0	0	0	g__Mesobacillus_sp.	s__AQ2_GCA_030122805.1	Mesobacillus_sp. AQ2_GCA_030122805.1
OTU_354	0	0	0	0	0	0	0	0	0	0	0	1	0	0	0	0	0	0	0	0	0	0	0	0	0	0	0	0	0	0	0	0	0	0	0	0	0	0	0	0	0	0	g__Paenibacillus_sp.	s__11B_GCF-030487755.1	Paenibacillus_sp. 11B_GCF-030487755.1
OTU_356	0	0	0	0	0	0	0	0	0	0	0	0	0	0	0	1	0	0	0	0	0	0	0	0	0	0	0	0	0	0	0	0	0	0	0	0	0	0	0	0	0	0	g__Bacillus_wiedmannii_Munchenroda_S7_GCA_030348415.1	s__	Bacillus_wiedmannii_Munchenroda_S7_GCA_030348415.1
OTU_357	0	0	0	0	0	0	0	0	0	0	0	0	0	0	1	0	0	0	0	0	0	0	0	0	0	0	0	0	0	0	0	0	0	0	0	0	0	0	0	0	0	0	g__Paenibacillus_silvae_LY60_GCF_030348445.1	s__	Paenibacillus_silvae_LY60_GCF_030348445.1
OTU_358	0	0	0	0	0	0	0	0	0	0	0	0	0	0	0	0	0	0	0	0	1	0	0	0	0	0	0	0	0	0	0	0	0	0	0	0	0	0	0	0	0	0	g__Paenibacillus_sp.	s__11B_GCF-030487755.1	Paenibacillus_sp. 11B_GCF-030487755.1
OTU_359	0	0	0	0	0	0	0	0	0	0	0	0	0	0	0	0	0	0	0	0	1	0	0	0	0	0	0	0	0	0	0	0	0	0	0	0	0	0	0	0	0	0	g__Paenibacillus_silvae_LY60_GCF_030348445.1	s__	Paenibacillus_silvae_LY60_GCF_030348445.1
OTU_360	0	0	0	0	0	0	0	0	0	0	0	0	0	0	0	0	0	0	1	0	0	0	0	0	1	0	0	0	0	0	0	0	0	0	0	0	0	0	0	0	0	0	g__Bacillus_paralicheniformis_CEW	s__1W_GCA_030123025.1	Bacillus_paralicheniformis_CEW 1W_GCA_030123025.1
OTU_361	1	0	0	0	0	0	0	0	0	0	0	0	0	0	0	0	0	0	0	0	0	0	0	0	0	0	0	0	0	0	0	0	0	0	0	0	0	0	0	0	0	0	g__Paenibacillus_sp.	s__11B_GCF-030487755.1	Paenibacillus_sp. 11B_GCF-030487755.1
OTU_362	0	0	0	0	0	1	0	0	0	0	0	0	0	0	0	0	0	0	0	0	0	0	0	0	0	0	0	0	0	0	0	0	0	0	0	0	0	0	0	0	0	0	g__Paenibacillus_silvae_LY60_GCF_030348445.1	s__	Paenibacillus_silvae_LY60_GCF_030348445.1
OTU_363	0	0	0	0	0	0	0	0	0	1	0	0	0	0	0	0	0	0	0	0	0	0	0	0	0	0	0	0	0	0	0	0	0	0	0	0	0	0	0	0	0	0	g__Paenibacillus_sp.	s__11B_GCF-030487755.1	Paenibacillus_sp. 11B_GCF-030487755.1
OTU_364	0	0	0	0	0	0	0	0	0	0	1	0	0	0	0	0	0	0	0	0	0	0	0	0	0	0	0	0	0	0	0	0	0	0	0	0	0	0	0	0	0	0	g__Paenibacillus_sp.	s__11B_GCF-030487755.1	Paenibacillus_sp. 11B_GCF-030487755.1
OTU_365	0	0	0	0	0	0	0	0	0	0	0	0	0	1	0	0	0	0	0	0	0	0	0	0	0	0	0	0	0	0	0	0	0	0	0	0	0	0	0	0	0	0	g__Bacillus_paralicheniformis_CEW	s__1W_GCA_030123025.1	Bacillus_paralicheniformis_CEW 1W_GCA_030123025.1
OTU_366	0	0	0	0	0	0	0	0	0	0	0	0	0	0	1	0	0	0	0	0	0	0	0	0	0	0	0	0	0	0	0	0	0	0	0	0	0	0	0	0	0	0	g__Lysinibacillus_pakistanensis_LY92_GCA_030123265.1	s__	Lysinibacillus_pakistanensis_LY92_GCA_030123265.1
OTU_367	0	0	0	0	0	0	0	0	0	0	0	0	0	0	0	0	0	1	0	0	0	0	0	0	0	0	0	0	0	0	0	0	0	0	0	0	0	0	0	0	0	0	g__Bacillus_paralicheniformis_CEW	s__1W_GCA_030123025.1	Bacillus_paralicheniformis_CEW 1W_GCA_030123025.1
OTU_368	0	0	0	0	0	0	0	0	1	0	0	0	0	0	0	0	0	0	0	0	0	1	1	0	1	0	0	0	0	0	0	0	0	0	0	0	0	0	0	0	0	0	g__Bacillus_subtilis_KF24_GCA_030123145.1	s__	Bacillus_subtilis_KF24_GCA_030123145.1
OTU_369	0	0	0	0	0	0	0	0	0	0	0	0	0	0	0	0	0	0	0	0	0	0	0	0	0	0	0	0	0	1	0	0	0	0	0	0	0	0	0	0	0	0	g__Bacillus_sonorensis_YX13_GCA_031324045.1	s__	Bacillus_sonorensis_YX13_GCA_031324045.1
OTU_370	0	0	0	0	0	0	0	0	0	0	0	0	0	0	0	0	0	0	0	0	0	0	0	0	0	0	0	0	0	0	0	0	1	0	0	0	0	0	0	0	0	0	g__Paenibacillus_sp.	s__11B_GCF-030487755.1	Paenibacillus_sp. 11B_GCF-030487755.1
OTU_371	1	0	0	0	0	0	0	0	0	0	0	0	0	1	1	1	0	1	0	0	0	0	0	0	0	0	0	0	0	0	0	0	0	0	0	0	1	0	0	0	0	0	g__Paenibacillus_sp.	s__11B_GCF-030487755.1	Paenibacillus_sp. 11B_GCF-030487755.1
OTU_372	0	0	0	0	0	0	1	0	0	0	0	0	0	0	0	0	0	0	0	0	0	0	0	0	0	0	0	0	0	0	0	0	0	0	0	0	0	0	0	0	0	0	g__Paenibacillus_sp.	s__11B_GCF-030487755.1	Paenibacillus_sp. 11B_GCF-030487755.1
OTU_373	0	0	0	0	0	0	0	0	0	0	0	1	0	0	0	0	0	0	0	0	0	0	0	0	0	0	0	0	0	0	0	0	0	0	0	0	0	0	0	0	0	0	g__Paenibacillus_sp.	s__11B_GCF-030487755.1	Paenibacillus_sp. 11B_GCF-030487755.1
OTU_374	0	0	0	0	0	0	0	0	0	0	0	0	0	0	0	0	0	0	0	1	0	0	0	0	0	0	0	0	0	0	0	0	0	0	0	0	0	0	0	1	0	0	g__Paenibacillus_sp.	s__11B_GCF-030487755.1	Paenibacillus_sp. 11B_GCF-030487755.1
OTU_375	0	0	0	0	0	0	0	0	0	0	0	0	0	1	0	0	0	0	0	0	0	0	0	0	0	0	0	0	0	0	0	0	0	0	0	0	0	0	0	0	0	0	g__Bacillus_paralicheniformis_CEW	s__1W_GCA_030123025.1	Bacillus_paralicheniformis_CEW 1W_GCA_030123025.1
OTU_376	0	0	0	0	0	0	0	0	0	0	0	0	0	0	0	0	0	0	1	0	0	0	0	0	0	0	0	0	0	0	0	0	0	0	0	0	0	0	0	0	0	0	g__Bacillus_paralicheniformis_CEW	s__1W_GCA_030123025.1	Bacillus_paralicheniformis_CEW 1W_GCA_030123025.1
OTU_377	0	0	1	0	0	0	0	0	0	0	0	0	0	0	0	0	0	0	0	0	0	0	0	0	0	0	0	0	0	0	0	0	0	0	0	0	0	0	0	1	1	0	g__Paenibacillus_sp.	s__11B_GCF-030487755.1	Paenibacillus_sp. 11B_GCF-030487755.1
OTU_378	0	0	0	1	0	0	0	0	0	0	0	0	0	0	0	0	0	0	0	0	0	0	0	0	0	0	0	0	0	0	0	0	0	0	0	0	0	0	0	0	0	0	g__Paenibacillus_sp.	s__11B_GCF-030487755.1	Paenibacillus_sp. 11B_GCF-030487755.1
OTU_379	0	0	0	0	0	0	0	0	0	0	0	1	0	0	0	0	0	0	0	0	0	0	0	0	0	0	0	0	0	0	0	0	0	0	0	0	0	0	0	0	0	0	g__Paenibacillus_sp.	s__11B_GCF-030487755.1	Paenibacillus_sp. 11B_GCF-030487755.1
OTU_380	1	1	0	0	2	1	0	0	1	0	0	2	0	1	1	0	1	1	2	0	0	0	0	0	1	0	0	0	0	0	0	0	1	0	2	1	0	0	0	0	0	1	g__Bacillus_halotolerans_KF17_GCA_030292055.1	s__	Bacillus_halotolerans_KF17_GCA_030292055.1
OTU_381	2	0	1	0	3	0	0	0	1	1	1	0	0	1	2	2	3	2	2	2	0	1	0	0	0	0	0	0	0	0	0	0	1	0	0	0	1	0	0	0	1	0	g__Paenibacillus_sp.	s__11B_GCF-030487755.1	Paenibacillus_sp. 11B_GCF-030487755.1
OTU_382	0	0	0	0	0	0	0	0	0	0	0	1	0	0	0	0	0	0	0	0	0	0	0	0	0	0	0	0	0	0	0	0	0	0	0	0	0	0	0	0	0	0	g__Bacillus_altitudinis_G6S2_GCA_030123125.1	s__	Bacillus_altitudinis_G6S2_GCA_030123125.1
OTU_383	0	0	0	0	0	0	0	0	0	0	0	1	0	0	0	0	0	0	0	0	0	0	0	0	0	0	0	0	0	0	0	0	0	0	0	0	0	0	0	0	0	0	g__Bacillus_sonorensis_YX13_GCA_031324045.1	s__	Bacillus_sonorensis_YX13_GCA_031324045.1
OTU_384	0	0	0	0	0	0	0	0	0	0	0	1	0	0	0	0	0	0	1	0	0	0	0	0	0	0	0	0	0	0	0	0	0	0	0	0	0	0	0	0	0	0	g__Bacillus_paralicheniformis_CEW	s__1W_GCA_030123025.1	Bacillus_paralicheniformis_CEW 1W_GCA_030123025.1
OTU_385	0	0	0	0	0	0	0	0	0	0	0	0	0	0	1	0	0	0	0	0	0	0	0	0	0	0	0	0	0	0	0	0	0	0	0	0	0	0	0	0	0	0	g__Paenibacillus_silvae_LY60_GCF_030348445.1	s__	Paenibacillus_silvae_LY60_GCF_030348445.1
OTU_386	0	0	1	1	1	1	1	0	0	0	0	2	0	0	1	0	1	0	2	0	1	0	0	0	0	0	0	0	0	0	0	0	1	0	0	0	1	0	0	0	0	0	g__Paenibacillus_sp.	s__11B_GCF-030487755.1	Paenibacillus_sp. 11B_GCF-030487755.1
OTU_387	1	0	0	0	0	0	0	0	0	0	0	0	0	0	0	0	0	0	0	0	0	0	0	0	0	0	0	0	0	0	0	0	0	0	0	0	0	0	0	0	0	0	g__Bacillus_velezensis_MB7_B13_GCA_030348465.1	s__	Bacillus_velezensis_MB7_B13_GCA_030348465.1
OTU_388	0	0	0	0	0	0	0	0	0	0	0	0	0	0	0	0	1	0	0	0	0	0	0	0	0	0	0	0	0	0	0	0	0	0	0	0	0	0	0	0	0	0	g__Paenibacillus_sp.	s__11B_GCF-030487755.1	Paenibacillus_sp. 11B_GCF-030487755.1
OTU_389	0	0	0	0	0	0	0	0	0	0	0	0	0	0	0	0	0	1	0	0	0	0	0	0	0	0	0	0	0	0	0	0	0	0	0	0	0	0	0	0	0	0	g__Paenibacillus_sp.	s__11B_GCF-030487755.1	Paenibacillus_sp. 11B_GCF-030487755.1
OTU_390	0	0	0	0	0	0	0	0	0	0	0	0	0	0	0	0	0	0	0	0	1	0	0	0	0	0	0	0	0	0	0	0	0	0	0	0	0	0	0	0	0	0	g__Bacillus_paralicheniformis_CEW	s__1W_GCA_030123025.1	Bacillus_paralicheniformis_CEW 1W_GCA_030123025.1
OTU_391	0	0	0	0	0	0	0	0	0	0	0	0	0	0	0	0	0	0	0	0	0	0	0	0	0	0	0	0	0	0	0	0	0	0	1	0	0	0	0	0	0	0	g__Bacillus_paralicheniformis_CEW	s__1W_GCA_030123025.1	Bacillus_paralicheniformis_CEW 1W_GCA_030123025.1
OTU_392	3	0	1	0	0	1	0	0	1	1	0	3	0	0	1	0	1	1	2	2	0	0	0	1	0	0	1	0	0	0	0	0	0	0	0	0	0	0	0	0	0	1	g__Bacillus_halotolerans_KF17_GCA_030292055.1	s__	Bacillus_halotolerans_KF17_GCA_030292055.1
OTU_393	1	0	0	0	0	0	0	0	1	0	0	0	0	1	0	0	0	0	1	0	0	0	0	0	0	0	0	0	0	0	0	0	0	0	0	0	0	0	0	0	1	0	g__Bacillus_sonorensis_YX13_GCA_031324045.1	s__	Bacillus_sonorensis_YX13_GCA_031324045.1
OTU_394	0	0	0	0	0	0	0	0	0	0	0	0	0	0	0	0	0	0	0	0	0	0	0	0	0	0	0	0	0	0	0	0	0	0	0	0	0	1	0	0	1	0	g__Bacillus_paralicheniformis_CEW	s__1W_GCA_030123025.1	Bacillus_paralicheniformis_CEW 1W_GCA_030123025.1
OTU_395	0	0	0	0	0	0	0	0	0	0	0	0	0	0	0	0	0	0	0	0	0	0	0	0	0	0	0	0	0	0	0	0	0	0	0	0	0	0	0	0	1	0	g__Paenibacillus_sp.	s__11B_GCF-030487755.1	Paenibacillus_sp. 11B_GCF-030487755.1
OTU_396	0	0	0	0	0	0	0	0	0	0	0	0	0	0	1	0	0	0	0	0	0	0	0	0	0	0	0	0	0	0	0	0	0	0	0	0	0	0	0	0	0	0	g__Bacillus_paralicheniformis_CEW	s__1W_GCA_030123025.1	Bacillus_paralicheniformis_CEW 1W_GCA_030123025.1
OTU_397	0	0	0	0	0	0	0	0	0	0	0	0	0	0	1	0	0	0	0	0	0	0	0	0	0	0	0	0	0	0	0	0	0	0	0	0	0	0	0	0	0	0	g__Paenibacillus_sp.	s__11B_GCF-030487755.1	Paenibacillus_sp. 11B_GCF-030487755.1
OTU_398	0	0	0	0	0	0	0	0	0	0	0	0	0	0	0	0	0	0	0	0	0	0	0	0	0	0	0	0	0	0	0	0	0	0	0	0	0	0	0	0	0	1	g__Paenibacillus_sp.	s__11B_GCF-030487755.1	Paenibacillus_sp. 11B_GCF-030487755.1
OTU_399	0	0	0	0	0	0	0	0	0	0	0	0	0	0	0	0	0	1	0	0	0	0	0	0	0	0	0	0	0	0	0	0	0	0	0	0	0	0	0	0	0	0	g__Bacillus_safensis_CEW-AP100_GCA_030122965.1	s__	Bacillus_safensis_CEW-AP100_GCA_030122965.1
OTU_400	0	0	0	0	0	0	0	0	0	0	0	0	0	0	0	0	1	0	0	0	0	0	0	0	0	0	0	0	0	0	0	0	0	0	0	0	0	0	0	0	0	0	g__Bacillus_velezensis_NJ26_GCA_030123305.1	s__	Bacillus_velezensis_NJ26_GCA_030123305.1
OTU_401	0	0	0	0	0	0	0	0	0	0	0	0	0	0	0	0	0	0	0	0	1	0	0	0	0	0	0	0	0	0	0	0	0	0	0	0	0	0	0	0	0	0	g__Bacillus_paralicheniformis_CEW	s__1W_GCA_030123025.1	Bacillus_paralicheniformis_CEW 1W_GCA_030123025.1
OTU_402	1	0	0	1	0	0	0	0	0	0	0	0	0	0	0	0	0	0	0	0	0	0	0	0	0	0	0	0	0	0	0	0	0	0	0	0	0	0	0	0	0	0	g__Bacillus_sonorensis_YX13_GCA_031324045.1	s__	Bacillus_sonorensis_YX13_GCA_031324045.1
OTU_403	0	0	0	0	0	0	0	0	0	0	0	0	0	0	0	0	0	0	1	0	0	0	0	0	0	0	0	0	0	0	0	0	0	0	0	0	0	0	0	0	0	0	g__Bacillus_paralicheniformis_CEW	s__1W_GCA_030123025.1	Bacillus_paralicheniformis_CEW 1W_GCA_030123025.1
OTU_404	0	0	0	0	0	1	0	0	0	0	0	0	0	0	2	0	0	0	0	2	0	0	0	0	0	0	0	0	0	0	0	0	1	0	1	0	0	0	1	0	0	0	g__Paenibacillus_sp.	s__11B_GCF-030487755.1	Paenibacillus_sp. 11B_GCF-030487755.1
OTU_405	0	0	0	0	0	0	0	0	0	0	0	0	0	0	1	0	0	0	0	0	0	0	0	0	0	0	0	0	0	0	0	0	0	0	0	0	0	0	0	0	0	0	g__Paenibacillus_sp.	s__11B_GCF-030487755.1	Paenibacillus_sp. 11B_GCF-030487755.1
OTU_406	0	0	0	0	0	0	0	0	0	0	0	0	0	0	0	0	0	1	0	0	0	0	0	0	0	0	0	0	0	0	0	0	0	0	0	0	0	0	0	0	0	0	g__Bacillus_paralicheniformis_CEW	s__1W_GCA_030123025.1	Bacillus_paralicheniformis_CEW 1W_GCA_030123025.1
OTU_407	0	0	0	0	0	0	0	0	0	0	0	0	0	0	0	0	0	0	0	0	0	0	0	0	0	0	0	0	0	0	0	0	0	0	1	0	0	0	0	0	0	0	g__Neobacillus_novalis_XLM17_GCA_030123445.1	s__	Neobacillus_novalis_XLM17_GCA_030123445.1
OTU_408	0	0	0	0	0	0	0	0	0	0	0	0	0	0	0	0	0	0	0	0	0	0	0	0	0	0	0	0	0	0	0	0	0	0	0	0	0	0	0	1	0	0	g__Paenibacillus_sp.	s__11B_GCF-030487755.1	Paenibacillus_sp. 11B_GCF-030487755.1
OTU_409	1	0	0	0	1	1	0	0	1	1	0	0	0	1	0	1	0	0	0	0	1	0	0	0	0	0	0	0	0	0	0	0	0	0	0	0	0	0	0	1	0	1	g__Bacillus_sp._DX4.1_GCA_030348195.1	s__	Bacillus_sp._DX4.1_GCA_030348195.1
OTU_410	0	0	0	0	0	0	0	0	0	0	0	0	0	1	0	0	0	0	0	0	0	0	0	0	0	0	0	0	0	0	0	0	0	0	0	0	0	0	0	0	0	0	g__Neobacillus_sp._SuZ13_GCA_030123365.1	s__	Neobacillus_sp._SuZ13_GCA_030123365.1
OTU_411	0	0	0	0	0	0	0	0	0	0	0	0	0	0	0	0	0	0	0	1	0	0	0	0	0	0	0	0	0	0	0	0	0	0	0	0	0	0	0	0	0	0	g__Paenibacillus_silvae_LY60_GCF_030348445.1	s__	Paenibacillus_silvae_LY60_GCF_030348445.1
OTU_412	0	0	0	0	0	0	0	0	0	0	0	0	0	0	0	0	0	0	0	0	0	0	0	0	0	0	0	0	0	0	0	0	0	0	0	1	0	0	0	0	0	0	g__Bacillus_sp._DX4.1_GCA_030348195.1	s__	Bacillus_sp._DX4.1_GCA_030348195.1
OTU_413	0	0	0	0	0	0	0	0	0	0	0	0	0	0	1	0	0	0	0	0	0	0	0	0	0	0	0	0	0	0	0	0	0	0	0	0	0	0	0	0	0	0	g__Paenibacillus_sp.	s__11B_GCF-030487755.1	Paenibacillus_sp. 11B_GCF-030487755.1
OTU_414	0	0	1	0	0	1	1	0	0	0	0	1	0	0	0	1	1	0	1	0	0	0	0	1	0	0	0	0	0	0	0	0	0	0	0	0	0	0	0	0	0	0	g__Bacillus_wiedmannii_Munchenroda_S7_GCA_030348415.1	s__	Bacillus_wiedmannii_Munchenroda_S7_GCA_030348415.1
OTU_415	0	0	1	0	1	0	0	0	0	0	0	0	0	1	1	0	0	1	0	0	0	1	0	0	0	0	0	0	0	0	0	0	1	0	0	1	0	0	1	0	1	0	g__Bacillus_paralicheniformis_CEW	s__1W_GCA_030123025.1	Bacillus_paralicheniformis_CEW 1W_GCA_030123025.1
OTU_416	0	0	0	0	0	1	0	0	0	0	0	0	0	0	0	0	0	0	0	0	0	0	0	0	0	0	0	0	0	0	0	0	0	0	0	0	0	0	0	0	0	0	g__Bacillus_altitudinis_G6S2_GCA_030123125.1	s__	Bacillus_altitudinis_G6S2_GCA_030123125.1
OTU_417	0	0	0	0	0	1	0	0	0	0	0	0	0	0	0	0	0	0	0	0	0	0	0	0	0	0	0	0	0	0	0	0	0	0	0	0	0	0	0	0	0	0	g__Bacillus_paralicheniformis_CEW	s__1W_GCA_030123025.1	Bacillus_paralicheniformis_CEW 1W_GCA_030123025.1
OTU_418	0	0	0	0	0	0	0	0	0	1	0	0	0	0	0	0	0	0	0	0	0	0	0	0	0	0	0	0	0	0	0	0	0	0	0	0	0	0	0	0	0	0	g__Paenibacillus_sp.	s__11B_GCF-030487755.1	Paenibacillus_sp. 11B_GCF-030487755.1
OTU_419	0	0	0	0	0	0	0	0	0	0	0	0	0	0	0	0	0	0	0	0	0	0	1	0	0	0	0	0	0	0	0	0	0	0	0	0	0	0	0	0	0	0	g__Paenibacillus_sp.	s__11B_GCF-030487755.1	Paenibacillus_sp. 11B_GCF-030487755.1
OTU_420	0	0	0	0	0	0	0	0	0	0	0	1	0	0	0	0	0	0	0	0	0	0	0	0	0	0	0	0	0	0	0	0	0	0	0	0	0	0	0	0	0	0	g__Bacillus_paralicheniformis_CEW	s__1W_GCA_030123025.1	Bacillus_paralicheniformis_CEW 1W_GCA_030123025.1
OTU_421	0	1	0	0	1	0	1	0	0	0	0	1	0	1	1	0	1	0	0	0	0	0	0	0	0	0	0	0	0	1	0	0	0	0	1	0	0	0	0	0	0	0	g__Bacillus_subtilis_KF24_GCA_030123145.1	s__	Bacillus_subtilis_KF24_GCA_030123145.1
OTU_422	0	0	0	0	0	0	0	0	0	0	0	0	0	0	0	0	0	0	1	0	0	0	0	0	0	0	0	0	0	0	0	0	0	0	0	0	0	0	0	0	0	0	g__Paenibacillus_sp.	s__11B_GCF-030487755.1	Paenibacillus_sp. 11B_GCF-030487755.1
OTU_423	0	0	0	0	0	0	0	0	0	0	0	0	0	0	1	0	0	0	0	0	0	0	0	0	0	0	0	0	0	0	0	0	0	0	0	0	0	0	0	0	0	0	g__Bacillus_paralicheniformis_CEW	s__1W_GCA_030123025.1	Bacillus_paralicheniformis_CEW 1W_GCA_030123025.1
OTU_424	0	0	0	0	0	0	0	0	0	0	0	0	0	0	0	0	0	0	0	1	0	0	0	0	0	0	0	0	0	0	0	0	0	0	0	0	0	0	0	0	0	0	g__Bacillus_paralicheniformis_CEW	s__1W_GCA_030123025.1	Bacillus_paralicheniformis_CEW 1W_GCA_030123025.1
OTU_425	0	0	0	0	0	0	0	0	0	0	0	1	0	0	0	0	0	0	0	0	0	0	0	0	0	0	0	0	0	0	0	0	0	0	0	0	0	0	0	0	0	0	g__Bacillus_sp._DX1.1_GCA_030348225.1	s__	Bacillus_sp._DX1.1_GCA_030348225.1
OTU_426	0	0	0	0	0	0	0	0	0	0	0	0	0	0	0	1	0	0	0	0	0	0	0	0	0	0	0	0	0	0	0	0	0	0	0	0	0	0	0	0	0	0	g__Bacillus_paralicheniformis_CEW	s__1W_GCA_030123025.1	Bacillus_paralicheniformis_CEW 1W_GCA_030123025.1
OTU_427	0	0	0	0	0	0	0	0	0	0	0	0	0	0	0	1	0	0	0	0	0	0	0	0	0	0	0	0	0	0	0	0	0	0	0	0	0	0	0	0	0	0	g__Bacillus_paralicheniformis_CEW	s__1W_GCA_030123025.1	Bacillus_paralicheniformis_CEW 1W_GCA_030123025.1
OTU_428	0	0	0	0	0	0	0	0	0	0	0	0	0	0	0	0	0	1	0	0	0	0	0	0	0	0	0	0	0	0	0	0	0	0	0	0	0	0	0	0	0	0	g__Paenibacillus_silvae_LY60_GCF_030348445.1	s__	Paenibacillus_silvae_LY60_GCF_030348445.1
OTU_429	0	1	0	0	0	0	0	0	0	0	0	0	0	0	0	0	0	0	0	0	0	0	0	0	0	0	0	0	0	0	0	0	0	0	0	0	0	0	0	0	0	0	g__Paenibacillus_sp.	s__11B_GCF-030487755.1	Paenibacillus_sp. 11B_GCF-030487755.1
OTU_430	0	0	0	0	0	0	0	0	0	0	0	0	0	0	1	0	0	0	0	0	0	0	0	0	0	0	0	0	0	0	0	0	0	0	0	0	0	0	0	0	0	0	g__Paenibacillus_sp.	s__11B_GCF-030487755.1	Paenibacillus_sp. 11B_GCF-030487755.1
OTU_431	0	0	0	0	0	0	0	0	0	0	0	0	0	0	0	0	0	0	0	0	0	0	0	0	0	0	0	0	0	0	0	0	1	0	0	0	0	0	0	0	0	0	g__Bacillus_anthracis_Mn106-1	s__head2	Bacillus_anthracis_Mn106-1 head2 chi_GCA_030166975.1
OTU_433	0	0	0	0	0	0	0	0	0	0	0	0	0	0	0	0	0	0	0	0	0	0	0	0	0	0	0	0	0	0	0	0	0	0	0	0	0	0	1	0	0	0	g__Bacillus_pseudomycoides_SIN1.1_GCA_031324125.1	s__	Bacillus_pseudomycoides_SIN1.1_GCA_031324125.1
OTU_434	0	0	0	0	0	0	0	0	0	0	0	0	0	0	0	0	0	0	0	0	0	0	0	0	0	0	0	0	0	0	0	0	0	0	0	0	0	1	0	0	0	0	g__Bacillus_licheniformis_D9_B_45_GCA_030348625.1	s__	Bacillus_licheniformis_D9_B_45_GCA_030348625.1
OTU_435	0	0	0	0	0	0	0	0	0	0	0	0	0	0	0	0	0	0	0	0	0	0	0	0	0	0	0	0	0	0	0	0	0	0	0	0	0	0	1	0	0	0	g__Bacillus_paralicheniformis_CEW	s__1W_GCA_030123025.1	Bacillus_paralicheniformis_CEW 1W_GCA_030123025.1
OTU_436	0	0	0	0	0	0	0	0	0	0	0	0	0	0	0	0	0	0	0	1	0	0	0	0	0	0	0	0	0	0	0	0	0	0	0	0	0	0	0	0	0	0	g__Paenibacillus_sp.	s__11B_GCF-030487755.1	Paenibacillus_sp. 11B_GCF-030487755.1
OTU_437	0	0	0	0	0	0	0	0	0	0	0	0	0	1	0	0	0	0	0	0	0	0	0	0	0	0	0	0	0	0	0	0	0	0	0	0	0	0	0	0	0	0	g__Bacillus_paralicheniformis_CEW	s__1W_GCA_030123025.1	Bacillus_paralicheniformis_CEW 1W_GCA_030123025.1
OTU_438	0	0	3	0	0	0	2	3	1	2	1	2	0	1	1	0	1	2	0	0	1	0	0	0	1	0	0	0	2	0	0	0	1	0	0	0	0	0	2	0	1	1	g__Bacillus_paralicheniformis_CEW	s__1W_GCA_030123025.1	Bacillus_paralicheniformis_CEW 1W_GCA_030123025.1
OTU_439	0	0	0	0	0	0	0	0	0	0	0	1	0	0	0	0	0	0	0	0	0	0	0	0	0	0	0	0	0	0	0	0	0	0	0	0	0	0	0	0	0	0	g__Rossellomorea_marisflavi_LC18_GCA_031324195.1	s__	Rossellomorea_marisflavi_LC18_GCA_031324195.1
OTU_440	0	0	0	0	0	0	0	0	0	0	0	0	0	0	0	0	0	0	0	0	0	0	0	0	0	0	0	0	0	0	0	1	0	0	0	0	0	0	0	0	0	0	g__Bacillus_sp._DX1.1_GCA_030348225.1	s__	Bacillus_sp._DX1.1_GCA_030348225.1
OTU_441	0	0	0	0	0	0	0	0	0	2	0	0	0	0	0	0	1	0	1	0	0	0	0	0	0	0	0	0	0	0	0	0	0	0	0	0	0	0	0	0	0	0	g__Bacillus_halotolerans_KF17_GCA_030292055.1	s__	Bacillus_halotolerans_KF17_GCA_030292055.1
OTU_442	1	0	0	0	0	0	0	0	0	0	0	0	0	0	0	0	0	0	0	0	0	0	0	0	0	0	0	0	0	0	0	0	0	0	0	0	0	0	0	0	0	0	g__Bacillus_paralicheniformis_CEW	s__1W_GCA_030123025.1	Bacillus_paralicheniformis_CEW 1W_GCA_030123025.1
OTU_444	0	0	0	0	0	0	0	0	0	1	0	0	0	0	1	0	0	0	1	0	0	0	0	0	0	0	0	0	0	0	0	0	0	0	0	0	0	0	0	0	0	0	g__Paenibacillus_sp.	s__11B_GCF-030487755.1	Paenibacillus_sp. 11B_GCF-030487755.1
OTU_445	0	0	0	0	0	0	0	0	0	0	0	0	1	0	0	0	0	0	0	0	1	0	0	0	0	0	0	0	0	0	0	0	0	0	0	0	0	0	0	0	0	0	g__Bacillus_paralicheniformis_CEW	s__1W_GCA_030123025.1	Bacillus_paralicheniformis_CEW 1W_GCA_030123025.1
OTU_446	0	0	0	0	0	0	0	0	0	0	0	0	0	0	0	0	0	0	0	0	0	0	0	1	0	0	0	0	0	0	0	0	0	0	0	0	0	0	0	0	0	0	g__Neobacillus_sp._SuZ13_GCA_030123365.1	s__	Neobacillus_sp._SuZ13_GCA_030123365.1
OTU_447	2	0	0	0	0	0	0	0	0	0	0	0	0	2	0	0	0	1	0	1	0	0	0	0	0	0	0	0	0	0	0	0	0	0	1	0	0	0	0	0	0	0	g__Bacillus_mycoides_SIN2.2_GCA_030292205.1	s__	Bacillus_mycoides_SIN2.2_GCA_030292205.1
OTU_448	0	0	0	0	0	0	0	0	0	0	0	1	0	0	0	1	1	1	0	1	0	0	0	0	0	0	0	0	0	0	0	0	0	0	0	0	0	0	0	0	0	0	g__Brevibacillus_parabrevis_GCA_031324325.1	s__	Brevibacillus_parabrevis_GCA_031324325.1
OTU_449	0	0	0	0	0	0	0	0	0	0	0	0	0	0	0	1	0	0	0	0	0	0	0	0	0	0	0	0	0	0	0	0	0	0	0	0	0	0	0	0	0	0	g__Paenibacillus_silvae_LY60_GCF_030348445.1	s__	Paenibacillus_silvae_LY60_GCF_030348445.1
OTU_451	0	0	0	0	0	0	0	0	0	0	0	0	0	0	0	0	0	0	0	0	0	0	0	0	0	0	0	0	0	0	0	0	0	0	0	0	0	0	0	0	1	0	g__Paenibacillus_sp.	s__11B_GCF-030487755.1	Paenibacillus_sp. 11B_GCF-030487755.1
OTU_452	0	0	0	0	0	0	0	1	0	0	0	0	0	0	0	0	0	0	0	0	0	0	0	0	0	0	0	0	0	0	0	0	0	0	0	0	0	0	0	0	0	0	g__Bacillus_paralicheniformis_CEW	s__1W_GCA_030123025.1	Bacillus_paralicheniformis_CEW 1W_GCA_030123025.1
OTU_453	0	0	0	0	0	0	0	0	0	0	0	0	0	0	1	0	0	0	0	0	0	0	0	0	0	0	0	0	0	0	0	0	0	0	0	0	0	0	0	0	0	0	g__Bacillus_paralicheniformis_CEW	s__1W_GCA_030123025.1	Bacillus_paralicheniformis_CEW 1W_GCA_030123025.1
OTU_454	0	0	0	0	0	0	0	0	0	0	0	0	0	0	0	1	0	0	0	0	0	0	0	0	0	0	0	0	0	0	0	0	0	0	0	0	0	0	0	0	0	0	g__Bacillus_paralicheniformis_CEW	s__1W_GCA_030123025.1	Bacillus_paralicheniformis_CEW 1W_GCA_030123025.1
OTU_456	0	0	0	0	0	0	0	0	0	0	0	0	0	0	0	0	0	0	2	0	0	0	0	1	0	0	0	0	0	0	0	0	0	0	0	0	0	0	0	0	0	0	g__Bacillus_paralicheniformis_CEW	s__1W_GCA_030123025.1	Bacillus_paralicheniformis_CEW 1W_GCA_030123025.1
OTU_457	0	1	0	0	0	0	0	0	0	0	0	0	0	0	0	0	0	0	0	0	0	0	0	0	0	0	0	0	0	0	0	0	0	0	0	0	0	0	0	0	0	0	g__Paenibacillus_silvae_LY60_GCF_030348445.1	s__	Paenibacillus_silvae_LY60_GCF_030348445.1
OTU_458	0	0	0	0	0	0	0	0	0	0	0	0	0	0	1	0	0	0	0	0	0	0	0	0	0	0	0	0	0	0	0	0	0	0	0	0	0	0	0	0	0	0	g__Fictibacillus_sp._b24_GCA_030348825.1	s__	Fictibacillus_sp._b24_GCA_030348825.1
OTU_459	0	0	0	0	0	0	0	0	0	0	0	0	0	0	0	0	0	0	0	0	0	0	0	0	0	0	0	0	0	0	0	0	0	0	0	0	0	0	0	0	1	0	g__Bacillus_paralicheniformis_CEW	s__1W_GCA_030123025.1	Bacillus_paralicheniformis_CEW 1W_GCA_030123025.1
OTU_460	0	0	0	0	0	0	1	0	0	0	0	1	0	0	0	0	0	0	0	0	0	0	0	0	0	0	0	0	0	0	0	0	0	0	0	0	0	0	0	0	0	0	g__Paenibacillus_sp.	s__11B_GCF-030487755.1	Paenibacillus_sp. 11B_GCF-030487755.1
OTU_461	0	0	0	0	0	0	0	0	0	0	0	0	0	0	0	0	1	0	0	0	0	0	0	0	0	0	0	0	0	0	0	0	0	0	0	0	0	0	0	0	0	0	g__Bacillus_paralicheniformis_CEW	s__1W_GCA_030123025.1	Bacillus_paralicheniformis_CEW 1W_GCA_030123025.1
OTU_462	0	1	0	0	0	0	0	0	0	0	0	0	0	0	0	0	0	0	0	0	0	0	0	0	1	0	0	0	0	0	0	0	0	0	0	0	0	0	0	0	0	0	g__Bacillus_sp._DX4.1_GCA_030348195.1	s__	Bacillus_sp._DX4.1_GCA_030348195.1
OTU_463	0	0	0	0	0	0	0	0	0	0	0	0	0	1	0	0	0	0	0	0	0	0	0	0	0	0	0	0	0	0	0	0	0	0	0	0	0	0	0	0	0	0	g__Bacillus_altitudinis_G6S2_GCA_030123125.1	s__	Bacillus_altitudinis_G6S2_GCA_030123125.1
OTU_464	0	0	0	0	0	0	0	0	0	0	0	0	0	0	0	0	0	0	0	1	0	0	0	0	0	0	0	0	0	0	0	0	0	0	0	0	0	0	0	0	0	0	g__Paenibacillus_silvae_LY60_GCF_030348445.1	s__	Paenibacillus_silvae_LY60_GCF_030348445.1
OTU_465	0	0	0	0	0	0	0	0	0	0	0	0	0	0	0	0	0	0	0	0	0	0	0	0	0	0	0	0	0	0	0	0	0	0	1	0	0	0	0	0	0	0	g__Paenibacillus_sp.	s__11B_GCF-030487755.1	Paenibacillus_sp. 11B_GCF-030487755.1
OTU_466	0	0	0	0	1	0	0	0	0	0	0	0	0	0	0	0	0	0	0	0	0	0	0	0	0	0	0	0	0	0	0	0	0	0	0	0	0	0	0	0	1	0	g__Paenibacillus_sp.	s__11B_GCF-030487755.1	Paenibacillus_sp. 11B_GCF-030487755.1
OTU_467	0	0	0	0	0	0	0	0	0	0	0	0	0	0	0	0	0	0	1	0	0	0	0	0	0	0	0	0	0	0	0	0	0	0	0	0	0	0	0	0	0	0	g__Bacillus_paralicheniformis_CEW	s__1W_GCA_030123025.1	Bacillus_paralicheniformis_CEW 1W_GCA_030123025.1
OTU_468	2	1	1	2	2	3	3	2	3	1	1	2	0	7	3	3	2	7	3	5	2	1	3	4	1	3	1	1	0	2	3	0	2	0	4	1	3	0	2	4	5	0	g__Bacillus_paralicheniformis_CEW	s__1W_GCA_030123025.1	Bacillus_paralicheniformis_CEW 1W_GCA_030123025.1
OTU_469	0	0	0	0	0	0	0	0	0	0	0	0	0	0	0	0	0	1	0	0	0	0	0	0	0	0	0	0	0	0	0	0	0	0	0	0	0	0	0	0	0	0	g__Bacillus_sonorensis_YX13_GCA_031324045.1	s__	Bacillus_sonorensis_YX13_GCA_031324045.1
OTU_470	0	0	0	0	0	0	0	0	0	0	0	0	0	0	0	0	0	0	0	1	0	0	0	0	0	0	0	0	0	0	0	0	0	0	0	0	0	0	0	0	0	0	g__Bacillus_pumilus_GT4_IS1_GCA_030348915.1	s__	Bacillus_pumilus_GT4_IS1_GCA_030348915.1
OTU_471	0	0	0	0	0	0	0	0	0	0	0	0	0	0	0	0	0	0	0	0	1	0	0	0	0	0	0	0	0	0	0	0	0	0	0	0	0	0	0	0	0	0	g__Paenibacillus_silvae_LY60_GCF_030348445.1	s__	Paenibacillus_silvae_LY60_GCF_030348445.1
OTU_472	5	2	0	4	7	4	3	0	2	2	2	3	1	7	4	6	1	4	3	3	2	2	0	2	0	1	0	0	0	0	2	3	0	0	2	3	0	2	1	1	1	0	g__Paenibacillus_sp.	s__11B_GCF-030487755.1	Paenibacillus_sp. 11B_GCF-030487755.1
OTU_473	0	0	0	0	0	0	0	0	0	0	0	0	0	0	0	0	0	0	0	0	0	0	0	0	0	0	1	0	0	0	0	0	0	0	0	0	0	0	0	0	0	0	g__Paenibacillus_silvae_LY60_GCF_030348445.1	s__	Paenibacillus_silvae_LY60_GCF_030348445.1
OTU_474	0	0	0	0	0	0	0	0	0	0	0	0	0	0	0	0	0	0	0	0	0	0	0	0	0	0	0	0	0	0	0	0	1	0	0	0	0	0	0	0	0	0	g__Bacillus_safensis_CEW-AP100_GCA_030122965.1	s__	Bacillus_safensis_CEW-AP100_GCA_030122965.1
OTU_475	1	0	0	0	0	0	0	0	0	0	0	0	0	0	0	0	0	0	0	0	0	0	0	0	0	0	0	0	0	0	0	0	0	0	0	0	0	0	0	0	0	0	g__Bacillus_pseudomycoides_SIN1.1_GCA_031324125.1	s__	Bacillus_pseudomycoides_SIN1.1_GCA_031324125.1
OTU_476	0	0	0	0	0	0	0	0	0	0	0	0	0	0	0	0	1	0	0	0	0	0	0	0	0	0	0	0	0	0	0	0	0	0	0	0	0	0	0	0	0	0	g__Bacillus_paralicheniformis_CEW	s__1W_GCA_030123025.1	Bacillus_paralicheniformis_CEW 1W_GCA_030123025.1
OTU_477	0	0	0	0	0	0	0	0	0	0	0	0	0	0	0	0	1	0	0	0	0	0	0	0	0	0	0	0	0	0	0	0	0	0	0	0	0	1	0	0	0	0	g__Bacillus_subtilis_MB9_B8_GCA_031324185.1	s__	Bacillus_subtilis_MB9_B8_GCA_031324185.1
OTU_478	0	0	0	0	0	0	0	0	0	0	0	0	0	0	0	0	0	0	0	0	0	0	0	0	0	0	0	0	0	0	0	0	0	0	0	0	0	0	1	0	0	0	g__Paenibacillus_sp.	s__11B_GCF-030487755.1	Paenibacillus_sp. 11B_GCF-030487755.1
OTU_479	0	0	0	0	0	0	0	0	0	0	1	0	0	0	0	0	0	0	0	0	0	0	0	0	0	0	0	0	0	0	0	0	0	0	0	0	0	0	0	0	0	0	g__Peribacillus_sp.	s__NJ11_GCA_030348405.1	Peribacillus_sp. NJ11_GCA_030348405.1
OTU_480	0	0	0	0	0	0	1	0	0	0	0	0	0	0	1	0	0	0	0	1	0	0	0	0	0	0	1	0	0	0	0	0	0	0	0	1	0	0	1	0	0	0	g__Neobacillus_novalis_XLM17_GCA_030123445.1	s__	Neobacillus_novalis_XLM17_GCA_030123445.1
OTU_481	0	0	0	0	1	0	0	0	0	0	0	0	0	0	0	0	0	0	0	0	0	0	0	0	0	0	0	0	0	0	0	0	0	0	0	0	0	0	0	0	0	0	g__Mesobacillus_sp.	s__AQ2_GCA_030122805.1	Mesobacillus_sp. AQ2_GCA_030122805.1
OTU_482	0	0	0	0	0	0	0	0	0	0	0	0	0	0	1	0	0	0	0	0	0	0	0	0	0	0	0	0	0	0	0	0	0	0	0	0	0	0	0	0	0	0	g__Bacillus_subtilis_G2S2_GCA_030123085.1	s__	Bacillus_subtilis_G2S2_GCA_030123085.1
OTU_483	0	0	0	0	0	0	0	0	0	0	0	0	0	0	0	0	0	0	0	0	0	0	0	0	0	1	0	0	0	0	0	0	0	0	0	0	0	0	0	0	0	0	g__Paenibacillus_silvae_LY60_GCF_030348445.1	s__	Paenibacillus_silvae_LY60_GCF_030348445.1
OTU_484	1	1	0	0	1	0	0	0	0	0	0	1	0	1	0	0	0	0	0	1	0	0	0	0	0	0	0	0	0	0	0	0	0	0	1	0	0	0	0	0	1	1	g__Peribacillus_frigoritolerans_CF15_GCA_030348775.1	s__	Peribacillus_frigoritolerans_CF15_GCA_030348775.1
OTU_485	0	0	0	0	0	0	0	0	0	0	0	0	0	0	0	0	0	0	0	0	0	0	0	0	0	0	0	0	0	0	0	0	0	0	0	0	0	0	0	0	0	1	g__Bacillus_paralicheniformis_CEW	s__1W_GCA_030123025.1	Bacillus_paralicheniformis_CEW 1W_GCA_030123025.1
OTU_486	0	0	0	0	0	0	0	0	0	0	0	1	0	0	0	0	0	0	0	0	0	0	0	0	0	0	0	0	0	0	0	0	0	0	0	0	0	0	0	0	0	0	g__Bacillus_paralicheniformis_CEW	s__1W_GCA_030123025.1	Bacillus_paralicheniformis_CEW 1W_GCA_030123025.1
OTU_487	0	0	0	0	0	0	0	0	0	0	0	0	0	1	0	0	0	0	0	0	0	0	0	0	0	0	0	0	0	0	0	0	0	0	0	0	0	0	0	0	0	0	g__Paenibacillus_sp.	s__11B_GCF-030487755.1	Paenibacillus_sp. 11B_GCF-030487755.1
OTU_488	0	0	0	0	0	0	0	0	0	0	0	0	0	0	0	0	0	0	0	1	0	0	0	0	0	0	0	0	0	0	0	0	0	0	0	0	0	0	0	0	0	0	g__Paenibacillus_sp.	s__11B_GCF-030487755.1	Paenibacillus_sp. 11B_GCF-030487755.1
OTU_489	0	0	0	0	0	0	0	0	0	0	0	0	0	0	0	0	0	0	0	0	0	0	0	0	0	0	0	0	0	0	0	0	0	0	0	0	1	0	0	0	0	0	g__Bacillus_safensis_CEW-AP100_GCA_030122965.1	s__	Bacillus_safensis_CEW-AP100_GCA_030122965.1
OTU_490	0	0	0	0	0	0	0	0	0	0	0	0	0	0	0	0	0	0	0	0	0	0	0	0	0	0	0	0	0	0	0	0	0	0	0	0	0	1	0	0	0	0	g__Bacillus_altitudinis_G6S2_GCA_030123125.1	s__	Bacillus_altitudinis_G6S2_GCA_030123125.1
OTU_491	0	0	0	0	0	1	0	0	0	0	0	0	0	0	1	0	0	0	0	0	0	0	0	0	0	0	0	0	0	0	0	0	0	0	0	0	0	0	0	0	0	0	g__Lysinibacillus_pakistanensis_LY92_GCA_030123265.1	s__	Lysinibacillus_pakistanensis_LY92_GCA_030123265.1
OTU_492	0	0	0	0	0	0	0	0	1	0	0	0	0	0	0	0	0	0	0	0	0	0	0	0	0	0	0	0	0	0	0	0	0	0	0	0	0	0	0	0	0	0	g__Paenibacillus_sp.	s__11B_GCF-030487755.1	Paenibacillus_sp. 11B_GCF-030487755.1
OTU_493	0	0	0	0	0	0	0	0	0	0	0	0	0	1	0	0	0	0	0	0	0	0	0	0	0	0	0	0	0	0	0	0	0	0	0	0	0	0	0	0	0	0	g__Paenibacillus_sp.	s__11B_GCF-030487755.1	Paenibacillus_sp. 11B_GCF-030487755.1
OTU_494	0	0	0	0	0	0	0	0	0	0	0	0	0	0	1	0	0	0	0	0	0	0	0	0	0	0	0	0	0	0	0	0	0	0	0	0	0	0	0	0	0	0	g__Paenibacillus_sp.	s__11B_GCF-030487755.1	Paenibacillus_sp. 11B_GCF-030487755.1
OTU_495	0	0	0	0	0	0	0	0	0	0	0	0	0	0	0	0	0	1	0	0	0	0	0	0	0	0	0	0	0	0	0	0	0	0	0	0	0	0	0	0	0	0	g__Bacillus_safensis_CEW-AP100_GCA_030122965.1	s__	Bacillus_safensis_CEW-AP100_GCA_030122965.1
OTU_496	0	0	0	0	0	0	0	0	0	0	0	0	0	0	0	0	0	0	0	0	0	1	0	0	0	0	0	0	0	0	0	0	0	0	0	0	0	0	0	0	0	0	g__Bacillus_paralicheniformis_CEW	s__1W_GCA_030123025.1	Bacillus_paralicheniformis_CEW 1W_GCA_030123025.1
OTU_497	0	0	0	0	0	0	0	0	0	0	0	0	0	0	0	0	0	0	0	0	0	0	0	0	0	0	0	0	0	0	0	0	0	0	1	0	0	0	0	0	0	0	g__Peribacillus_frigoritolerans_CF13_GCA_030348785.1	s__	Peribacillus_frigoritolerans_CF13_GCA_030348785.1
OTU_498	0	0	0	0	0	0	0	0	0	0	0	0	0	0	0	0	0	0	0	0	0	0	0	0	0	0	0	0	0	0	0	0	0	0	0	0	0	0	1	0	0	0	g__Bacillus_altitudinis_G6S2_GCA_030123125.1	s__	Bacillus_altitudinis_G6S2_GCA_030123125.1
OTU_499	0	0	0	0	0	0	0	0	0	0	0	0	0	0	1	0	0	0	0	0	0	0	0	0	0	0	0	0	0	0	0	0	0	0	0	0	0	0	0	0	0	0	g__Bacillus_subtilis_KF24_GCA_030123145.1	s__	Bacillus_subtilis_KF24_GCA_030123145.1
OTU_500	3	2	2	1	2	1	0	0	1	0	0	2	0	2	1	3	3	3	2	1	3	1	0	1	0	1	0	0	0	0	0	0	2	0	0	2	1	1	1	0	1	0	g__Bacillus_altitudinis_G6S2_GCA_030123125.1	s__	Bacillus_altitudinis_G6S2_GCA_030123125.1
OTU_501	0	0	0	0	0	0	0	0	0	0	0	0	0	0	0	0	0	1	0	0	1	0	0	0	0	0	0	0	0	0	0	0	0	0	0	0	0	0	0	0	0	0	g__Rossellomorea_marisflavi_LC18_GCA_031324195.1	s__	Rossellomorea_marisflavi_LC18_GCA_031324195.1
OTU_502	0	0	0	0	0	0	0	0	0	0	0	0	0	0	0	0	0	0	0	1	1	0	0	0	0	0	0	0	0	0	0	0	0	0	0	0	0	0	0	0	0	0	g__Bacillus_paralicheniformis_CEW	s__1W_GCA_030123025.1	Bacillus_paralicheniformis_CEW 1W_GCA_030123025.1
OTU_503	0	0	0	0	0	0	0	0	0	0	0	0	0	0	0	0	0	0	0	0	0	0	0	0	0	0	0	1	0	0	0	0	0	0	0	0	0	0	0	0	0	0	g__Bacillus_paralicheniformis_CEW	s__1W_GCA_030123025.1	Bacillus_paralicheniformis_CEW 1W_GCA_030123025.1
OTU_504	0	0	0	0	0	0	0	0	0	0	0	1	0	0	0	0	0	0	0	0	0	0	0	0	0	0	0	0	0	0	0	0	0	0	0	0	0	0	0	0	0	0	g__Bacillus_safensis_CEW-AP100_GCA_030122965.1	s__	Bacillus_safensis_CEW-AP100_GCA_030122965.1
OTU_505	0	0	0	0	0	0	0	0	0	0	0	1	0	0	0	0	0	0	0	0	0	0	0	0	0	0	0	0	0	0	0	0	0	0	0	0	0	0	0	0	0	0	g__Bacillus_paralicheniformis_CEW	s__1W_GCA_030123025.1	Bacillus_paralicheniformis_CEW 1W_GCA_030123025.1
OTU_507	0	0	0	0	0	0	0	0	0	0	0	0	0	0	0	0	0	1	0	0	0	0	0	0	0	0	0	0	0	0	0	0	0	0	0	0	0	0	0	0	0	0	g__Bacillus_paralicheniformis_CEW	s__1W_GCA_030123025.1	Bacillus_paralicheniformis_CEW 1W_GCA_030123025.1
OTU_508	0	0	0	0	0	0	0	0	0	0	0	0	0	0	0	0	0	0	0	0	1	0	0	0	0	0	0	0	0	0	0	0	0	0	0	0	0	0	0	0	0	0	g__Paenibacillus_sp.	s__11B_GCF-030487755.1	Paenibacillus_sp. 11B_GCF-030487755.1
OTU_509	0	0	0	0	0	0	0	0	0	0	0	1	0	0	0	0	0	0	0	0	0	0	0	0	0	0	0	0	0	0	0	0	0	0	0	0	0	0	0	0	0	0	g__Paenibacillus_sp.	s__11B_GCF-030487755.1	Paenibacillus_sp. 11B_GCF-030487755.1
OTU_510	0	0	0	0	0	0	0	0	0	0	0	0	0	0	0	1	0	0	0	0	0	0	0	0	0	0	0	0	0	0	0	0	0	0	0	0	0	0	0	0	0	0	g__Bacillus_paralicheniformis_CEW	s__1W_GCA_030123025.1	Bacillus_paralicheniformis_CEW 1W_GCA_030123025.1
OTU_511	0	0	0	0	0	0	0	0	0	0	0	0	0	0	0	0	0	0	0	0	0	0	0	0	0	0	0	0	0	0	0	0	0	0	1	1	0	0	1	0	0	0	g__Lysinibacillus_pakistanensis_LY92_GCA_030123265.1	s__	Lysinibacillus_pakistanensis_LY92_GCA_030123265.1
OTU_513	0	0	0	0	0	0	0	0	0	0	0	1	0	0	0	0	0	0	0	0	0	0	0	0	0	0	0	0	0	0	0	0	0	0	0	0	0	0	0	0	0	0	g__Bacillus_paralicheniformis_CEW	s__1W_GCA_030123025.1	Bacillus_paralicheniformis_CEW 1W_GCA_030123025.1
OTU_514	0	0	0	0	0	0	0	0	0	0	0	0	0	0	0	0	1	0	0	0	0	0	0	0	0	0	0	0	0	0	0	0	0	0	0	0	0	0	0	0	0	0	g__Bacillus_sonorensis_YX13_GCA_031324045.1	s__	Bacillus_sonorensis_YX13_GCA_031324045.1
OTU_515	0	0	0	0	0	0	0	0	0	0	1	0	0	0	0	0	0	0	0	0	0	0	0	0	0	0	0	0	0	0	0	0	0	0	0	0	0	0	0	0	0	0	g__Paenibacillus_silvae_LY60_GCF_030348445.1	s__	Paenibacillus_silvae_LY60_GCF_030348445.1
OTU_516	0	0	0	0	0	0	0	0	0	0	0	0	0	1	0	0	0	0	0	0	0	0	0	0	0	0	0	1	0	0	0	0	0	0	0	0	0	0	0	0	0	0	g__Bacillus_safensis_CEW-AP100_GCA_030122965.1	s__	Bacillus_safensis_CEW-AP100_GCA_030122965.1
OTU_517	0	0	0	0	0	0	0	0	0	0	0	0	0	0	0	1	0	0	0	0	0	0	0	0	0	0	0	0	0	0	0	0	0	0	0	0	0	0	0	0	0	0	g__Bacillus_paralicheniformis_CEW	s__1W_GCA_030123025.1	Bacillus_paralicheniformis_CEW 1W_GCA_030123025.1
OTU_518	0	0	0	0	1	0	0	0	0	0	0	1	0	0	0	0	0	0	0	0	0	0	0	0	0	0	0	0	0	0	0	0	0	0	0	0	0	0	0	0	0	0	g__Bacillus_hominis_SIN2.1_GCA_030348325.1	s__	Bacillus_hominis_SIN2.1_GCA_030348325.1
OTU_519	0	0	0	0	0	0	0	0	0	0	0	0	0	0	0	0	1	0	0	0	0	0	0	0	0	0	0	0	0	0	0	0	0	0	0	0	0	0	0	0	0	0	g__Paenibacillus_sp.	s__11B_GCF-030487755.1	Paenibacillus_sp. 11B_GCF-030487755.1
OTU_520	0	0	0	0	0	0	0	0	0	0	0	0	0	0	0	0	0	1	0	0	0	0	0	0	0	0	0	0	0	0	0	0	0	0	0	0	0	0	0	0	0	0	g__Paenibacillus_sp.	s__11B_GCF-030487755.1	Paenibacillus_sp. 11B_GCF-030487755.1
OTU_521	0	0	0	0	0	0	0	0	0	0	0	0	0	1	0	0	0	0	0	0	0	0	0	0	0	0	0	0	0	0	0	0	0	0	0	0	0	0	0	0	0	0	g__Bacillus_paralicheniformis_CEW	s__1W_GCA_030123025.1	Bacillus_paralicheniformis_CEW 1W_GCA_030123025.1
OTU_522	0	0	1	0	0	1	0	2	1	2	0	1	0	2	1	0	0	0	0	0	0	1	0	0	1	1	0	0	0	0	0	0	0	0	1	0	1	0	2	0	1	0	g__Bacillus_paralicheniformis_CEW	s__1W_GCA_030123025.1	Bacillus_paralicheniformis_CEW 1W_GCA_030123025.1
OTU_523	0	0	0	0	0	0	0	0	0	0	0	0	0	0	0	0	0	0	0	0	0	0	0	0	0	0	0	0	0	0	1	0	0	0	0	0	0	0	0	0	0	0	g__Bacillus_sonorensis_YX13_GCA_031324045.1	s__	Bacillus_sonorensis_YX13_GCA_031324045.1
OTU_524	0	1	0	0	0	0	0	0	0	0	0	0	0	0	0	0	0	0	0	0	0	0	0	0	0	0	0	0	0	0	0	0	0	0	0	0	0	0	0	0	0	0	g__Bacillus_anthracis_Mn106-1	s__head2	Bacillus_anthracis_Mn106-1 head2 chi_GCA_030166975.1
OTU_525	0	0	0	0	0	0	0	0	0	0	0	0	0	1	0	0	0	0	0	0	0	0	0	0	0	0	0	0	0	0	0	0	0	0	0	0	0	0	0	0	0	0	g__Bacillus_altitudinis_G6S2_GCA_030123125.1	s__	Bacillus_altitudinis_G6S2_GCA_030123125.1
OTU_526	0	0	0	0	0	0	0	0	0	0	0	0	0	0	0	1	0	0	0	0	0	0	0	0	0	0	0	0	0	0	0	0	0	0	0	0	0	0	0	0	0	0	g__Lysinibacillus_sp._G4S2_GCA_030348505.1	s__	Lysinibacillus_sp._G4S2_GCA_030348505.1
OTU_527	0	0	0	0	0	0	0	0	0	0	0	0	0	0	0	0	0	0	0	0	0	0	0	0	0	0	0	1	0	0	0	0	0	0	0	0	0	0	0	0	0	1	g__Paenibacillus_woosongensis	s__B2_4_GCA_030122845.1	Paenibacillus_woosongensis B2_4_GCA_030122845.1
OTU_528	0	0	0	0	0	0	0	0	0	0	0	0	0	1	0	0	0	0	0	0	0	0	0	0	0	0	0	0	0	0	0	0	0	0	0	0	0	0	0	0	0	0	g__Paenibacillus_sp.	s__11B_GCF-030487755.1	Paenibacillus_sp. 11B_GCF-030487755.1
OTU_529	0	0	0	0	0	0	0	0	0	0	0	0	0	0	0	0	0	0	0	0	0	0	0	0	0	0	0	0	0	0	0	0	0	0	0	0	0	0	0	0	0	1	g__Paenibacillus_sp.	s__11B_GCF-030487755.1	Paenibacillus_sp. 11B_GCF-030487755.1
OTU_530	0	0	0	0	0	0	0	0	0	0	1	0	0	0	0	0	0	0	0	0	0	0	0	0	0	0	0	0	0	0	0	0	0	0	0	0	0	0	0	0	0	0	g__Paenibacillus_sp.	s__11B_GCF-030487755.1	Paenibacillus_sp. 11B_GCF-030487755.1
OTU_531	0	0	0	0	0	0	0	0	0	0	1	0	0	0	0	0	0	0	0	0	0	0	0	0	0	0	0	0	0	0	0	0	0	0	0	0	0	0	0	0	0	0	g__Bacillus_paralicheniformis_CEW	s__1W_GCA_030123025.1	Bacillus_paralicheniformis_CEW 1W_GCA_030123025.1
OTU_532	0	0	0	0	0	0	0	0	0	0	0	0	0	0	0	0	0	1	0	0	0	0	0	0	0	0	0	0	0	0	0	0	0	0	0	0	0	0	0	0	0	0	g__Paenibacillus_sp.	s__11B_GCF-030487755.1	Paenibacillus_sp. 11B_GCF-030487755.1
OTU_533	0	0	0	0	0	0	0	0	0	0	0	0	0	0	0	0	0	0	0	0	1	0	0	0	0	0	0	0	0	0	0	0	0	0	0	0	0	0	0	0	0	0	g__Bacillus_safensis_CEW-AP100_GCA_030122965.1	s__	Bacillus_safensis_CEW-AP100_GCA_030122965.1
OTU_534	0	0	0	0	0	0	0	0	0	0	0	0	0	0	0	0	0	0	0	0	0	0	0	0	0	0	0	0	0	0	0	0	1	0	0	0	0	0	0	0	0	0	g__Bacillus_paralicheniformis_CEW	s__1W_GCA_030123025.1	Bacillus_paralicheniformis_CEW 1W_GCA_030123025.1
OTU_535	1	0	0	0	0	0	0	0	0	0	0	0	0	0	0	0	0	0	0	0	0	0	0	0	0	0	0	0	0	0	0	0	0	0	0	0	0	0	0	0	0	0	g__Paenibacillus_sp.	s__11B_GCF-030487755.1	Paenibacillus_sp. 11B_GCF-030487755.1
OTU_536	0	0	0	0	0	0	0	0	0	0	1	0	0	0	0	0	0	0	0	0	0	0	0	0	0	0	0	0	0	0	0	0	0	0	0	0	0	0	0	0	0	0	g__Paenibacillus_sp.	s__11B_GCF-030487755.1	Paenibacillus_sp. 11B_GCF-030487755.1
OTU_537	0	0	0	0	0	0	0	0	0	0	0	0	0	1	0	0	0	0	0	0	0	0	0	0	0	0	0	0	0	0	0	0	0	0	0	0	0	0	0	0	0	0	g__Bacillus_paralicheniformis_CEW	s__1W_GCA_030123025.1	Bacillus_paralicheniformis_CEW 1W_GCA_030123025.1
OTU_538	0	0	0	0	0	0	0	0	0	0	0	0	0	0	0	0	0	0	0	0	1	0	0	0	0	0	0	0	0	0	0	0	0	0	0	0	0	0	0	0	0	0	g__Paenibacillus_sp.	s__11B_GCF-030487755.1	Paenibacillus_sp. 11B_GCF-030487755.1
OTU_539	0	0	0	0	0	0	0	0	0	0	0	0	0	0	0	0	0	0	0	0	0	0	0	0	0	0	0	0	0	0	0	0	0	0	1	0	0	0	0	0	0	0	g__Paenibacillus_sp.	s__11B_GCF-030487755.1	Paenibacillus_sp. 11B_GCF-030487755.1
OTU_540	0	0	0	0	0	0	0	0	0	0	0	0	0	0	0	0	0	0	0	0	0	0	0	0	0	0	0	0	0	0	0	0	0	0	0	1	0	0	0	0	0	0	g__Paenibacillus_sp.	s__11B_GCF-030487755.1	Paenibacillus_sp. 11B_GCF-030487755.1
OTU_541	0	0	0	0	0	0	0	0	0	0	0	0	0	0	0	0	0	1	0	0	0	0	0	0	0	0	0	0	0	0	0	0	0	0	0	0	0	0	0	0	0	0	g__Paenibacillus_silvae_LY60_GCF_030348445.1	s__	Paenibacillus_silvae_LY60_GCF_030348445.1
OTU_542	0	0	0	0	0	0	0	0	0	0	0	0	0	0	0	0	0	0	0	0	0	0	0	0	0	0	1	0	0	0	0	0	0	0	0	0	0	0	0	0	0	0	g__Bacillus_paralicheniformis_CEW	s__1W_GCA_030123025.1	Bacillus_paralicheniformis_CEW 1W_GCA_030123025.1
OTU_543	0	0	0	0	0	0	0	0	0	0	0	0	0	0	0	1	0	0	0	0	0	0	0	0	0	0	0	0	0	0	0	0	0	0	0	0	0	0	0	0	0	0	g__Bacillus_paralicheniformis_CEW	s__1W_GCA_030123025.1	Bacillus_paralicheniformis_CEW 1W_GCA_030123025.1
OTU_544	0	0	0	0	0	0	0	0	0	0	0	0	0	0	0	0	0	0	1	0	0	0	0	0	0	0	0	0	0	0	0	0	0	0	0	0	0	0	0	0	0	0	g__Paenibacillus_sp.	s__11B_GCF-030487755.1	Paenibacillus_sp. 11B_GCF-030487755.1
OTU_545	0	0	0	0	0	0	0	0	0	0	0	0	0	0	1	0	0	0	0	0	0	0	0	0	0	0	1	1	0	0	0	0	2	0	0	0	0	0	0	0	0	1	g__Bacillus_paralicheniformis_CEW	s__1W_GCA_030123025.1	Bacillus_paralicheniformis_CEW 1W_GCA_030123025.1
OTU_546	0	0	0	0	0	0	1	0	0	0	0	0	0	0	0	0	0	0	0	0	0	0	0	0	0	0	0	0	0	0	0	0	0	0	0	0	0	0	0	0	0	0	g__Bacillus_paralicheniformis_CEW	s__1W_GCA_030123025.1	Bacillus_paralicheniformis_CEW 1W_GCA_030123025.1
OTU_547	1	0	0	0	1	0	0	0	0	0	0	1	0	0	0	1	0	0	0	1	0	0	0	0	0	0	0	0	0	0	0	0	1	0	0	0	0	0	0	0	0	0	g__Bacillus_pseudomycoides_SIN1.1_GCA_031324125.1	s__	Bacillus_pseudomycoides_SIN1.1_GCA_031324125.1
OTU_548	0	0	0	0	0	0	0	0	0	0	0	0	0	0	0	0	0	0	0	0	0	0	0	0	0	0	0	0	0	0	0	0	0	0	0	1	0	0	0	0	1	0	g__Paenibacillus_silvae_LY60_GCF_030348445.1	s__	Paenibacillus_silvae_LY60_GCF_030348445.1
OTU_549	0	0	0	0	0	0	0	0	0	0	0	0	0	0	0	0	0	0	0	0	0	0	0	0	0	0	0	0	0	0	0	0	0	0	0	0	0	0	0	0	1	0	g__Paenibacillus_sp.	s__11B_GCF-030487755.1	Paenibacillus_sp. 11B_GCF-030487755.1
OTU_550	0	0	0	0	0	0	0	0	0	0	0	1	0	0	0	0	0	0	0	0	0	0	0	0	0	0	0	0	0	0	0	0	0	0	0	0	0	0	0	0	0	0	g__Bacillus_paralicheniformis_CEW	s__1W_GCA_030123025.1	Bacillus_paralicheniformis_CEW 1W_GCA_030123025.1
OTU_551	0	0	0	0	0	0	0	0	0	0	0	0	0	0	0	0	1	0	0	0	0	0	0	0	0	0	0	0	0	0	0	0	0	0	0	0	0	0	0	0	0	0	g__Paenibacillus_sp.	s__11B_GCF-030487755.1	Paenibacillus_sp. 11B_GCF-030487755.1
OTU_552	0	1	0	0	0	0	0	0	0	0	0	0	0	0	0	0	0	0	0	0	0	0	0	0	0	0	0	0	0	0	0	0	0	0	0	0	0	0	0	0	0	0	g__Paenibacillus_sp.	s__11B_GCF-030487755.1	Paenibacillus_sp. 11B_GCF-030487755.1
OTU_553	0	0	0	0	0	0	1	0	0	0	0	0	0	0	0	0	0	0	0	0	0	0	0	0	0	0	0	0	0	0	0	0	0	0	0	0	0	0	0	0	0	0	g__Bacillus_paralicheniformis_CEW	s__1W_GCA_030123025.1	Bacillus_paralicheniformis_CEW 1W_GCA_030123025.1
OTU_554	0	0	0	0	0	0	0	0	0	0	0	1	0	0	0	0	0	0	0	0	0	0	0	0	0	0	0	0	0	0	0	0	0	0	0	0	0	0	0	0	0	0	g__Bacillus_paralicheniformis_CEW	s__1W_GCA_030123025.1	Bacillus_paralicheniformis_CEW 1W_GCA_030123025.1
OTU_555	0	0	0	0	0	0	0	0	0	0	0	0	0	0	1	0	0	0	0	0	0	0	0	0	0	0	0	0	0	0	0	0	0	0	0	0	0	0	0	0	0	0	g__Bacillus_paralicheniformis_CEW	s__1W_GCA_030123025.1	Bacillus_paralicheniformis_CEW 1W_GCA_030123025.1
OTU_556	0	0	0	0	0	0	0	0	0	0	0	0	0	0	0	0	1	0	0	0	0	0	0	0	0	0	0	0	0	0	0	0	0	0	0	0	0	0	0	0	0	0	g__Bacillus_sonorensis_YX13_GCA_031324045.1	s__	Bacillus_sonorensis_YX13_GCA_031324045.1
OTU_557	0	0	0	0	0	0	0	0	0	0	0	0	0	0	0	0	0	0	0	0	0	0	0	0	0	0	1	0	0	0	0	0	0	0	0	0	0	0	0	0	0	0	g__Bacillus_paralicheniformis_CEW	s__1W_GCA_030123025.1	Bacillus_paralicheniformis_CEW 1W_GCA_030123025.1
OTU_558	0	0	0	0	0	0	0	0	0	0	0	1	0	0	0	0	0	0	0	0	0	0	0	0	0	0	0	0	0	0	0	0	0	0	0	0	0	0	0	0	0	0	g__Paenibacillus_sp.	s__11B_GCF-030487755.1	Paenibacillus_sp. 11B_GCF-030487755.1
OTU_559	0	0	0	0	0	0	0	0	0	0	0	1	0	0	0	0	0	0	0	0	0	0	0	0	0	0	0	0	0	0	0	0	0	0	0	0	0	0	0	0	0	0	g__Paenibacillus_silvae_LY60_GCF_030348445.1	s__	Paenibacillus_silvae_LY60_GCF_030348445.1
OTU_560	0	0	0	0	0	0	0	0	0	0	0	0	0	0	0	0	1	0	0	0	0	0	0	0	0	0	0	0	0	0	0	0	0	0	0	0	0	0	0	0	0	0	g__Paenibacillus_sp.	s__11B_GCF-030487755.1	Paenibacillus_sp. 11B_GCF-030487755.1
OTU_561	0	0	0	0	0	0	0	0	0	0	0	0	0	0	0	0	0	0	0	0	0	0	0	0	0	0	0	0	0	0	0	0	1	0	0	0	0	0	0	0	0	0	g__Bacillus_paralicheniformis_CEW	s__1W_GCA_030123025.1	Bacillus_paralicheniformis_CEW 1W_GCA_030123025.1
OTU_563	0	0	0	0	0	1	0	0	0	0	0	0	0	0	0	0	0	0	0	0	0	0	0	0	0	0	0	0	0	0	0	0	0	0	0	0	0	0	0	0	0	0	g__Lysinibacillus_pakistanensis_LY92_GCA_030123265.1	s__	Lysinibacillus_pakistanensis_LY92_GCA_030123265.1
OTU_564	0	0	0	0	0	0	0	0	0	0	0	0	0	0	0	0	0	0	1	0	0	0	0	0	0	0	0	0	0	0	0	0	0	0	0	0	0	0	0	0	0	0	g__Paenibacillus_silvae_LY60_GCF_030348445.1	s__	Paenibacillus_silvae_LY60_GCF_030348445.1
OTU_565	0	0	0	1	0	0	0	2	0	0	2	0	0	0	0	0	0	0	1	0	0	0	0	0	0	0	0	0	0	0	0	0	0	0	0	0	1	0	0	1	0	1	g__Bacillus_wiedmannii_Munchenroda_S7_GCA_030348415.1	s__	Bacillus_wiedmannii_Munchenroda_S7_GCA_030348415.1
OTU_566	0	0	0	0	0	0	0	0	0	0	0	0	0	0	0	0	0	0	0	0	0	0	0	0	0	0	0	0	0	0	0	0	1	0	0	0	0	0	0	0	0	0	g__Bacillus_paralicheniformis_CEW	s__1W_GCA_030123025.1	Bacillus_paralicheniformis_CEW 1W_GCA_030123025.1
OTU_567	0	0	0	0	0	0	0	0	0	0	0	0	0	0	0	0	0	0	0	0	0	0	0	0	0	0	0	0	0	0	0	0	1	0	0	0	0	0	0	0	0	0	g__Paenibacillus_sp.	s__11B_GCF-030487755.1	Paenibacillus_sp. 11B_GCF-030487755.1
OTU_568	0	0	0	1	0	0	0	0	0	0	0	0	0	0	1	0	0	0	0	0	1	0	0	0	0	0	0	0	0	0	0	0	0	0	0	0	0	0	0	0	0	0	g__Paenibacillus_silvae_LY60_GCF_030348445.1	s__	Paenibacillus_silvae_LY60_GCF_030348445.1
OTU_569	0	0	0	0	0	0	0	0	0	0	0	0	0	1	0	0	0	0	0	0	0	0	0	0	0	0	0	0	0	0	0	0	0	0	0	0	0	0	0	0	0	0	g__Paenibacillus_sp.	s__11B_GCF-030487755.1	Paenibacillus_sp. 11B_GCF-030487755.1
OTU_570	0	0	0	0	0	0	0	0	0	0	0	0	0	0	0	0	0	1	0	0	0	0	0	0	0	0	0	0	0	0	0	0	0	0	0	0	0	0	0	0	0	0	g__Paenibacillus_sp.	s__11B_GCF-030487755.1	Paenibacillus_sp. 11B_GCF-030487755.1
OTU_571	0	0	0	0	0	0	0	0	0	0	0	0	0	0	0	0	0	1	0	0	0	0	0	0	0	0	0	0	0	0	0	0	0	0	0	0	0	0	0	0	0	0	g__Paenibacillus_sp.	s__11B_GCF-030487755.1	Paenibacillus_sp. 11B_GCF-030487755.1
OTU_572	0	0	0	0	0	0	0	0	0	0	0	0	0	0	0	0	0	0	0	0	0	0	0	0	0	0	0	1	0	0	0	0	0	0	0	0	0	0	0	0	0	0	g__Bacillus_safensis_CEW-AP100_GCA_030122965.1	s__	Bacillus_safensis_CEW-AP100_GCA_030122965.1
OTU_573	0	0	0	0	0	0	0	0	0	0	0	0	0	0	0	0	0	0	0	0	1	0	0	0	0	0	0	0	0	0	0	0	0	0	0	0	0	0	0	0	0	0	g__Paenibacillus_sp.	s__11B_GCF-030487755.1	Paenibacillus_sp. 11B_GCF-030487755.1
OTU_574	0	0	0	0	0	0	0	0	0	0	0	0	0	0	0	0	0	1	0	0	0	0	0	0	0	0	0	0	0	0	0	0	0	0	0	0	0	0	1	0	0	0	g__Paenibacillus_woosongensis	s__B2_4_GCA_030122845.1	Paenibacillus_woosongensis B2_4_GCA_030122845.1
OTU_575	0	0	0	0	0	0	1	0	0	0	0	1	0	3	0	0	1	1	1	1	2	0	0	0	0	0	0	0	0	0	0	0	0	0	0	0	0	0	0	0	1	1	g__Bacillus_altitudinis_G6S2_GCA_030123125.1	s__	Bacillus_altitudinis_G6S2_GCA_030123125.1
OTU_576	0	0	0	1	0	0	0	0	0	0	0	0	0	0	0	0	0	0	0	1	0	0	0	0	0	0	0	0	0	0	0	0	0	0	0	0	0	0	0	0	0	0	g__Bacillus_paralicheniformis_CEW	s__1W_GCA_030123025.1	Bacillus_paralicheniformis_CEW 1W_GCA_030123025.1
OTU_577	0	0	0	0	0	0	0	0	0	0	0	0	0	0	0	0	0	0	0	1	0	0	0	0	0	0	0	0	0	0	0	0	0	0	0	0	0	0	0	0	0	0	g__Paenibacillus_silvae_LY60_GCF_030348445.1	s__	Paenibacillus_silvae_LY60_GCF_030348445.1
OTU_578	0	0	0	0	0	0	0	0	0	0	0	0	0	0	0	0	0	0	0	0	0	0	0	0	0	0	0	0	0	0	0	0	1	0	0	0	0	0	0	0	0	0	g__Paenibacillus_sp.	s__11B_GCF-030487755.1	Paenibacillus_sp. 11B_GCF-030487755.1
OTU_579	0	0	0	0	0	0	0	0	0	0	0	0	0	0	0	0	0	0	0	0	0	0	0	0	0	0	0	0	0	0	0	0	1	0	0	0	0	0	0	0	0	0	g__Paenibacillus_sp.	s__11B_GCF-030487755.1	Paenibacillus_sp. 11B_GCF-030487755.1
OTU_580	0	0	0	0	0	0	0	0	0	0	0	0	0	0	0	0	0	0	0	0	0	0	0	0	0	0	0	0	0	0	0	0	0	0	0	0	0	1	0	0	0	0	g__Bacillus_wiedmannii_Munchenroda_S7_GCA_030348415.1	s__	Bacillus_wiedmannii_Munchenroda_S7_GCA_030348415.1
OTU_581	0	0	0	0	0	0	0	0	0	0	0	1	0	0	0	0	0	0	0	0	0	0	0	0	0	0	0	0	0	0	0	0	0	0	0	0	0	0	0	0	0	0	g__Paenibacillus_sp.	s__11B_GCF-030487755.1	Paenibacillus_sp. 11B_GCF-030487755.1
OTU_582	0	0	0	0	0	0	0	0	0	0	0	0	0	0	0	0	0	0	1	0	0	0	0	0	0	0	0	0	0	0	0	0	0	0	0	0	0	0	0	0	0	0	g__Peribacillus_frigoritolerans_CF29_GCA_030122925.1	s__	Peribacillus_frigoritolerans_CF29_GCA_030122925.1
OTU_583	0	0	0	0	0	0	0	0	0	0	0	0	0	0	0	0	0	0	0	1	0	0	0	0	0	0	0	0	0	0	0	0	0	0	0	0	0	0	0	0	0	0	g__Paenibacillus_sp.	s__11B_GCF-030487755.1	Paenibacillus_sp. 11B_GCF-030487755.1
OTU_584	1	0	0	0	0	0	0	0	0	0	0	0	0	0	0	0	0	0	0	0	0	0	0	0	0	0	0	0	0	0	0	0	0	0	0	0	0	0	0	0	0	0	g__Bacillus_subtilis_G2S2_GCA_030123085.1	s__	Bacillus_subtilis_G2S2_GCA_030123085.1
OTU_585	0	1	0	0	0	0	0	0	0	0	0	0	0	0	0	0	0	0	0	0	0	0	0	0	0	0	0	0	0	0	0	0	0	0	0	0	0	0	0	0	0	0	g__Bacillus_paralicheniformis_CEW	s__1W_GCA_030123025.1	Bacillus_paralicheniformis_CEW 1W_GCA_030123025.1
OTU_586	0	0	0	0	0	0	0	0	0	0	0	0	0	0	0	0	1	0	0	1	0	0	0	0	0	0	0	0	0	0	0	0	0	0	0	0	0	0	0	0	0	0	g__Bacillus_safensis_CEW-AP100_GCA_030122965.1	s__	Bacillus_safensis_CEW-AP100_GCA_030122965.1
OTU_587	0	0	0	1	0	0	0	0	0	0	0	0	0	0	0	0	0	0	0	0	0	0	0	0	0	0	0	0	0	0	0	0	0	0	0	0	0	0	0	0	0	0	g__Bacillus_sonorensis_YX13_GCA_031324045.1	s__	Bacillus_sonorensis_YX13_GCA_031324045.1
OTU_588	0	0	0	0	0	0	0	0	0	0	0	0	0	1	0	0	0	0	0	0	0	0	0	0	0	0	0	0	0	0	0	0	0	0	0	0	0	0	0	0	0	0	g__Lysinibacillus_pakistanensis_LY92_GCA_030123265.1	s__	Lysinibacillus_pakistanensis_LY92_GCA_030123265.1
OTU_589	0	0	0	0	0	0	0	0	0	0	0	0	0	1	0	0	0	0	0	0	0	0	0	0	0	0	0	0	0	0	0	0	0	0	0	0	0	0	0	0	0	0	g__Brevibacillus_parabrevis_GCA_031324325.1	s__	Brevibacillus_parabrevis_GCA_031324325.1
OTU_590	0	0	0	0	0	0	0	0	0	0	0	0	0	0	1	0	0	0	0	0	0	0	0	0	0	0	0	0	0	0	0	0	0	0	0	0	0	0	0	0	0	0	g__Bacillus_paralicheniformis_CEW	s__1W_GCA_030123025.1	Bacillus_paralicheniformis_CEW 1W_GCA_030123025.1
OTU_591	0	0	0	0	0	0	0	0	0	0	0	0	0	0	0	0	0	0	0	0	0	0	0	0	0	0	0	1	0	0	0	0	0	0	0	0	0	0	0	0	0	0	g__Paenibacillus_sp.	s__11B_GCF-030487755.1	Paenibacillus_sp. 11B_GCF-030487755.1
OTU_592	0	0	0	0	1	0	0	0	0	0	0	0	0	0	0	0	0	0	0	0	0	0	0	0	0	0	0	0	0	0	0	0	0	0	0	0	0	0	0	0	0	0	g__Paenibacillus_silvae_LY60_GCF_030348445.1	s__	Paenibacillus_silvae_LY60_GCF_030348445.1
OTU_593	2	2	0	2	1	0	1	1	1	1	0	5	0	2	3	1	1	3	4	2	0	3	1	1	0	0	0	1	0	0	1	0	1	0	4	3	1	3	1	1	0	1	g__Bacillus_paralicheniformis_CEW	s__1W_GCA_030123025.1	Bacillus_paralicheniformis_CEW 1W_GCA_030123025.1
OTU_594	0	0	0	0	0	0	0	0	0	0	0	0	0	0	0	0	0	0	0	1	0	0	0	0	0	0	0	0	0	0	0	0	0	0	0	0	0	0	0	0	0	0	g__Bacillus_paralicheniformis_CEW	s__1W_GCA_030123025.1	Bacillus_paralicheniformis_CEW 1W_GCA_030123025.1
OTU_595	0	0	0	0	0	0	0	0	0	0	0	0	0	0	0	0	0	0	0	1	0	0	0	0	0	0	0	0	0	0	0	0	0	0	0	0	0	0	0	0	0	0	g__Paenibacillus_sp.	s__11B_GCF-030487755.1	Paenibacillus_sp. 11B_GCF-030487755.1
OTU_596	0	0	0	0	0	0	0	0	0	0	0	0	0	0	0	0	0	0	0	0	0	0	0	0	0	0	0	0	1	0	0	0	0	0	0	0	0	0	0	0	0	0	g__Bacillus_sonorensis_YX13_GCA_031324045.1	s__	Bacillus_sonorensis_YX13_GCA_031324045.1
OTU_597	0	0	0	0	0	0	0	0	0	0	0	0	0	0	0	0	0	0	0	0	0	0	0	0	1	0	0	0	0	0	0	1	0	0	0	0	0	0	0	0	0	0	g__Bacillus_albus_SXL388_GCA_030292135.1	s__	Bacillus_albus_SXL388_GCA_030292135.1
OTU_598	0	0	0	0	0	0	0	0	0	0	0	0	0	1	0	0	0	0	0	0	0	0	0	0	0	0	0	0	0	0	0	0	0	0	0	0	0	0	0	0	0	0	g__Paenibacillus_sp.	s__11B_GCF-030487755.1	Paenibacillus_sp. 11B_GCF-030487755.1
OTU_599	0	0	0	0	0	0	0	0	1	0	0	0	0	0	1	0	0	0	0	0	0	0	0	0	0	0	0	0	0	0	0	0	0	0	0	0	0	0	0	0	0	0	g__Bacillus_sonorensis_YX13_GCA_031324045.1	s__	Bacillus_sonorensis_YX13_GCA_031324045.1
OTU_600	0	0	0	0	1	0	0	0	0	0	0	0	0	0	0	0	0	0	0	0	0	0	0	0	0	0	0	0	0	0	0	0	0	0	0	0	0	0	0	0	0	0	g__Paenibacillus_sp.	s__11B_GCF-030487755.1	Paenibacillus_sp. 11B_GCF-030487755.1
OTU_601	0	0	0	0	0	0	0	0	1	0	0	0	0	0	0	0	0	0	0	0	0	0	0	0	0	0	0	0	0	0	0	0	0	0	0	0	0	0	0	0	0	0	g__Neobacillus_novalis_XLM17_GCA_030123445.1	s__	Neobacillus_novalis_XLM17_GCA_030123445.1
OTU_603	0	0	0	0	0	0	0	0	0	0	0	0	0	0	0	0	0	0	0	0	0	0	0	0	0	0	0	1	0	0	0	0	0	0	0	0	0	0	0	0	0	0	g__Bacillus_safensis_CEW-AP100_GCA_030122965.1	s__	Bacillus_safensis_CEW-AP100_GCA_030122965.1
OTU_604	1	0	0	0	0	0	0	0	0	0	0	0	0	1	0	0	0	0	0	0	0	0	0	0	0	0	0	0	1	0	0	0	0	0	0	0	1	0	0	0	0	0	g__Bacillus_paralicheniformis_CEW	s__1W_GCA_030123025.1	Bacillus_paralicheniformis_CEW 1W_GCA_030123025.1
OTU_605	2	2	1	1	0	1	1	0	0	0	0	2	0	0	1	0	3	2	2	2	0	1	0	0	0	0	2	0	0	1	0	0	2	0	0	0	0	1	0	0	1	1	g__Lysinibacillus_pakistanensis_LY92_GCA_030123265.1	s__	Lysinibacillus_pakistanensis_LY92_GCA_030123265.1
OTU_606	0	0	0	0	0	0	0	0	0	0	0	0	0	0	0	0	0	0	1	0	0	0	0	0	0	0	0	0	0	0	0	0	0	0	0	0	0	0	0	0	0	0	g__Paenibacillus_silvae_LY60_GCF_030348445.1	s__	Paenibacillus_silvae_LY60_GCF_030348445.1
OTU_607	0	0	0	0	0	0	0	0	0	0	0	0	0	0	0	1	0	0	0	1	0	0	0	0	0	0	0	0	0	0	0	0	0	0	0	0	0	0	0	0	0	0	g__Bacillus_paralicheniformis_CEW	s__1W_GCA_030123025.1	Bacillus_paralicheniformis_CEW 1W_GCA_030123025.1
OTU_608	0	0	0	0	0	0	0	0	0	0	0	0	0	0	0	0	0	0	0	0	0	0	0	0	0	0	0	0	0	0	0	0	0	0	0	0	1	0	0	0	0	0	g__Bacillus_paralicheniformis_CEW	s__1W_GCA_030123025.1	Bacillus_paralicheniformis_CEW 1W_GCA_030123025.1
OTU_609	3	1	2	1	2	2	0	1	0	1	3	4	1	1	0	2	2	1	1	2	2	3	1	0	0	1	0	0	0	0	0	0	0	0	1	0	0	1	2	0	1	2	g__Bacillus_sonorensis_YX13_GCA_031324045.1	s__	Bacillus_sonorensis_YX13_GCA_031324045.1
OTU_610	0	0	0	0	0	0	0	0	0	0	0	0	0	1	0	0	0	0	0	0	0	0	0	0	0	0	0	0	0	0	0	0	0	0	0	0	0	0	0	0	0	0	g__Paenibacillus_silvae_LY60_GCF_030348445.1	s__	Paenibacillus_silvae_LY60_GCF_030348445.1
OTU_611	0	0	0	0	0	0	0	0	0	0	0	0	0	0	0	0	0	0	1	0	0	0	0	0	0	0	0	0	0	0	0	0	0	0	0	0	0	0	0	0	0	0	g__Bacillus_thuringiensis_Monterrey_S4_GCA_031324135.1	s__	Bacillus_thuringiensis_Monterrey_S4_GCA_031324135.1
OTU_612	0	0	0	0	0	0	0	0	0	0	0	1	0	0	0	0	2	0	1	0	0	0	0	0	0	0	0	0	0	0	0	0	0	0	0	1	0	0	0	0	0	0	g__Bacillus_arachidis_YX15_GCA_030285945.1	s__	Bacillus_arachidis_YX15_GCA_030285945.1
OTU_613	0	0	0	0	0	0	0	0	0	0	0	0	0	0	0	0	0	0	0	0	0	0	0	0	0	0	0	0	0	0	0	0	0	0	0	0	0	0	1	0	0	0	g__Bacillus_sp._DX4.1_GCA_030348195.1	s__	Bacillus_sp._DX4.1_GCA_030348195.1
OTU_614	1	0	0	0	0	0	0	0	0	0	0	0	0	0	0	0	0	0	0	0	0	0	0	0	0	0	0	0	0	0	0	0	0	0	0	0	0	0	0	0	0	0	g__Bacillus_safensis_CEW-AP100_GCA_030122965.1	s__	Bacillus_safensis_CEW-AP100_GCA_030122965.1
OTU_615	0	0	0	0	0	0	0	0	0	0	0	1	0	0	0	0	0	0	0	0	0	0	0	0	0	0	0	0	0	0	0	0	0	0	0	0	0	0	0	0	0	0	g__Bacillus_altitudinis_G6S2_GCA_030123125.1	s__	Bacillus_altitudinis_G6S2_GCA_030123125.1
OTU_616	0	0	0	0	0	0	0	0	0	0	0	0	0	0	1	0	0	0	0	0	0	0	0	0	0	0	0	0	0	0	0	0	0	0	0	0	0	1	0	0	0	0	g__Paenibacillus_silvae_LY60_GCF_030348445.1	s__	Paenibacillus_silvae_LY60_GCF_030348445.1
OTU_617	0	0	0	0	0	0	0	0	0	0	0	0	0	0	0	0	1	0	0	0	0	1	0	0	0	0	0	0	0	0	0	0	0	0	0	0	0	0	0	0	0	0	g__Peribacillus_frigoritolerans_LC22_GCA_030123165.1	s__	Peribacillus_frigoritolerans_LC22_GCA_030123165.1
OTU_618	0	0	0	0	0	0	0	0	0	0	0	0	0	0	0	0	0	0	0	0	0	0	0	0	0	0	0	0	0	0	0	0	1	0	0	0	0	0	0	0	0	0	g__Bacillus_paralicheniformis_CEW	s__1W_GCA_030123025.1	Bacillus_paralicheniformis_CEW 1W_GCA_030123025.1
OTU_619	0	0	1	0	0	0	0	0	0	0	0	0	0	0	0	0	0	0	0	0	0	0	0	0	0	0	0	0	0	0	0	0	0	0	0	0	0	0	0	0	0	0	g__Bacillus_sonorensis_YX13_GCA_031324045.1	s__	Bacillus_sonorensis_YX13_GCA_031324045.1
OTU_620	0	0	0	0	0	0	0	0	0	0	0	1	0	0	0	0	0	0	0	0	0	0	0	0	0	0	0	0	0	0	0	0	0	0	0	0	0	0	0	0	0	0	g__Bacillus_paralicheniformis_CEW	s__1W_GCA_030123025.1	Bacillus_paralicheniformis_CEW 1W_GCA_030123025.1
OTU_621	0	0	0	0	0	0	0	0	0	0	0	0	0	0	0	1	0	0	0	0	0	0	0	0	0	0	0	0	0	0	0	0	0	0	0	0	0	0	0	0	0	0	g__Bacillus_anthracis_Mn106-1	s__head2	Bacillus_anthracis_Mn106-1 head2 chi_GCA_030166975.1
OTU_622	0	0	0	0	0	0	0	0	0	0	0	0	0	0	0	0	0	0	0	0	0	0	0	0	0	0	0	0	0	0	0	0	0	0	0	1	0	0	0	0	0	0	g__Bacillus_paralicheniformis_CEW	s__1W_GCA_030123025.1	Bacillus_paralicheniformis_CEW 1W_GCA_030123025.1
OTU_623	0	0	0	1	0	0	0	0	0	0	0	0	0	0	1	0	0	0	1	0	0	0	0	0	0	0	0	0	0	0	0	0	0	0	0	0	1	0	0	0	0	0	g__Bacillus_altitudinis_G6S2_GCA_030123125.1	s__	Bacillus_altitudinis_G6S2_GCA_030123125.1
OTU_624	0	0	0	0	0	1	0	0	0	0	0	0	0	0	0	0	0	0	0	0	0	0	0	0	0	0	0	0	0	0	0	0	0	0	0	0	0	0	0	0	0	0	g__Bacillus_paralicheniformis_CEW	s__1W_GCA_030123025.1	Bacillus_paralicheniformis_CEW 1W_GCA_030123025.1
OTU_625	0	0	0	0	0	0	0	0	0	0	0	1	0	0	0	0	0	0	0	0	0	0	0	0	0	0	0	0	0	0	0	0	0	0	0	0	0	0	0	0	0	0	g__Bacillus_paralicheniformis_CEW	s__1W_GCA_030123025.1	Bacillus_paralicheniformis_CEW 1W_GCA_030123025.1
OTU_626	0	0	0	0	0	0	0	0	0	0	0	0	0	0	0	0	1	0	0	0	0	0	0	0	0	0	0	0	0	0	0	0	0	0	0	0	0	0	0	0	0	0	g__Bacillus_sonorensis_YX13_GCA_031324045.1	s__	Bacillus_sonorensis_YX13_GCA_031324045.1
OTU_627	0	0	0	0	0	0	0	0	0	0	0	0	0	0	0	0	0	1	0	0	0	0	0	0	0	0	0	0	0	0	0	0	0	0	0	0	0	0	0	0	0	0	g__Bacillus_paralicheniformis_CEW	s__1W_GCA_030123025.1	Bacillus_paralicheniformis_CEW 1W_GCA_030123025.1
OTU_628	0	0	0	0	0	0	0	0	0	0	0	0	0	0	0	0	0	0	0	0	0	0	0	0	0	0	0	0	0	0	0	0	0	0	0	0	0	0	1	0	0	0	g__Bacillus_paralicheniformis_CEW	s__1W_GCA_030123025.1	Bacillus_paralicheniformis_CEW 1W_GCA_030123025.1
OTU_629	0	0	0	0	0	0	0	0	0	0	0	0	0	0	0	0	0	0	0	0	0	0	0	0	0	0	0	0	0	0	0	0	1	0	0	0	0	0	0	0	0	0	g__Bacillus_paralicheniformis_CEW	s__1W_GCA_030123025.1	Bacillus_paralicheniformis_CEW 1W_GCA_030123025.1
OTU_630	0	0	0	0	0	0	0	0	0	0	0	0	0	0	0	0	0	0	0	0	0	0	0	0	0	0	0	0	0	0	0	0	1	0	0	0	0	0	0	0	0	0	g__Bacillus_paralicheniformis_CEW	s__1W_GCA_030123025.1	Bacillus_paralicheniformis_CEW 1W_GCA_030123025.1
OTU_631	0	0	0	0	0	0	0	0	1	0	0	0	0	0	0	0	0	0	0	0	0	0	0	0	0	0	0	0	0	0	0	0	0	0	0	0	0	0	0	0	0	0	g__Bacillus_sonorensis_YX13_GCA_031324045.1	s__	Bacillus_sonorensis_YX13_GCA_031324045.1
OTU_632	0	0	0	0	0	0	0	0	0	0	0	0	0	0	0	0	1	0	0	0	0	0	0	0	0	0	0	0	0	0	0	0	0	0	0	0	0	0	0	0	0	0	g__Bacillus_licheniformis_D9_B_45_GCA_030348625.1	s__	Bacillus_licheniformis_D9_B_45_GCA_030348625.1
OTU_633	0	0	0	0	0	0	0	0	0	0	0	0	0	0	0	0	0	1	0	0	0	0	0	0	0	0	0	0	0	0	0	0	0	0	0	0	0	0	0	0	0	0	g__Bacillus_safensis_CEW-AP100_GCA_030122965.1	s__	Bacillus_safensis_CEW-AP100_GCA_030122965.1
OTU_634	0	0	0	0	0	0	0	0	0	0	0	0	0	0	0	0	0	0	0	0	0	0	0	0	0	0	0	1	0	0	0	0	0	0	0	0	0	0	0	0	0	0	g__Paenibacillus_silvae_LY60_GCF_030348445.1	s__	Paenibacillus_silvae_LY60_GCF_030348445.1
OTU_635	0	0	0	0	0	0	0	0	0	0	0	0	0	0	0	0	0	0	0	0	0	0	0	0	0	0	0	0	0	0	0	0	0	0	0	1	0	0	0	0	0	0	g__Bacillus_safensis_CEW-AP100_GCA_030122965.1	s__	Bacillus_safensis_CEW-AP100_GCA_030122965.1
OTU_636	0	0	1	0	0	0	0	0	0	0	0	0	0	0	0	0	0	0	0	0	0	0	0	0	0	0	0	0	0	0	0	0	0	0	0	0	0	0	0	0	0	0	g__Bacillus_paralicheniformis_CEW	s__1W_GCA_030123025.1	Bacillus_paralicheniformis_CEW 1W_GCA_030123025.1
OTU_637	0	0	0	0	0	0	0	0	0	0	0	0	0	1	0	0	0	0	0	0	0	0	0	0	0	0	0	0	0	0	0	0	0	0	0	0	0	0	0	0	0	0	g__Paenibacillus_sp.	s__11B_GCF-030487755.1	Paenibacillus_sp. 11B_GCF-030487755.1
OTU_638	0	0	0	0	0	0	0	0	0	0	0	0	0	0	0	0	0	1	0	0	0	0	0	0	0	0	0	0	0	0	0	0	0	0	0	0	0	0	0	0	0	0	g__Paenibacillus_silvae_LY60_GCF_030348445.1	s__	Paenibacillus_silvae_LY60_GCF_030348445.1
OTU_639	0	0	0	0	0	0	0	0	0	0	0	0	0	1	0	0	0	0	0	0	0	0	0	0	0	0	0	0	0	0	0	0	0	0	0	0	0	0	0	0	0	0	g__Bacillus_sonorensis_YX13_GCA_031324045.1	s__	Bacillus_sonorensis_YX13_GCA_031324045.1
OTU_640	0	0	0	0	0	0	0	0	0	0	0	0	0	0	0	1	0	0	0	0	0	0	0	0	0	0	0	0	0	0	0	0	0	0	0	0	0	0	0	0	0	0	g__Bacillus_albus_SXL388_GCA_030292135.1	s__	Bacillus_albus_SXL388_GCA_030292135.1
OTU_641	0	0	0	0	0	0	0	0	0	0	0	0	0	0	0	1	1	0	0	0	0	0	0	0	0	0	0	0	0	0	0	0	0	0	0	0	0	0	0	0	0	0	g__Bacillus_paralicheniformis_CEW	s__1W_GCA_030123025.1	Bacillus_paralicheniformis_CEW 1W_GCA_030123025.1
OTU_642	0	0	0	0	0	0	0	0	0	0	0	0	0	0	0	0	0	1	0	0	0	0	0	0	0	0	0	0	0	0	0	0	0	0	0	0	0	0	0	0	0	0	g__Bacillus_sonorensis_YX13_GCA_031324045.1	s__	Bacillus_sonorensis_YX13_GCA_031324045.1
OTU_643	0	0	0	0	0	0	0	0	0	0	0	0	0	0	0	0	0	0	2	0	0	0	0	0	0	0	0	0	0	0	0	0	0	0	0	0	0	0	0	0	0	0	g__Bacillus_sonorensis_YX13_GCA_031324045.1	s__	Bacillus_sonorensis_YX13_GCA_031324045.1
OTU_644	0	0	0	0	0	0	0	0	0	0	0	0	0	0	0	0	0	0	0	0	0	0	0	0	0	0	0	0	0	0	0	0	0	1	0	0	0	0	0	0	0	0	g__Bacillus_anthracis_Mn106-1	s__head2	Bacillus_anthracis_Mn106-1 head2 chi_GCA_030166975.1
OTU_645	0	0	0	0	0	1	0	0	0	0	0	0	0	0	0	0	0	0	0	0	0	0	0	0	0	0	0	0	0	0	0	0	0	0	0	0	0	0	0	0	0	0	g__Paenibacillus_silvae_LY60_GCF_030348445.1	s__	Paenibacillus_silvae_LY60_GCF_030348445.1
OTU_646	0	0	0	0	0	0	0	0	0	0	0	0	0	0	1	0	0	0	0	0	0	0	0	0	0	0	0	0	0	0	0	0	0	0	0	0	0	0	0	0	0	0	g__Bacillus_sonorensis_YX13_GCA_031324045.1	s__	Bacillus_sonorensis_YX13_GCA_031324045.1
OTU_647	0	0	0	0	0	0	0	0	0	0	0	0	0	0	0	0	0	0	0	0	0	0	0	0	0	0	0	0	0	0	1	0	0	0	0	0	0	0	0	0	0	0	g__Bacillus_arachidis_YX15_GCA_030285945.1	s__	Bacillus_arachidis_YX15_GCA_030285945.1
OTU_648	0	0	0	0	0	0	0	0	1	0	0	0	0	0	0	0	0	0	0	0	0	0	0	0	0	0	0	0	0	0	0	0	0	0	0	0	0	0	0	0	0	0	g__Paenibacillus_sp.	s__11B_GCF-030487755.1	Paenibacillus_sp. 11B_GCF-030487755.1
OTU_649	0	0	0	0	0	0	0	0	0	0	0	1	0	0	0	0	0	0	0	0	0	0	0	0	0	0	0	0	0	0	0	0	0	0	0	0	0	0	0	0	0	0	g__Bacillus_paralicheniformis_CEW	s__1W_GCA_030123025.1	Bacillus_paralicheniformis_CEW 1W_GCA_030123025.1
OTU_650	0	0	0	0	0	0	0	0	0	0	0	1	0	0	0	0	0	0	0	0	0	0	0	0	0	0	0	0	0	0	0	0	0	0	0	0	0	0	0	0	0	0	g__Bacillus_sonorensis_YX13_GCA_031324045.1	s__	Bacillus_sonorensis_YX13_GCA_031324045.1
OTU_651	0	0	0	0	0	0	0	0	0	0	0	0	0	0	0	0	0	0	0	0	1	0	0	0	0	0	0	0	0	0	0	0	0	0	0	0	0	0	0	0	0	0	g__Bacillus_paralicheniformis_CEW	s__1W_GCA_030123025.1	Bacillus_paralicheniformis_CEW 1W_GCA_030123025.1
OTU_652	0	0	0	0	0	0	0	0	0	0	0	0	0	0	0	0	0	0	0	0	0	0	0	0	0	0	0	0	0	0	0	0	0	0	0	1	0	0	0	0	0	0	g__Bacillus_paralicheniformis_CEW	s__1W_GCA_030123025.1	Bacillus_paralicheniformis_CEW 1W_GCA_030123025.1
OTU_653	0	0	0	0	0	0	0	0	0	0	0	0	0	0	0	0	0	0	0	0	0	0	0	0	0	0	0	0	0	0	0	0	0	0	0	0	0	0	0	0	0	1	g__Paenibacillus_silvae_LY60_GCF_030348445.1	s__	Paenibacillus_silvae_LY60_GCF_030348445.1
OTU_654	1	0	0	0	0	0	0	0	0	0	0	0	0	0	0	0	0	0	0	0	0	0	0	0	0	0	0	0	0	0	0	0	0	0	0	0	0	0	0	0	0	0	g__Bacillus_sonorensis_YX13_GCA_031324045.1	s__	Bacillus_sonorensis_YX13_GCA_031324045.1
OTU_655	0	0	1	0	0	0	0	0	0	0	0	0	0	0	0	0	0	0	0	0	0	0	0	0	0	0	0	0	0	0	0	0	0	0	0	0	0	0	0	0	0	0	g__Bacillus_sp._DX1.1_GCA_030348225.1	s__	Bacillus_sp._DX1.1_GCA_030348225.1
OTU_656	0	0	0	1	0	0	0	0	0	0	0	0	0	0	0	0	0	0	0	0	0	0	0	0	0	0	0	0	0	0	0	0	0	0	0	0	0	0	0	0	0	0	g__Paenibacillus_sp.	s__11B_GCF-030487755.1	Paenibacillus_sp. 11B_GCF-030487755.1
OTU_657	0	0	0	0	0	0	0	0	0	0	0	1	0	0	0	0	0	0	0	0	0	0	0	0	0	0	0	0	0	0	0	0	0	0	0	0	0	0	0	0	0	0	g__Paenibacillus_sp.	s__11B_GCF-030487755.1	Paenibacillus_sp. 11B_GCF-030487755.1
OTU_658	0	0	0	0	0	0	0	0	0	0	0	0	0	0	0	0	0	1	0	0	0	0	0	0	0	0	0	0	0	0	0	0	0	0	0	0	0	0	0	0	0	0	g__Bacillus_sonorensis_YX13_GCA_031324045.1	s__	Bacillus_sonorensis_YX13_GCA_031324045.1
OTU_659	0	0	0	0	0	0	0	0	0	0	0	0	0	0	0	0	0	0	0	1	0	0	0	0	0	0	0	0	0	0	0	0	0	0	0	0	0	0	0	0	0	0	g__Bacillus_paralicheniformis_CEW	s__1W_GCA_030123025.1	Bacillus_paralicheniformis_CEW 1W_GCA_030123025.1
OTU_660	0	0	0	0	0	0	0	0	0	0	0	0	0	0	0	0	0	0	0	1	0	0	0	0	0	0	0	0	0	0	0	0	0	0	0	0	0	0	0	0	0	0	g__Bacillus_sonorensis_YX13_GCA_031324045.1	s__	Bacillus_sonorensis_YX13_GCA_031324045.1
OTU_661	1	0	0	0	0	0	0	0	0	0	0	0	0	0	0	0	0	0	0	0	0	0	0	0	0	0	0	0	0	0	0	0	0	0	0	0	0	0	0	0	0	0	g__Bacillus_paralicheniformis_CEW	s__1W_GCA_030123025.1	Bacillus_paralicheniformis_CEW 1W_GCA_030123025.1
OTU_662	0	0	0	0	0	0	0	0	0	0	1	0	0	0	0	0	0	0	0	0	0	0	0	0	0	0	0	0	0	0	0	0	0	0	0	0	0	0	0	0	0	0	g__Paenibacillus_silvae_LY60_GCF_030348445.1	s__	Paenibacillus_silvae_LY60_GCF_030348445.1
OTU_663	0	0	0	0	0	0	0	0	0	0	0	0	0	1	0	0	0	0	0	0	0	0	0	0	0	0	0	0	0	0	0	0	0	0	0	0	0	0	0	0	0	0	g__Bacillus_paralicheniformis_CEW	s__1W_GCA_030123025.1	Bacillus_paralicheniformis_CEW 1W_GCA_030123025.1
OTU_664	1	0	0	0	0	0	0	0	0	0	0	0	0	0	0	0	1	0	0	0	0	0	0	0	0	0	0	0	0	0	0	0	0	0	0	0	0	0	0	0	0	0	g__Paenibacillus_sp.	s__11B_GCF-030487755.1	Paenibacillus_sp. 11B_GCF-030487755.1
OTU_665	0	0	0	0	0	0	0	0	0	0	0	0	0	0	0	0	0	1	0	0	0	0	0	0	0	0	0	0	0	0	0	0	0	0	0	0	0	0	0	0	0	0	g__Bacillus_paralicheniformis_CEW	s__1W_GCA_030123025.1	Bacillus_paralicheniformis_CEW 1W_GCA_030123025.1
OTU_666	0	0	0	0	0	0	0	0	0	0	0	0	0	0	0	0	0	0	0	0	1	0	0	0	0	0	0	0	0	0	0	0	0	0	0	0	0	0	0	0	0	0	g__Paenibacillus_sp.	s__11B_GCF-030487755.1	Paenibacillus_sp. 11B_GCF-030487755.1
OTU_667	0	0	0	0	0	0	0	0	0	0	0	0	0	0	0	0	0	0	0	0	0	0	0	0	0	0	0	0	0	0	0	0	0	0	1	0	0	0	0	0	0	0	g__Paenibacillus_silvae_LY60_GCF_030348445.1	s__	Paenibacillus_silvae_LY60_GCF_030348445.1
OTU_668	0	0	0	0	0	0	1	0	0	0	0	0	0	0	0	0	0	0	0	0	0	0	0	0	0	0	0	0	0	0	0	0	0	0	0	0	0	0	0	0	0	0	g__Bacillus_sonorensis_YX13_GCA_031324045.1	s__	Bacillus_sonorensis_YX13_GCA_031324045.1
OTU_669	0	0	0	0	0	0	0	1	0	0	0	0	0	0	0	0	0	0	0	0	0	0	0	0	0	0	0	0	0	0	0	0	0	0	0	0	0	0	0	0	0	0	g__Bacillus_paralicheniformis_CEW	s__1W_GCA_030123025.1	Bacillus_paralicheniformis_CEW 1W_GCA_030123025.1
OTU_670	0	0	0	0	0	0	0	0	0	0	0	1	0	0	0	0	0	0	0	0	0	0	0	0	0	0	0	0	0	0	0	0	0	0	0	0	0	0	0	0	0	0	g__Bacillus_paralicheniformis_CEW	s__1W_GCA_030123025.1	Bacillus_paralicheniformis_CEW 1W_GCA_030123025.1
OTU_671	0	0	0	0	0	0	0	0	0	0	0	0	0	0	1	0	0	0	0	0	0	0	0	0	0	0	0	0	0	0	0	0	0	0	0	0	0	0	0	0	0	0	g__Bacillus_sonorensis_YX13_GCA_031324045.1	s__	Bacillus_sonorensis_YX13_GCA_031324045.1
OTU_672	0	0	0	0	0	0	0	0	0	0	0	0	0	0	0	0	0	1	0	0	0	0	0	0	0	0	0	0	0	0	0	0	0	0	0	0	0	0	0	0	0	0	g__Mesobacillus_sp.	s__AQ2_GCA_030122805.1	Mesobacillus_sp. AQ2_GCA_030122805.1
OTU_673	0	0	0	0	0	0	0	0	0	0	0	0	0	0	0	0	0	1	0	0	0	0	0	0	0	0	0	0	0	0	0	0	0	0	0	0	0	0	0	0	0	0	g__Neobacillus_novalis_XLM17_GCA_030123445.1	s__	Neobacillus_novalis_XLM17_GCA_030123445.1
OTU_674	0	0	0	0	0	0	0	0	0	0	0	0	0	0	0	0	0	0	0	1	0	0	0	0	0	0	0	0	0	0	0	0	0	0	0	0	0	0	0	0	0	0	g__Bacillus_sonorensis_YX13_GCA_031324045.1	s__	Bacillus_sonorensis_YX13_GCA_031324045.1
OTU_675	0	0	0	0	0	0	0	0	0	0	0	0	0	0	0	0	0	0	0	0	1	0	0	0	0	0	0	0	0	0	0	0	0	0	0	0	0	0	0	0	0	0	g__Bacillus_paralicheniformis_CEW	s__1W_GCA_030123025.1	Bacillus_paralicheniformis_CEW 1W_GCA_030123025.1
OTU_676	0	0	0	0	0	0	0	0	0	0	0	0	0	0	0	0	0	0	0	0	1	0	0	0	0	0	0	0	0	0	0	0	0	0	0	0	0	0	0	0	0	0	g__Paenibacillus_sp.	s__11B_GCF-030487755.1	Paenibacillus_sp. 11B_GCF-030487755.1
OTU_677	0	0	0	0	0	0	0	0	0	0	0	0	0	0	0	0	0	0	0	0	1	0	0	0	0	0	0	0	0	0	0	0	0	0	0	0	0	0	0	0	0	0	g__Bacillus_sonorensis_YX13_GCA_031324045.1	s__	Bacillus_sonorensis_YX13_GCA_031324045.1
OTU_678	0	0	0	0	0	0	0	0	1	0	0	0	0	0	0	0	0	0	0	0	1	0	0	0	0	0	0	0	0	0	0	0	0	0	0	0	0	0	0	0	0	0	g__Bacillus_safensis_CEW-AP100_GCA_030122965.1	s__	Bacillus_safensis_CEW-AP100_GCA_030122965.1
OTU_679	0	0	0	0	0	0	0	0	0	0	0	0	0	0	0	0	0	0	0	0	1	0	0	0	0	0	0	0	0	0	0	0	0	0	0	0	0	0	0	0	0	0	g__Bacillus_paralicheniformis_CEW	s__1W_GCA_030123025.1	Bacillus_paralicheniformis_CEW 1W_GCA_030123025.1
OTU_680	1	0	0	0	0	0	0	0	0	0	0	0	0	0	0	0	0	0	0	0	0	0	0	0	0	0	0	0	0	0	0	0	0	0	0	0	0	0	0	0	0	0	g__Bacillus_sonorensis_YX13_GCA_031324045.1	s__	Bacillus_sonorensis_YX13_GCA_031324045.1
OTU_681	0	0	1	0	0	0	0	0	0	0	0	0	0	0	0	0	0	0	0	0	0	0	0	0	0	0	0	0	0	0	0	0	0	0	0	0	0	0	0	0	0	0	g__Bacillus_toyonensis_Puebla_S2_GCA_030167055.1	s__	Bacillus_toyonensis_Puebla_S2_GCA_030167055.1
OTU_682	0	0	1	0	0	0	0	0	0	0	0	0	0	0	0	0	0	0	0	0	0	0	0	0	0	0	0	0	0	0	0	0	0	0	0	0	0	0	0	0	0	0	g__Bacillus_sonorensis_YX13_GCA_031324045.1	s__	Bacillus_sonorensis_YX13_GCA_031324045.1
OTU_683	0	0	1	0	1	0	0	0	0	0	0	0	0	0	0	0	0	0	0	0	0	0	0	0	2	1	0	0	0	0	0	0	0	0	0	0	0	0	0	0	0	0	g__Paenibacillus_sp.	s__11B_GCF-030487755.1	Paenibacillus_sp. 11B_GCF-030487755.1
OTU_684	0	0	0	0	0	1	0	0	0	0	0	0	0	0	0	0	0	0	0	0	0	0	0	0	0	0	0	0	0	0	0	0	0	0	0	0	0	0	0	0	0	0	g__Lysinibacillus_pakistanensis_LY92_GCA_030123265.1	s__	Lysinibacillus_pakistanensis_LY92_GCA_030123265.1
OTU_685	0	0	0	0	0	1	0	0	0	0	0	0	0	0	0	0	0	0	0	0	0	0	0	0	0	0	0	0	0	0	0	0	0	0	0	0	0	0	0	0	0	0	g__Bacillus_paralicheniformis_CEW	s__1W_GCA_030123025.1	Bacillus_paralicheniformis_CEW 1W_GCA_030123025.1
OTU_686	0	0	0	0	0	0	0	1	0	0	0	0	0	0	0	0	0	0	0	0	0	0	0	0	0	0	0	0	0	0	0	0	0	0	0	0	0	0	0	0	0	0	g__Bacillus_sonorensis_YX13_GCA_031324045.1	s__	Bacillus_sonorensis_YX13_GCA_031324045.1
OTU_687	0	1	0	0	0	0	1	0	0	1	0	1	0	0	0	0	0	1	0	0	0	0	0	0	0	0	0	0	0	0	0	0	0	0	0	0	0	0	0	0	0	0	g__Neobacillus_sp._SuZ13_GCA_030123365.1	s__	Neobacillus_sp._SuZ13_GCA_030123365.1
OTU_688	0	0	0	0	0	0	0	0	0	0	0	0	0	0	0	0	0	0	1	0	0	0	0	0	0	0	0	0	0	0	0	0	0	0	0	0	0	0	0	0	0	0	g__Bacillus_sonorensis_YX13_GCA_031324045.1	s__	Bacillus_sonorensis_YX13_GCA_031324045.1
OTU_689	0	0	0	0	0	0	0	0	0	0	0	0	0	0	0	0	0	0	0	1	0	0	0	0	0	0	0	0	0	0	0	0	0	0	0	0	0	0	0	0	0	0	g__Bacillus_sonorensis_YX13_GCA_031324045.1	s__	Bacillus_sonorensis_YX13_GCA_031324045.1
OTU_690	0	0	2	0	1	0	0	0	0	1	0	1	0	0	1	0	1	0	0	0	0	0	0	0	0	0	0	0	0	0	0	0	1	0	0	1	0	0	0	0	0	0	g__Neobacillus_novalis_XLM17_GCA_030123445.1	s__	Neobacillus_novalis_XLM17_GCA_030123445.1
OTU_691	1	0	0	0	0	0	0	0	0	0	0	0	0	0	0	0	0	0	0	0	0	0	0	0	0	0	0	0	0	0	0	0	0	0	0	0	0	0	0	0	0	0	g__Bacillus_sonorensis_YX13_GCA_031324045.1	s__	Bacillus_sonorensis_YX13_GCA_031324045.1
OTU_692	0	0	0	0	0	0	0	0	0	0	0	1	0	0	0	0	0	0	0	0	0	0	0	0	0	0	0	0	0	0	0	0	0	0	0	0	0	0	0	0	0	0	g__Bacillus_sonorensis_YX13_GCA_031324045.1	s__	Bacillus_sonorensis_YX13_GCA_031324045.1
OTU_693	0	0	0	0	0	0	0	0	0	0	0	0	0	1	0	0	0	0	0	0	0	0	0	0	0	0	0	0	0	0	0	0	0	0	0	0	0	0	0	0	0	0	g__Bacillus_paralicheniformis_CEW	s__1W_GCA_030123025.1	Bacillus_paralicheniformis_CEW 1W_GCA_030123025.1
OTU_694	0	0	0	0	0	0	0	0	0	0	0	0	0	1	0	0	0	0	0	0	0	0	0	0	0	0	0	0	0	0	0	0	0	0	0	0	0	0	0	0	0	0	g__Paenibacillus_sp.	s__11B_GCF-030487755.1	Paenibacillus_sp. 11B_GCF-030487755.1
OTU_695	0	0	0	0	0	0	0	0	0	0	0	0	0	0	1	0	0	0	0	0	0	0	0	0	0	0	0	0	0	0	0	0	0	0	0	0	0	0	0	0	0	0	g__Bacillus_paralicheniformis_CEW	s__1W_GCA_030123025.1	Bacillus_paralicheniformis_CEW 1W_GCA_030123025.1
OTU_696	0	0	0	0	0	0	0	0	0	0	0	0	0	0	0	0	1	0	0	0	0	0	0	0	0	0	0	0	0	0	0	0	0	0	0	0	0	0	0	0	0	0	g__Bacillus_paralicheniformis_CEW	s__1W_GCA_030123025.1	Bacillus_paralicheniformis_CEW 1W_GCA_030123025.1
OTU_697	0	0	0	0	0	0	0	0	0	0	0	0	0	0	0	0	0	1	0	0	0	0	0	0	0	0	0	0	0	0	0	0	0	0	0	0	0	0	0	0	0	0	g__Bacillus_sonorensis_YX13_GCA_031324045.1	s__	Bacillus_sonorensis_YX13_GCA_031324045.1
OTU_698	0	0	0	0	0	0	0	0	0	0	0	0	0	0	0	0	0	0	1	0	0	0	0	0	0	0	0	0	0	0	0	0	0	0	0	0	0	0	0	0	0	0	g__Paenibacillus_sp.	s__11B_GCF-030487755.1	Paenibacillus_sp. 11B_GCF-030487755.1
OTU_699	0	0	0	0	0	0	0	0	0	0	0	0	0	0	0	0	0	0	0	0	1	0	0	0	0	0	0	0	0	0	0	0	0	0	0	0	0	0	0	0	0	0	g__Bacillus_paralicheniformis_CEW	s__1W_GCA_030123025.1	Bacillus_paralicheniformis_CEW 1W_GCA_030123025.1
OTU_700	0	0	0	0	0	0	0	0	0	0	0	0	0	0	0	0	0	0	0	0	0	0	0	0	0	0	0	0	0	0	0	0	0	0	0	0	0	0	0	1	0	0	g__Bacillus_paralicheniformis_CEW	s__1W_GCA_030123025.1	Bacillus_paralicheniformis_CEW 1W_GCA_030123025.1
OTU_701	1	0	0	0	0	0	1	0	0	1	0	0	0	0	0	0	0	0	0	0	0	0	0	0	0	0	0	0	0	0	0	0	0	0	1	0	0	0	0	0	0	0	g__Mesobacillus_sp.	s__AQ2_GCA_030122805.1	Mesobacillus_sp. AQ2_GCA_030122805.1
OTU_702	0	0	0	0	1	0	0	0	0	0	0	0	0	0	0	0	0	0	0	0	0	0	0	0	0	0	0	0	0	0	0	0	0	0	0	0	0	0	0	0	0	0	g__Bacillus_sonorensis_YX13_GCA_031324045.1	s__	Bacillus_sonorensis_YX13_GCA_031324045.1
OTU_703	2	1	4	1	4	3	2	1	1	0	1	6	1	6	2	3	3	4	3	3	3	0	1	1	1	2	1	4	2	3	1	2	3	1	1	2	0	2	0	1	1	0	g__Bacillus_safensis_CEW-AP100_GCA_030122965.1	s__	Bacillus_safensis_CEW-AP100_GCA_030122965.1
OTU_704	0	0	0	0	0	0	0	0	0	0	0	0	0	0	1	0	0	0	0	0	0	0	0	0	0	0	0	0	0	0	0	0	0	0	0	0	0	0	0	0	0	0	g__Bacillus_sonorensis_YX13_GCA_031324045.1	s__	Bacillus_sonorensis_YX13_GCA_031324045.1
OTU_705	0	0	0	0	0	0	0	0	0	0	0	0	0	0	1	0	0	0	0	0	0	0	0	0	0	0	0	0	0	0	0	0	0	0	0	0	0	0	0	0	0	0	g__Bacillus_sonorensis_YX13_GCA_031324045.1	s__	Bacillus_sonorensis_YX13_GCA_031324045.1
OTU_706	0	0	0	0	0	0	0	0	0	0	0	0	0	0	0	1	0	0	0	0	0	0	0	0	0	0	0	0	0	0	0	0	0	0	0	0	0	0	0	0	0	0	g__Virgibacillus_halodenitrifican_ACCC02857_GCA_030122745.1	s__	Virgibacillus_halodenitrifican_ACCC02857_GCA_030122745.1
OTU_707	0	0	0	0	0	0	0	0	0	0	0	0	0	0	0	0	0	1	0	0	0	0	0	0	0	0	0	0	0	0	0	0	0	0	0	0	0	0	0	0	0	0	g__Bacillus_sonorensis_YX13_GCA_031324045.1	s__	Bacillus_sonorensis_YX13_GCA_031324045.1
OTU_708	0	0	0	0	0	0	0	0	0	0	0	0	0	1	0	0	0	0	1	0	0	0	0	0	0	0	0	0	0	0	0	0	0	0	0	0	0	0	0	0	0	0	g__Neobacillus_sp._SuZ13_GCA_030123365.1	s__	Neobacillus_sp._SuZ13_GCA_030123365.1
OTU_709	0	0	0	0	0	0	0	0	0	0	0	0	0	0	0	0	0	0	0	0	1	0	0	0	0	0	0	0	0	0	0	0	0	0	0	0	0	0	0	0	0	0	g__Bacillus_paralicheniformis_CEW	s__1W_GCA_030123025.1	Bacillus_paralicheniformis_CEW 1W_GCA_030123025.1
OTU_711	0	0	0	0	0	0	0	0	0	0	0	0	0	0	0	0	0	0	0	0	0	0	0	0	0	0	0	1	0	0	0	0	0	0	0	0	0	0	0	0	0	0	g__Bacillus_paralicheniformis_CEW	s__1W_GCA_030123025.1	Bacillus_paralicheniformis_CEW 1W_GCA_030123025.1
OTU_712	0	0	0	0	0	0	0	0	0	0	0	0	0	0	0	0	0	0	0	0	0	0	0	0	0	0	0	0	0	0	0	0	1	0	0	0	0	0	0	0	0	0	g__Bacillus_subtilis_G2S2_GCA_030123085.1	s__	Bacillus_subtilis_G2S2_GCA_030123085.1
OTU_713	0	0	0	0	0	0	0	0	0	0	0	1	0	0	0	0	0	0	0	0	0	0	0	0	0	0	0	0	0	0	0	0	0	0	0	0	0	0	0	0	0	0	g__Paenibacillus_sp.	s__11B_GCF-030487755.1	Paenibacillus_sp. 11B_GCF-030487755.1
OTU_714	0	0	0	0	0	0	0	0	0	0	0	0	0	1	0	0	0	0	0	0	0	0	0	0	0	0	0	0	0	0	0	0	0	0	0	0	0	0	0	0	0	0	g__Bacillus_paralicheniformis_CEW	s__1W_GCA_030123025.1	Bacillus_paralicheniformis_CEW 1W_GCA_030123025.1
OTU_715	0	0	0	0	0	0	0	0	0	0	0	0	0	0	1	0	0	0	0	0	0	0	0	0	0	0	0	0	0	0	0	0	0	0	0	0	0	0	0	0	0	0	g__Paenibacillus_silvae_LY60_GCF_030348445.1	s__	Paenibacillus_silvae_LY60_GCF_030348445.1
OTU_716	0	0	1	1	1	3	0	0	0	1	0	0	1	1	2	1	1	2	0	3	3	2	0	0	0	1	0	0	0	0	0	0	5	0	3	3	0	2	1	0	0	0	g__Bacillus_sonorensis_YX13_GCA_031324045.1	s__	Bacillus_sonorensis_YX13_GCA_031324045.1
OTU_717	0	0	0	0	0	0	0	0	0	0	0	0	0	0	0	0	0	1	0	0	0	0	0	0	0	0	0	0	0	0	0	0	0	0	0	0	0	0	0	0	0	0	g__Bacillus_sonorensis_YX13_GCA_031324045.1	s__	Bacillus_sonorensis_YX13_GCA_031324045.1
OTU_718	0	0	0	0	0	0	0	0	0	0	0	0	0	0	0	0	0	0	1	0	0	0	0	0	0	0	0	0	0	0	0	0	0	0	0	0	0	0	0	0	0	0	g__Bacillus_sonorensis_YX13_GCA_031324045.1	s__	Bacillus_sonorensis_YX13_GCA_031324045.1
OTU_719	1	0	0	0	0	0	0	0	0	0	0	0	0	1	0	0	0	0	0	0	1	0	0	0	0	0	0	0	0	0	0	0	0	0	0	0	0	0	0	0	0	0	g__Bacillus_paralicheniformis_CEW	s__1W_GCA_030123025.1	Bacillus_paralicheniformis_CEW 1W_GCA_030123025.1
OTU_720	0	0	0	0	1	0	0	0	0	0	0	0	0	0	0	0	0	0	0	0	0	0	0	0	0	0	0	0	0	0	0	0	0	0	0	0	0	0	0	0	0	0	g__Paenibacillus_sp.	s__11B_GCF-030487755.1	Paenibacillus_sp. 11B_GCF-030487755.1
OTU_721	0	0	0	0	0	0	0	0	0	0	0	0	0	1	1	0	0	0	0	0	0	0	0	0	0	0	0	0	0	0	0	0	0	0	0	0	0	0	0	0	0	0	g__Bacillus_sonorensis_YX13_GCA_031324045.1	s__	Bacillus_sonorensis_YX13_GCA_031324045.1
OTU_722	0	0	0	0	0	0	0	0	0	0	0	0	0	1	0	0	0	0	0	0	0	0	0	0	0	0	0	0	0	0	0	0	0	0	0	0	0	0	0	0	0	0	g__Bacillus_paralicheniformis_CEW	s__1W_GCA_030123025.1	Bacillus_paralicheniformis_CEW 1W_GCA_030123025.1
OTU_723	0	0	0	0	0	0	0	0	0	0	0	0	0	1	0	0	0	0	0	0	1	0	0	0	0	0	0	0	0	0	0	0	0	0	0	0	0	0	0	0	0	0	g__Bacillus_sonorensis_YX13_GCA_031324045.1	s__	Bacillus_sonorensis_YX13_GCA_031324045.1
OTU_724	0	0	0	0	0	0	0	0	0	0	0	0	0	0	1	0	0	0	0	0	0	0	0	0	0	0	0	0	0	0	0	0	0	0	0	0	0	0	0	0	0	0	g__Bacillus_paralicheniformis_CEW	s__1W_GCA_030123025.1	Bacillus_paralicheniformis_CEW 1W_GCA_030123025.1
OTU_725	0	0	0	0	0	0	0	0	0	0	0	0	0	0	0	0	2	0	0	1	0	0	0	0	0	0	0	1	0	0	0	1	0	0	0	0	0	0	0	0	0	0	g__Bacillus_sonorensis_YX13_GCA_031324045.1	s__	Bacillus_sonorensis_YX13_GCA_031324045.1
OTU_726	0	0	0	0	0	0	0	0	0	0	0	0	0	0	0	0	1	0	0	0	0	0	0	0	0	0	0	0	0	0	0	0	0	0	0	0	0	0	0	0	0	0	g__Bacillus_sonorensis_YX13_GCA_031324045.1	s__	Bacillus_sonorensis_YX13_GCA_031324045.1
OTU_727	0	0	0	0	0	0	0	0	0	0	0	0	0	0	0	0	0	0	0	0	1	0	0	0	0	0	0	0	0	0	0	0	0	0	0	0	0	0	0	0	0	0	g__Bacillus_sonorensis_YX13_GCA_031324045.1	s__	Bacillus_sonorensis_YX13_GCA_031324045.1
OTU_728	2	1	1	0	0	0	1	0	1	0	0	0	2	1	0	0	1	1	2	1	2	0	1	1	0	0	0	1	0	0	0	0	0	0	1	0	0	1	1	0	0	1	g__Bacillus_sonorensis_YX13_GCA_031324045.1	s__	Bacillus_sonorensis_YX13_GCA_031324045.1
OTU_729	0	0	0	0	0	0	0	0	1	0	0	0	0	0	0	0	0	0	0	0	0	0	0	0	0	0	0	0	0	0	0	0	0	0	0	0	0	0	0	0	0	0	g__Peribacillus_simplex_WH6_GCA_030123485.1	s__	Peribacillus_simplex_WH6_GCA_030123485.1
OTU_730	0	0	0	0	0	0	0	0	0	0	0	1	0	0	0	0	0	0	0	0	0	0	0	0	0	0	0	0	0	0	0	0	0	0	0	0	0	0	0	0	0	0	g__Paenibacillus_woosongensis	s__B2_4_GCA_030122845.1	Paenibacillus_woosongensis B2_4_GCA_030122845.1
OTU_731	0	0	1	0	0	0	0	0	0	0	1	3	0	0	0	0	0	0	0	1	0	0	1	0	0	0	0	0	0	0	0	0	0	0	1	0	0	0	0	0	0	0	g__Bacillus_sonorensis_YX13_GCA_031324045.1	s__	Bacillus_sonorensis_YX13_GCA_031324045.1
OTU_732	0	0	0	0	0	0	0	0	0	0	0	0	0	0	0	0	1	1	0	0	0	0	0	0	0	0	0	0	0	0	0	0	0	0	0	0	0	0	0	0	0	0	g__Paenibacillus_sp.	s__11B_GCF-030487755.1	Paenibacillus_sp. 11B_GCF-030487755.1
OTU_733	1	0	0	0	0	0	0	0	0	0	0	0	0	0	0	0	0	0	0	0	0	0	0	0	0	0	0	0	0	0	0	0	0	0	0	0	0	0	0	0	0	0	g__Bacillus_sonorensis_YX13_GCA_031324045.1	s__	Bacillus_sonorensis_YX13_GCA_031324045.1
OTU_734	0	0	0	0	1	0	0	0	0	0	0	0	0	0	0	0	0	0	0	0	0	0	0	0	0	0	0	0	0	0	0	0	0	0	0	0	0	0	0	0	0	0	g__Bacillus_safensis_CEW-AP100_GCA_030122965.1	s__	Bacillus_safensis_CEW-AP100_GCA_030122965.1
OTU_735	0	0	0	0	1	0	0	0	0	0	0	0	0	0	0	0	0	0	0	0	0	0	0	0	0	0	0	0	0	0	0	0	0	0	0	0	0	0	0	0	0	0	g__Bacillus_sonorensis_YX13_GCA_031324045.1	s__	Bacillus_sonorensis_YX13_GCA_031324045.1
OTU_736	0	0	0	0	0	0	0	0	0	0	0	1	0	0	0	0	0	0	0	0	0	0	0	0	0	0	0	0	0	0	0	0	0	0	0	0	0	0	0	0	0	0	g__Bacillus_paralicheniformis_CEW	s__1W_GCA_030123025.1	Bacillus_paralicheniformis_CEW 1W_GCA_030123025.1
OTU_737	0	0	0	0	0	0	0	0	0	0	0	0	0	0	0	0	0	0	0	0	0	0	0	0	0	1	0	0	0	0	0	0	0	0	0	0	0	0	0	0	0	0	g__Bacillus_velezensis_MB7_B13_GCA_030348465.1	s__	Bacillus_velezensis_MB7_B13_GCA_030348465.1
OTU_738	0	0	0	0	0	0	0	0	0	0	0	0	0	0	0	0	0	0	0	0	0	0	0	0	0	0	0	0	0	0	0	0	0	0	1	0	0	0	0	0	0	0	g__Neobacillus_novalis_XLM17_GCA_030123445.1	s__	Neobacillus_novalis_XLM17_GCA_030123445.1
OTU_739	0	0	0	0	0	0	0	0	0	0	0	0	0	0	0	0	0	0	0	0	0	0	0	0	0	0	0	0	0	0	0	0	0	0	0	0	0	1	0	0	0	0	g__Bacillus_licheniformis_D9_B_45_GCA_030348625.1	s__	Bacillus_licheniformis_D9_B_45_GCA_030348625.1
OTU_740	1	0	0	0	0	0	0	0	0	0	0	0	0	0	0	0	0	0	0	0	0	0	0	0	0	0	0	0	0	0	0	0	0	0	0	0	0	0	0	0	0	0	g__Bacillus_paralicheniformis_CEW	s__1W_GCA_030123025.1	Bacillus_paralicheniformis_CEW 1W_GCA_030123025.1
OTU_741	0	0	0	0	0	0	0	0	0	1	0	0	0	0	0	0	0	0	0	0	0	0	0	0	0	0	0	0	0	0	0	0	0	0	0	0	0	0	0	0	0	0	g__Bacillus_safensis_CEW-AP100_GCA_030122965.1	s__	Bacillus_safensis_CEW-AP100_GCA_030122965.1
OTU_742	0	0	0	0	0	0	0	0	0	0	1	0	0	0	0	0	0	0	0	0	0	0	0	0	0	0	0	0	0	0	0	0	0	0	0	0	0	0	0	0	0	0	g__Bacillus_paralicheniformis_CEW	s__1W_GCA_030123025.1	Bacillus_paralicheniformis_CEW 1W_GCA_030123025.1
OTU_743	0	0	0	0	0	0	0	0	0	0	0	0	0	1	0	0	0	0	0	0	0	0	0	0	0	0	0	0	0	0	0	0	0	0	0	0	0	0	0	0	0	0	g__Bacillus_sonorensis_YX13_GCA_031324045.1	s__	Bacillus_sonorensis_YX13_GCA_031324045.1
OTU_744	0	0	0	0	0	0	0	0	0	0	0	0	0	1	2	0	1	0	1	1	1	0	0	0	0	0	0	0	0	0	0	0	0	0	0	0	0	0	1	0	0	0	g__Bacillus_pseudomycoides_SIN1.1_GCA_031324125.1	s__	Bacillus_pseudomycoides_SIN1.1_GCA_031324125.1
OTU_745	0	0	0	0	0	0	0	0	0	0	0	0	0	0	0	0	1	0	0	0	0	0	0	0	0	0	0	0	0	0	0	0	0	0	0	0	0	0	0	0	0	0	g__Bacillus_subtilis_G2S2_GCA_030123085.1	s__	Bacillus_subtilis_G2S2_GCA_030123085.1
OTU_746	0	0	0	0	0	0	0	0	0	0	0	0	0	0	0	0	0	1	0	0	0	0	0	0	0	0	0	0	0	0	0	0	0	0	0	0	0	0	0	0	0	0	g__Bacillus_sp._DX1.1_GCA_030348225.1	s__	Bacillus_sp._DX1.1_GCA_030348225.1
OTU_747	0	0	0	0	0	0	0	0	0	0	0	0	0	0	0	0	0	1	0	0	0	0	0	0	0	0	0	0	0	0	0	0	0	0	0	0	0	0	0	0	0	0	g__Bacillus_sonorensis_YX13_GCA_031324045.1	s__	Bacillus_sonorensis_YX13_GCA_031324045.1
OTU_748	0	0	0	0	0	0	0	0	0	0	0	0	0	0	0	0	0	0	0	0	1	0	0	0	0	0	0	0	0	0	0	0	0	0	0	0	0	0	0	0	0	0	g__Paenibacillus_silvae_LY60_GCF_030348445.1	s__	Paenibacillus_silvae_LY60_GCF_030348445.1
OTU_749	0	0	0	0	0	0	0	0	0	0	0	0	0	0	0	0	0	0	0	0	1	0	0	0	0	0	0	0	0	0	0	0	0	0	0	0	0	0	0	0	0	0	g__Bacillus_sonorensis_YX13_GCA_031324045.1	s__	Bacillus_sonorensis_YX13_GCA_031324045.1
OTU_750	1	0	0	0	0	0	0	0	0	0	0	0	0	0	0	0	0	0	0	0	0	0	0	0	0	0	0	0	0	0	0	0	0	0	0	0	0	0	0	0	0	0	g__Paenibacillus_sp.	s__11B_GCF-030487755.1	Paenibacillus_sp. 11B_GCF-030487755.1
OTU_751	0	0	0	0	0	0	0	0	0	0	0	0	0	0	0	0	0	0	0	1	0	0	0	0	0	0	0	0	0	0	0	0	0	0	0	0	0	0	0	0	0	0	g__Bacillus_sonorensis_YX13_GCA_031324045.1	s__	Bacillus_sonorensis_YX13_GCA_031324045.1
OTU_752	0	0	0	0	0	0	0	0	0	0	0	0	0	0	0	0	0	0	0	1	0	0	0	0	0	0	0	0	0	0	0	0	0	0	0	0	0	0	0	0	0	0	g__Paenibacillus_sp.	s__11B_GCF-030487755.1	Paenibacillus_sp. 11B_GCF-030487755.1
OTU_753	0	0	0	0	0	0	0	0	0	0	0	0	0	0	0	0	0	0	0	0	0	0	0	0	1	0	0	0	0	0	0	0	0	0	0	0	0	0	0	0	0	0	g__Paenibacillus_sp.	s__11B_GCF-030487755.1	Paenibacillus_sp. 11B_GCF-030487755.1
OTU_754	1	0	0	0	0	0	0	0	0	0	0	0	0	0	0	0	0	0	0	0	0	0	0	0	0	0	0	0	0	0	0	0	0	0	0	0	0	0	0	0	0	0	g__Bacillus_sonorensis_YX13_GCA_031324045.1	s__	Bacillus_sonorensis_YX13_GCA_031324045.1
OTU_755	0	0	1	0	0	0	0	0	0	0	0	0	0	0	0	0	0	0	0	0	0	0	0	0	0	0	0	0	0	0	0	0	0	0	0	0	0	0	0	0	0	0	g__Bacillus_paralicheniformis_CEW	s__1W_GCA_030123025.1	Bacillus_paralicheniformis_CEW 1W_GCA_030123025.1
OTU_756	0	0	0	0	0	0	0	0	1	0	0	0	0	0	0	0	0	0	0	0	0	0	0	0	0	0	0	0	0	0	0	0	0	0	0	0	0	0	0	0	0	0	g__Bacillus_sonorensis_YX13_GCA_031324045.1	s__	Bacillus_sonorensis_YX13_GCA_031324045.1
OTU_757	0	0	0	0	0	0	0	0	0	0	0	0	0	0	0	1	0	0	0	0	0	0	0	0	0	0	0	0	0	0	0	0	0	0	0	0	0	0	0	0	0	0	g__Bacillus_paralicheniformis_CEW	s__1W_GCA_030123025.1	Bacillus_paralicheniformis_CEW 1W_GCA_030123025.1
OTU_758	0	0	0	0	0	0	0	0	0	0	0	0	0	0	0	0	0	1	0	1	0	0	0	0	0	0	0	0	0	0	0	0	0	0	0	0	0	0	0	0	0	0	g__Bacillus_paralicheniformis_CEW	s__1W_GCA_030123025.1	Bacillus_paralicheniformis_CEW 1W_GCA_030123025.1
OTU_759	0	0	0	0	0	0	0	0	0	0	0	0	0	0	0	0	0	0	0	0	0	0	0	0	0	0	0	0	0	1	0	0	0	0	0	0	0	0	0	0	0	0	g__Bacillus_paralicheniformis_CEW	s__1W_GCA_030123025.1	Bacillus_paralicheniformis_CEW 1W_GCA_030123025.1
OTU_760	0	0	0	0	0	1	0	0	0	0	0	0	0	0	0	0	0	0	0	0	0	0	0	0	0	0	0	0	0	0	0	0	0	0	0	0	0	0	0	0	0	0	g__Bacillus_wiedmannii_Munchenroda_S7_GCA_030348415.1	s__	Bacillus_wiedmannii_Munchenroda_S7_GCA_030348415.1
OTU_761	0	0	0	0	0	0	0	1	0	0	0	0	0	0	0	0	0	0	0	0	0	0	0	0	0	0	0	0	0	0	0	0	0	0	0	0	0	0	0	0	0	0	g__Mesobacillus_sp.	s__AQ2_GCA_030122805.1	Mesobacillus_sp. AQ2_GCA_030122805.1
OTU_762	0	0	0	0	0	0	0	0	0	0	0	0	0	0	1	0	0	0	0	0	0	0	0	0	0	0	0	0	0	0	0	0	0	0	0	0	0	0	0	0	0	0	g__Paenibacillus_sp.	s__11B_GCF-030487755.1	Paenibacillus_sp. 11B_GCF-030487755.1
OTU_763	0	0	0	0	0	0	0	0	0	0	0	0	0	0	0	1	0	0	0	0	0	0	0	0	0	0	0	0	0	0	0	0	0	0	0	0	0	0	0	0	0	0	g__Bacillus_paralicheniformis_CEW	s__1W_GCA_030123025.1	Bacillus_paralicheniformis_CEW 1W_GCA_030123025.1
OTU_764	0	0	0	0	0	0	0	0	0	0	0	0	0	0	0	0	1	0	0	0	0	0	0	0	0	0	0	0	0	0	0	0	0	0	0	0	0	0	0	0	0	0	g__Bacillus_sonorensis_YX13_GCA_031324045.1	s__	Bacillus_sonorensis_YX13_GCA_031324045.1
OTU_765	1	0	0	0	0	0	0	0	0	0	0	0	0	0	0	0	0	0	0	0	0	0	0	0	0	0	0	0	0	0	0	0	0	0	0	0	0	0	0	0	0	0	g__Bacillus_paralicheniformis_CEW	s__1W_GCA_030123025.1	Bacillus_paralicheniformis_CEW 1W_GCA_030123025.1
OTU_766	0	1	0	0	0	0	0	0	0	0	0	0	0	0	0	0	0	0	0	0	0	0	0	0	0	0	0	0	0	0	0	0	0	0	0	0	0	0	0	0	0	0	g__Bacillus_sonorensis_YX13_GCA_031324045.1	s__	Bacillus_sonorensis_YX13_GCA_031324045.1
OTU_767	0	0	1	0	0	0	0	0	0	0	0	0	0	0	0	0	0	0	0	0	0	0	0	0	0	0	0	0	0	0	0	0	0	0	0	0	0	0	0	0	0	0	g__Bacillus_paralicheniformis_CEW	s__1W_GCA_030123025.1	Bacillus_paralicheniformis_CEW 1W_GCA_030123025.1
OTU_768	0	0	0	0	0	0	0	0	0	0	0	1	0	0	0	0	0	0	0	0	0	0	0	0	0	0	0	0	0	0	0	0	0	0	0	1	0	0	0	0	0	0	g__Paenibacillus_sp.	s__11B_GCF-030487755.1	Paenibacillus_sp. 11B_GCF-030487755.1
OTU_769	0	1	1	0	0	0	1	0	0	0	1	0	0	1	0	1	1	0	0	0	0	0	0	0	0	0	0	0	1	1	1	0	0	0	0	0	0	1	1	0	0	0	g__Bacillus_paralicheniformis_CEW	s__1W_GCA_030123025.1	Bacillus_paralicheniformis_CEW 1W_GCA_030123025.1
OTU_770	0	0	0	0	0	0	0	0	0	0	0	0	0	0	0	1	0	0	0	0	0	0	0	0	0	0	0	0	0	0	0	0	0	0	0	0	0	0	0	0	0	0	g__Bacillus_paralicheniformis_CEW	s__1W_GCA_030123025.1	Bacillus_paralicheniformis_CEW 1W_GCA_030123025.1
OTU_771	0	0	0	0	0	0	0	0	0	0	0	0	0	0	0	0	1	0	0	0	0	0	0	0	0	0	0	0	0	0	0	0	0	0	0	0	0	0	0	0	0	0	g__Lysinibacillus_pakistanensis_LY92_GCA_030123265.1	s__	Lysinibacillus_pakistanensis_LY92_GCA_030123265.1
OTU_772	0	0	0	0	0	0	0	0	0	0	0	0	0	0	0	0	0	0	1	0	0	0	0	0	0	0	0	0	0	0	0	0	0	0	0	0	0	0	0	0	0	0	g__Paenibacillus_sp.	s__11B_GCF-030487755.1	Paenibacillus_sp. 11B_GCF-030487755.1
OTU_773	0	0	0	0	0	0	0	0	0	0	0	0	0	0	0	0	0	0	0	1	0	0	0	0	0	0	0	0	0	0	0	0	0	0	0	0	0	0	0	0	0	0	g__Bacillus_sonorensis_YX13_GCA_031324045.1	s__	Bacillus_sonorensis_YX13_GCA_031324045.1
OTU_774	0	0	0	0	0	0	0	0	0	0	0	0	0	0	0	0	0	0	0	0	0	0	0	0	0	0	0	0	0	0	0	0	0	0	0	0	0	0	1	0	0	0	g__Bacillus_hominis_DX2.3_GCA_030348535.1	s__	Bacillus_hominis_DX2.3_GCA_030348535.1
OTU_775	0	0	0	0	0	0	0	0	0	0	0	0	0	0	0	0	0	0	0	0	0	0	0	0	0	0	0	0	0	0	0	0	0	0	0	0	0	0	1	0	0	0	g__Bacillus_paralicheniformis_CEW	s__1W_GCA_030123025.1	Bacillus_paralicheniformis_CEW 1W_GCA_030123025.1
OTU_776	0	0	0	0	1	0	0	0	0	0	0	0	0	0	0	0	0	0	0	0	0	0	0	0	0	0	0	0	0	0	0	0	0	0	0	0	0	0	0	0	0	0	g__Bacillus_licheniformis_D9_B_45_GCA_030348625.1	s__	Bacillus_licheniformis_D9_B_45_GCA_030348625.1
OTU_777	0	0	0	0	0	0	0	0	0	0	0	0	0	0	0	1	0	0	0	0	0	0	0	0	0	0	0	0	0	0	0	0	0	0	0	0	0	0	0	0	0	0	g__Lysinibacillus_sp._G4S2_GCA_030348505.1	s__	Lysinibacillus_sp._G4S2_GCA_030348505.1
OTU_778	0	0	0	0	0	0	0	0	0	0	0	0	0	0	0	0	0	1	0	0	0	0	0	0	0	0	0	0	0	0	0	0	0	0	0	0	0	0	0	0	0	0	g__Paenibacillus_sp.	s__11B_GCF-030487755.1	Paenibacillus_sp. 11B_GCF-030487755.1
OTU_779	0	0	0	0	0	0	0	0	0	0	0	0	0	0	0	0	1	0	0	0	0	0	0	0	0	0	0	0	0	0	0	0	0	0	0	0	0	0	0	0	0	0	g__Paenibacillus_sp.	s__11B_GCF-030487755.1	Paenibacillus_sp. 11B_GCF-030487755.1
OTU_780	0	0	0	0	0	0	0	0	0	0	0	0	0	0	0	0	0	0	0	1	0	0	0	0	0	0	0	0	0	0	0	0	0	0	0	0	0	0	0	0	0	0	g__Bacillus_paralicheniformis_CEW	s__1W_GCA_030123025.1	Bacillus_paralicheniformis_CEW 1W_GCA_030123025.1
OTU_781	0	0	0	0	0	0	0	0	0	0	0	0	0	0	1	0	0	0	0	0	0	0	0	0	0	0	0	0	0	0	0	0	0	0	0	0	0	0	0	0	0	0	g__Mesobacillus_sp.	s__AQ2_GCA_030122805.1	Mesobacillus_sp. AQ2_GCA_030122805.1
OTU_782	0	0	0	0	0	0	0	0	0	0	0	0	0	0	0	0	0	0	1	0	0	0	0	0	0	0	0	0	0	0	0	0	0	0	0	0	0	0	0	0	0	0	g__Bacillus_paralicheniformis_CEW	s__1W_GCA_030123025.1	Bacillus_paralicheniformis_CEW 1W_GCA_030123025.1
OTU_783	0	1	0	0	0	0	0	0	0	0	0	0	0	0	0	0	0	0	0	0	0	0	0	0	0	0	0	0	0	0	0	0	0	0	0	0	0	0	0	0	0	0	g__Rossellomorea_marisflavi_LC18_GCA_031324195.1	s__	Rossellomorea_marisflavi_LC18_GCA_031324195.1
OTU_784	2	0	0	2	0	0	0	0	3	2	1	1	0	3	2	0	1	1	1	2	2	0	0	0	0	1	0	0	1	0	1	1	0	0	0	1	0	0	0	0	1	2	g__Paenibacillus_sp.	s__11B_GCF-030487755.1	Paenibacillus_sp. 11B_GCF-030487755.1
OTU_785	0	0	0	0	0	0	0	0	0	0	0	1	0	0	0	0	0	0	0	0	0	0	0	0	0	0	0	0	0	0	0	0	0	0	0	0	0	0	0	0	0	0	g__Bacillus_paralicheniformis_CEW	s__1W_GCA_030123025.1	Bacillus_paralicheniformis_CEW 1W_GCA_030123025.1
OTU_786	0	0	0	0	0	0	0	0	0	0	0	0	0	0	0	0	0	1	0	0	0	0	0	0	0	0	0	0	0	0	0	0	0	0	0	0	0	0	0	0	0	0	g__Bacillus_sonorensis_YX13_GCA_031324045.1	s__	Bacillus_sonorensis_YX13_GCA_031324045.1
OTU_787	0	0	0	0	0	0	0	0	0	0	0	0	0	0	0	0	0	0	0	0	1	0	0	0	0	0	0	0	0	0	0	0	0	0	0	0	0	0	0	0	0	0	g__Bacillus_velezensis_MB7_B13_GCA_030348465.1	s__	Bacillus_velezensis_MB7_B13_GCA_030348465.1
OTU_788	0	0	0	0	0	0	0	0	0	0	0	0	0	0	0	0	0	0	0	0	0	0	0	0	0	0	1	0	0	0	0	0	0	0	0	0	0	0	0	0	0	0	g__Bacillus_paralicheniformis_CEW	s__1W_GCA_030123025.1	Bacillus_paralicheniformis_CEW 1W_GCA_030123025.1
OTU_789	0	0	0	0	0	0	0	0	0	0	0	0	0	0	0	0	0	0	0	0	0	0	0	0	0	0	0	0	0	0	0	0	0	0	0	0	0	0	1	0	0	0	g__Brevibacillus_parabrevis_GCA_031324325.1	s__	Brevibacillus_parabrevis_GCA_031324325.1
OTU_790	0	0	0	0	0	0	1	0	0	0	0	0	0	0	0	0	0	0	0	0	0	0	0	0	0	0	0	0	0	0	0	0	0	0	0	0	0	0	0	0	0	0	g__Paenibacillus_silvae_LY60_GCF_030348445.1	s__	Paenibacillus_silvae_LY60_GCF_030348445.1
OTU_791	0	0	0	0	0	0	0	0	0	0	0	1	0	0	0	0	0	0	0	0	0	0	0	0	0	0	0	0	0	0	0	0	0	0	0	0	0	0	0	0	0	0	g__Bacillus_anthracis_Mn106-1	s__head2	Bacillus_anthracis_Mn106-1 head2 chi_GCA_030166975.1
OTU_792	0	0	0	0	0	0	0	0	0	0	0	0	0	0	0	0	0	0	1	0	0	0	0	0	0	0	0	0	0	0	0	0	0	0	0	0	0	0	0	0	0	0	g__Bacillus_sonorensis_YX13_GCA_031324045.1	s__	Bacillus_sonorensis_YX13_GCA_031324045.1
OTU_793	0	0	0	0	0	0	0	0	0	0	0	0	0	0	0	0	0	0	0	0	1	0	0	0	0	0	0	0	0	0	0	0	0	0	0	0	0	0	0	0	0	0	g__Bacillus_paralicheniformis_CEW	s__1W_GCA_030123025.1	Bacillus_paralicheniformis_CEW 1W_GCA_030123025.1
OTU_794	0	0	0	0	0	0	0	0	0	0	0	0	0	0	0	0	0	0	0	0	0	0	0	0	0	0	0	0	0	0	0	0	1	0	0	0	0	0	0	0	0	0	g__Paenibacillus_sp.	s__11B_GCF-030487755.1	Paenibacillus_sp. 11B_GCF-030487755.1
OTU_796	0	0	0	0	1	0	0	0	0	0	0	0	0	0	0	0	0	0	0	0	0	0	0	0	0	0	0	0	0	0	0	0	0	0	0	1	0	0	0	0	0	0	g__Bacillus_paralicheniformis_CEW	s__1W_GCA_030123025.1	Bacillus_paralicheniformis_CEW 1W_GCA_030123025.1
OTU_797	0	0	0	0	0	0	0	0	0	0	0	0	0	0	0	0	0	1	0	0	0	0	0	0	0	0	0	0	0	0	0	0	0	0	0	0	0	0	0	0	0	0	g__Paenibacillus_sp.	s__11B_GCF-030487755.1	Paenibacillus_sp. 11B_GCF-030487755.1
OTU_798	0	0	0	0	0	0	0	0	0	0	0	0	0	0	0	0	0	0	0	0	0	0	0	0	0	0	0	0	0	0	0	0	0	0	1	0	0	0	0	0	0	0	g__Brevibacillus_parabrevis_GCA_031324325.1	s__	Brevibacillus_parabrevis_GCA_031324325.1
OTU_799	0	0	0	0	0	0	0	0	0	0	0	0	0	0	0	0	0	0	0	0	0	0	0	0	0	0	0	1	0	0	0	0	0	0	1	0	0	0	0	0	0	0	g__Bacillus_sp._DX1.1_GCA_030348225.1	s__	Bacillus_sp._DX1.1_GCA_030348225.1
OTU_800	0	0	0	1	0	0	0	0	0	0	0	0	0	0	0	0	0	0	0	0	0	0	0	0	0	0	0	0	0	0	0	0	0	0	0	0	0	0	0	0	0	0	g__Bacillus_paralicheniformis_CEW	s__1W_GCA_030123025.1	Bacillus_paralicheniformis_CEW 1W_GCA_030123025.1
OTU_801	0	0	0	0	0	0	0	0	0	0	0	0	0	1	0	0	0	0	0	0	0	0	0	0	0	0	0	0	0	0	0	0	0	0	0	0	0	0	0	0	0	0	g__Paenibacillus_sp.	s__11B_GCF-030487755.1	Paenibacillus_sp. 11B_GCF-030487755.1
OTU_802	0	0	0	0	0	0	0	0	0	0	0	0	0	0	0	1	0	0	0	0	0	0	0	0	0	0	0	0	0	0	0	0	0	0	0	0	0	0	0	0	0	0	g__Paenibacillus_sp.	s__11B_GCF-030487755.1	Paenibacillus_sp. 11B_GCF-030487755.1
OTU_803	0	0	0	0	0	0	0	0	0	0	0	0	0	0	0	0	1	0	0	0	0	0	0	0	0	0	0	0	0	0	0	0	0	0	0	0	0	0	0	0	0	0	g__Bacillus_sonorensis_YX13_GCA_031324045.1	s__	Bacillus_sonorensis_YX13_GCA_031324045.1
OTU_804	0	0	0	0	0	0	0	0	0	0	0	0	0	0	0	0	0	0	0	0	1	0	0	0	0	0	0	0	0	0	0	0	0	0	0	0	0	0	0	0	0	0	g__Bacillus_paralicheniformis_CEW	s__1W_GCA_030123025.1	Bacillus_paralicheniformis_CEW 1W_GCA_030123025.1
OTU_805	0	0	0	0	0	0	0	0	0	0	0	0	0	0	0	0	0	0	0	0	0	0	0	0	0	0	1	0	0	0	0	0	0	0	0	0	0	0	0	0	0	0	g__Paenibacillus_silvae_LY60_GCF_030348445.1	s__	Paenibacillus_silvae_LY60_GCF_030348445.1
OTU_806	0	0	0	0	0	0	0	0	0	0	0	0	0	0	0	0	0	0	0	0	0	0	0	0	0	0	0	0	0	0	0	0	0	0	0	0	0	0	1	0	0	0	g__Neobacillus_novalis_XLM17_GCA_030123445.1	s__	Neobacillus_novalis_XLM17_GCA_030123445.1
OTU_807	0	0	0	0	0	0	0	0	0	0	0	0	0	0	0	0	0	0	0	0	0	0	0	0	0	0	0	0	0	0	0	0	0	0	0	0	0	0	0	1	0	0	g__Paenibacillus_sp.	s__11B_GCF-030487755.1	Paenibacillus_sp. 11B_GCF-030487755.1
OTU_808	0	0	0	0	0	0	0	0	0	0	0	1	0	0	0	0	0	0	0	0	0	0	0	0	0	0	0	0	0	0	0	0	0	0	0	0	0	0	0	0	0	0	g__Bacillus_paralicheniformis_CEW	s__1W_GCA_030123025.1	Bacillus_paralicheniformis_CEW 1W_GCA_030123025.1
OTU_809	0	0	0	0	0	0	0	0	0	0	0	0	0	0	0	0	0	0	0	0	0	1	0	0	0	0	0	0	0	0	0	0	0	0	0	0	0	0	0	0	0	0	g__Bacillus_paralicheniformis_CEW	s__1W_GCA_030123025.1	Bacillus_paralicheniformis_CEW 1W_GCA_030123025.1
OTU_810	0	0	0	0	0	0	0	0	0	0	0	0	0	0	0	0	0	0	0	0	0	0	0	0	0	0	0	0	0	0	0	0	0	0	0	1	0	0	0	0	1	0	g__Bacillus_paralicheniformis_CEW	s__1W_GCA_030123025.1	Bacillus_paralicheniformis_CEW 1W_GCA_030123025.1
OTU_811	0	1	0	0	0	0	0	0	0	0	0	1	0	0	0	0	0	0	0	0	0	0	0	0	0	0	0	0	0	0	0	0	0	0	0	0	0	0	0	0	0	0	g__Lysinibacillus_pakistanensis_LY92_GCA_030123265.1	s__	Lysinibacillus_pakistanensis_LY92_GCA_030123265.1
OTU_812	0	0	0	0	0	0	0	0	0	0	0	0	0	1	0	1	0	0	0	1	0	0	0	0	0	0	0	0	0	0	0	0	0	0	0	0	0	0	0	0	0	0	g__Bacillus_hominis_SIN2.1_GCA_030348325.1	s__	Bacillus_hominis_SIN2.1_GCA_030348325.1
OTU_813	0	0	0	0	0	0	0	0	0	0	0	0	0	1	0	0	0	0	0	0	0	0	0	0	0	0	0	0	0	0	0	0	0	0	0	0	0	0	0	0	0	0	g__Paenibacillus_sp.	s__11B_GCF-030487755.1	Paenibacillus_sp. 11B_GCF-030487755.1
OTU_814	0	0	0	0	0	0	0	0	0	0	0	0	0	0	1	0	0	0	0	0	0	0	0	0	0	0	0	0	0	0	0	0	0	0	0	0	0	0	0	0	0	0	g__Bacillus_paralicheniformis_CEW	s__1W_GCA_030123025.1	Bacillus_paralicheniformis_CEW 1W_GCA_030123025.1
OTU_815	0	0	0	0	0	0	0	0	0	0	0	0	0	0	1	0	0	0	0	0	0	0	0	0	0	0	0	0	0	0	0	0	0	0	0	0	0	0	0	0	0	0	g__Paenibacillus_sp.	s__11B_GCF-030487755.1	Paenibacillus_sp. 11B_GCF-030487755.1
OTU_816	0	0	0	0	0	0	0	0	1	0	0	1	0	1	0	1	0	0	0	1	0	0	0	0	0	0	0	0	0	0	0	0	0	0	0	0	0	0	0	0	0	0	g__Paenibacillus_sp.	s__11B_GCF-030487755.1	Paenibacillus_sp. 11B_GCF-030487755.1
OTU_817	0	0	0	0	0	0	0	0	0	0	0	0	0	0	0	0	0	0	1	0	0	0	0	0	0	0	0	0	0	0	0	0	0	0	0	0	0	0	0	0	0	0	g__Bacillus_paralicheniformis_CEW	s__1W_GCA_030123025.1	Bacillus_paralicheniformis_CEW 1W_GCA_030123025.1
OTU_818	1	0	0	0	0	0	0	0	0	0	0	0	0	0	0	0	0	0	0	0	0	0	0	0	0	0	0	0	0	0	0	0	1	0	0	0	0	0	0	0	0	0	g__Bacillus_paralicheniformis_CEW	s__1W_GCA_030123025.1	Bacillus_paralicheniformis_CEW 1W_GCA_030123025.1
OTU_819	1	0	0	0	0	0	0	0	0	0	0	0	0	0	0	0	0	0	0	0	0	0	0	0	0	0	0	0	0	0	0	0	0	0	0	0	0	0	0	0	0	0	g__Bacillus_paralicheniformis_CEW	s__1W_GCA_030123025.1	Bacillus_paralicheniformis_CEW 1W_GCA_030123025.1
OTU_820	0	0	0	0	0	0	0	0	0	0	0	0	0	0	0	0	0	1	0	0	0	0	0	0	0	0	0	0	0	0	0	0	0	0	0	0	0	0	0	0	0	0	g__Bacillus_sonorensis_YX13_GCA_031324045.1	s__	Bacillus_sonorensis_YX13_GCA_031324045.1
OTU_821	0	0	0	0	0	0	0	0	0	0	0	0	0	0	0	0	0	0	0	0	0	1	0	0	0	0	0	0	0	0	0	0	0	0	0	0	0	0	0	0	0	0	g__Bacillus_paralicheniformis_CEW	s__1W_GCA_030123025.1	Bacillus_paralicheniformis_CEW 1W_GCA_030123025.1
OTU_822	0	0	0	0	0	0	0	0	0	0	0	0	0	0	0	0	0	0	0	0	0	0	0	0	1	0	0	0	0	0	0	0	0	0	0	0	0	0	0	0	0	0	g__Neobacillus_novalis_XLM17_GCA_030123445.1	s__	Neobacillus_novalis_XLM17_GCA_030123445.1
OTU_823	0	0	0	0	0	0	0	0	0	0	0	0	0	0	0	0	0	0	0	0	0	0	0	0	0	0	0	1	0	0	0	0	0	0	0	0	0	0	0	0	0	0	g__Paenibacillus_sp.	s__11B_GCF-030487755.1	Paenibacillus_sp. 11B_GCF-030487755.1
OTU_824	0	0	0	0	0	0	0	0	0	0	0	0	0	0	0	0	0	0	0	0	0	0	0	0	0	0	0	0	0	0	0	0	0	0	1	0	0	0	0	1	0	0	g__Paenibacillus_woosongensis	s__B2_4_GCA_030122845.1	Paenibacillus_woosongensis B2_4_GCA_030122845.1
OTU_825	0	0	0	0	0	0	0	0	0	1	0	0	0	0	0	0	0	0	0	0	0	0	0	0	0	0	0	0	0	0	0	0	0	0	0	0	0	0	0	0	0	0	g__Lysinibacillus_pakistanensis_LY92_GCA_030123265.1	s__	Lysinibacillus_pakistanensis_LY92_GCA_030123265.1
OTU_826	0	0	0	0	0	0	0	0	0	0	0	0	0	1	0	0	0	0	0	0	0	0	0	0	0	0	0	0	0	0	0	0	0	0	0	0	0	0	0	0	0	0	g__Lysinibacillus_pakistanensis_LY92_GCA_030123265.1	s__	Lysinibacillus_pakistanensis_LY92_GCA_030123265.1
OTU_828	0	0	0	0	1	0	0	0	0	0	0	0	0	0	0	0	0	0	0	0	0	0	0	0	0	0	0	0	0	0	0	0	0	0	0	0	0	0	0	0	0	0	g__Paenibacillus_sp.	s__11B_GCF-030487755.1	Paenibacillus_sp. 11B_GCF-030487755.1
OTU_829	0	0	0	0	0	0	0	0	0	0	0	0	0	0	0	1	0	0	0	0	0	0	0	0	0	0	0	0	0	0	0	0	0	0	0	0	0	0	0	0	0	0	g__Paenibacillus_sp.	s__11B_GCF-030487755.1	Paenibacillus_sp. 11B_GCF-030487755.1
OTU_830	0	0	0	0	0	0	0	0	0	0	0	0	0	0	0	0	1	0	0	0	0	0	0	0	0	0	0	0	0	0	0	0	0	0	0	0	0	0	0	0	0	0	g__Paenibacillus_silvae_LY60_GCF_030348445.1	s__	Paenibacillus_silvae_LY60_GCF_030348445.1
OTU_831	0	0	0	0	0	0	0	0	0	0	0	0	0	0	0	0	0	0	0	1	0	0	0	0	0	0	0	0	0	0	0	0	0	0	0	0	0	0	0	0	0	0	g__Paenibacillus_sp.	s__11B_GCF-030487755.1	Paenibacillus_sp. 11B_GCF-030487755.1
OTU_832	0	0	0	0	0	0	0	0	0	0	0	0	0	0	0	0	0	0	0	0	0	0	0	0	0	0	0	0	0	0	0	0	0	0	0	0	0	1	0	0	0	0	g__Bacillus_cereus_YX23_GCA_030348245.1	s__	Bacillus_cereus_YX23_GCA_030348245.1
OTU_833	1	1	0	1	0	0	0	0	0	0	0	0	0	0	0	0	0	0	0	0	0	0	0	0	0	0	0	0	0	0	0	1	0	0	0	0	0	0	0	0	0	0	g__Bacillus_sonorensis_YX13_GCA_031324045.1	s__	Bacillus_sonorensis_YX13_GCA_031324045.1
OTU_834	0	0	0	0	0	0	0	0	0	0	0	0	0	0	0	0	0	0	1	0	0	0	0	0	0	0	0	0	0	0	0	0	0	0	0	0	0	0	0	0	0	0	g__Bacillus_paralicheniformis_CEW	s__1W_GCA_030123025.1	Bacillus_paralicheniformis_CEW 1W_GCA_030123025.1
OTU_835	0	0	0	0	0	0	0	0	0	0	0	0	0	0	0	0	0	0	0	1	0	0	0	0	0	0	0	0	0	0	0	0	0	0	0	0	0	0	0	0	0	0	g__Bacillus_pseudomycoides_SIN1.1_GCA_031324125.1	s__	Bacillus_pseudomycoides_SIN1.1_GCA_031324125.1
OTU_836	0	0	0	0	0	0	0	0	0	0	0	0	0	0	0	0	0	0	0	0	1	0	0	0	0	0	0	0	0	0	0	0	0	0	0	0	0	0	0	0	0	0	g__Bacillus_paralicheniformis_CEW	s__1W_GCA_030123025.1	Bacillus_paralicheniformis_CEW 1W_GCA_030123025.1
OTU_837	1	0	0	0	0	0	1	0	0	0	0	0	0	0	0	0	0	0	0	0	0	0	0	0	0	0	0	0	0	0	0	0	1	0	0	0	0	0	0	0	0	0	g__Paenibacillus_silvae_LY60_GCF_030348445.1	s__	Paenibacillus_silvae_LY60_GCF_030348445.1
OTU_838	0	0	0	0	0	0	0	0	0	0	0	1	0	0	0	0	0	0	0	0	0	0	0	0	0	0	0	0	0	0	0	0	0	0	0	0	0	0	0	0	0	0	g__Paenibacillus_sp.	s__11B_GCF-030487755.1	Paenibacillus_sp. 11B_GCF-030487755.1
OTU_839	0	0	0	0	0	0	0	0	0	0	0	1	0	0	0	0	2	1	0	1	0	0	0	0	1	0	0	0	0	0	0	0	1	0	0	1	1	0	0	0	0	0	g__Lysinibacillus_pakistanensis_LY92_GCA_030123265.1	s__	Lysinibacillus_pakistanensis_LY92_GCA_030123265.1
OTU_840	0	0	0	0	0	0	0	0	0	0	0	0	0	1	0	0	0	0	0	0	0	0	0	0	0	0	0	0	0	0	0	0	0	0	0	0	0	0	0	0	0	0	g__Lysinibacillus_pakistanensis_LY92_GCA_030123265.1	s__	Lysinibacillus_pakistanensis_LY92_GCA_030123265.1
OTU_841	0	0	0	0	0	0	0	0	0	0	0	0	0	0	0	0	0	0	0	0	0	0	0	0	0	0	0	0	0	0	0	0	0	0	0	1	0	0	0	0	0	0	g__Paenibacillus_sp.	s__11B_GCF-030487755.1	Paenibacillus_sp. 11B_GCF-030487755.1
OTU_842	0	0	0	0	0	0	0	0	0	0	0	0	0	0	0	0	0	0	0	0	0	0	0	0	0	0	0	0	0	0	0	0	0	0	0	1	0	0	0	0	0	0	g__Paenibacillus_sp.	s__11B_GCF-030487755.1	Paenibacillus_sp. 11B_GCF-030487755.1
OTU_843	0	0	0	0	0	0	0	0	0	0	0	0	0	1	0	0	0	0	0	0	0	0	0	0	0	0	0	0	0	0	0	0	0	0	0	0	0	0	0	0	0	0	g__Paenibacillus_sp.	s__11B_GCF-030487755.1	Paenibacillus_sp. 11B_GCF-030487755.1
OTU_844	0	0	0	0	0	0	0	0	0	0	0	0	0	1	0	0	0	0	0	0	0	0	0	0	0	0	0	0	0	0	0	0	0	0	0	0	0	0	0	0	0	0	g__Bacillus_paralicheniformis_CEW	s__1W_GCA_030123025.1	Bacillus_paralicheniformis_CEW 1W_GCA_030123025.1
OTU_845	0	0	0	0	0	0	0	0	0	0	0	0	0	0	0	0	1	0	0	0	0	0	0	0	0	0	0	0	0	0	0	0	0	0	0	0	0	0	0	0	0	0	g__Bacillus_anthracis_Mn106-1	s__head2	Bacillus_anthracis_Mn106-1 head2 chi_GCA_030166975.1
OTU_846	0	0	0	0	0	0	0	0	0	0	0	0	0	0	0	0	0	1	0	0	0	0	0	0	0	0	0	0	0	0	0	0	0	0	0	0	0	0	0	0	0	0	g__Bacillus_paralicheniformis_CEW	s__1W_GCA_030123025.1	Bacillus_paralicheniformis_CEW 1W_GCA_030123025.1
OTU_847	0	0	0	0	0	0	0	0	0	0	0	0	0	0	0	0	0	0	1	0	0	0	0	0	0	0	0	0	0	0	0	0	0	0	0	0	0	0	0	0	0	0	g__Paenibacillus_sp.	s__11B_GCF-030487755.1	Paenibacillus_sp. 11B_GCF-030487755.1
OTU_848	1	0	0	0	0	0	0	0	0	0	0	0	0	0	0	0	0	0	0	0	0	0	0	0	0	0	0	0	0	0	0	0	0	0	0	0	0	0	0	0	0	0	g__Bacillus_paralicheniformis_CEW	s__1W_GCA_030123025.1	Bacillus_paralicheniformis_CEW 1W_GCA_030123025.1
OTU_849	1	0	0	0	0	0	0	0	0	0	0	0	0	0	0	0	0	0	0	0	0	0	0	0	0	0	0	0	0	0	0	0	0	0	0	0	0	0	0	0	0	0	g__Bacillus_paralicheniformis_CEW	s__1W_GCA_030123025.1	Bacillus_paralicheniformis_CEW 1W_GCA_030123025.1
OTU_850	0	0	0	0	0	0	0	0	0	0	0	0	0	1	0	0	0	0	0	0	0	0	0	0	0	0	0	0	0	0	0	0	0	0	0	0	0	0	0	0	0	0	g__Fictibacillus_sp._b24_GCA_030348825.1	s__	Fictibacillus_sp._b24_GCA_030348825.1
OTU_851	0	0	0	0	0	0	0	0	0	0	0	0	0	0	0	1	0	0	0	0	0	0	0	0	0	0	0	0	0	0	0	0	0	0	0	0	0	0	0	0	0	0	g__Peribacillus_simplex_D8_B_37_GCA_030348725.1	s__	Peribacillus_simplex_D8_B_37_GCA_030348725.1
OTU_852	0	0	0	0	0	0	0	0	0	0	0	0	0	0	0	1	0	0	0	0	0	0	0	0	0	0	0	0	0	0	0	0	0	0	0	0	0	0	0	0	0	0	g__Paenibacillus_silvae_LY60_GCF_030348445.1	s__	Paenibacillus_silvae_LY60_GCF_030348445.1
OTU_853	0	0	0	0	0	0	0	0	0	0	0	0	0	0	0	0	1	0	0	0	0	0	0	0	0	0	0	0	0	0	0	0	0	0	0	0	0	0	0	0	0	0	g__Paenibacillus_sp.	s__11B_GCF-030487755.1	Paenibacillus_sp. 11B_GCF-030487755.1
OTU_854	0	0	0	0	0	0	0	0	0	0	0	0	0	0	0	0	0	1	0	0	0	0	0	0	0	0	0	0	0	0	0	0	0	0	0	0	0	0	0	0	0	0	g__Bacillus_paralicheniformis_CEW	s__1W_GCA_030123025.1	Bacillus_paralicheniformis_CEW 1W_GCA_030123025.1
OTU_855	0	0	0	0	0	0	0	0	0	0	0	0	0	0	0	0	0	0	0	0	1	0	0	0	0	0	0	0	0	0	0	0	0	0	0	0	0	0	0	0	0	0	g__Bacillus_velezensis_TZ19_GCA_030348305.1	s__	Bacillus_velezensis_TZ19_GCA_030348305.1
OTU_856	0	0	0	0	0	0	0	0	0	0	0	0	0	1	0	0	0	0	0	0	0	0	0	0	0	0	0	0	0	0	0	0	0	0	0	0	0	0	0	0	0	0	g__Paenibacillus_silvae_LY60_GCF_030348445.1	s__	Paenibacillus_silvae_LY60_GCF_030348445.1
OTU_857	0	1	0	0	0	0	0	0	0	0	0	0	0	1	0	0	1	0	0	0	0	0	0	0	0	0	0	0	0	0	0	0	1	0	0	0	0	0	0	0	0	0	g__Bacillus_velezensis_MB7_B11_GCA_030123285.1	s__	Bacillus_velezensis_MB7_B11_GCA_030123285.1
OTU_858	0	0	3	0	0	1	0	0	1	0	0	0	0	1	1	1	0	2	1	1	1	0	0	0	0	0	0	0	0	0	0	0	1	0	0	0	0	0	0	1	0	0	g__Paenibacillus_sp.	s__11B_GCF-030487755.1	Paenibacillus_sp. 11B_GCF-030487755.1
OTU_859	0	0	0	0	0	0	0	0	0	0	0	0	0	0	0	0	0	1	0	0	0	0	0	0	0	0	0	0	0	0	0	0	0	0	0	0	0	0	0	0	0	0	g__Paenibacillus_sp.	s__11B_GCF-030487755.1	Paenibacillus_sp. 11B_GCF-030487755.1
OTU_860	0	0	0	0	0	0	0	0	0	0	0	1	0	0	0	0	0	0	0	1	0	0	0	0	0	0	0	0	0	0	0	0	0	0	0	0	0	0	0	0	0	0	g__Paenibacillus_sp.	s__11B_GCF-030487755.1	Paenibacillus_sp. 11B_GCF-030487755.1
OTU_861	0	0	1	0	0	0	0	0	0	0	0	0	0	0	0	0	0	0	0	0	0	0	0	0	0	0	0	0	0	0	0	0	0	0	0	0	0	0	0	0	0	0	g__Bacillus_paralicheniformis_CEW	s__1W_GCA_030123025.1	Bacillus_paralicheniformis_CEW 1W_GCA_030123025.1
OTU_862	0	0	0	0	0	0	0	0	1	0	0	0	0	0	0	0	0	0	0	0	0	0	0	0	0	0	0	0	0	0	0	0	0	0	0	0	0	0	0	0	0	0	g__Bacillus_paralicheniformis_CEW	s__1W_GCA_030123025.1	Bacillus_paralicheniformis_CEW 1W_GCA_030123025.1
OTU_863	0	0	1	0	0	0	0	0	0	0	0	0	0	0	0	0	1	0	0	0	0	0	0	0	0	0	0	0	0	0	0	0	0	0	1	0	0	0	0	0	0	1	g__Paenibacillus_sp.	s__11B_GCF-030487755.1	Paenibacillus_sp. 11B_GCF-030487755.1
OTU_864	0	0	0	0	0	0	0	0	0	0	0	0	0	0	0	0	0	0	1	0	0	0	0	0	0	0	0	0	0	0	0	0	0	0	0	0	0	0	0	0	0	0	g__Paenibacillus_sp.	s__11B_GCF-030487755.1	Paenibacillus_sp. 11B_GCF-030487755.1
OTU_865	0	0	0	0	0	0	0	0	0	0	0	0	0	0	0	0	0	1	1	0	0	0	0	0	0	0	0	0	0	0	0	0	0	0	0	0	0	0	0	0	0	0	g__Bacillus_paralicheniformis_CEW	s__1W_GCA_030123025.1	Bacillus_paralicheniformis_CEW 1W_GCA_030123025.1
OTU_866	0	0	0	0	0	0	0	0	0	0	0	0	0	0	0	0	0	0	0	0	0	1	0	0	0	0	0	0	0	0	0	0	0	0	0	0	0	0	0	0	0	0	g__Bacillus_safensis_CEW-AP100_GCA_030122965.1	s__	Bacillus_safensis_CEW-AP100_GCA_030122965.1
OTU_867	0	0	0	0	0	0	0	0	0	0	0	0	0	0	0	0	0	0	0	0	0	0	0	0	0	0	1	0	0	0	0	0	0	0	0	0	0	0	0	0	0	0	g__Bacillus_safensis_CEW-AP100_GCA_030122965.1	s__	Bacillus_safensis_CEW-AP100_GCA_030122965.1
OTU_868	0	0	0	0	0	0	0	0	0	0	0	0	0	0	1	0	0	0	0	0	0	1	0	0	0	0	0	0	0	0	0	0	1	0	0	0	0	0	0	0	0	0	g__Paenibacillus_silvae_LY60_GCF_030348445.1	s__	Paenibacillus_silvae_LY60_GCF_030348445.1
OTU_869	1	0	0	0	0	0	0	0	0	0	0	0	0	0	0	0	0	0	0	0	0	0	0	0	0	0	0	0	0	0	0	0	0	0	0	0	0	0	0	0	0	0	g__Paenibacillus_sp.	s__11B_GCF-030487755.1	Paenibacillus_sp. 11B_GCF-030487755.1
OTU_870	0	0	0	0	0	0	0	0	0	0	0	0	0	1	0	0	0	0	0	1	0	0	0	0	0	0	0	0	0	0	0	0	0	0	0	0	0	0	0	0	0	0	g__Bacillus_hominis_SIN2.1_GCA_030348325.1	s__	Bacillus_hominis_SIN2.1_GCA_030348325.1
OTU_871	0	0	0	0	0	0	0	0	0	0	0	0	0	0	0	0	0	0	0	1	0	0	0	0	0	0	0	0	0	0	0	0	0	0	0	0	0	0	0	0	0	0	g__Bacillus_paralicheniformis_CEW	s__1W_GCA_030123025.1	Bacillus_paralicheniformis_CEW 1W_GCA_030123025.1
OTU_873	0	1	0	0	0	0	0	0	0	0	1	1	0	0	0	0	0	0	1	0	0	0	0	0	0	0	0	0	0	0	0	0	0	0	0	0	0	0	1	0	0	0	g__Bacillus_sp._DX1.1_GCA_030348225.1	s__	Bacillus_sp._DX1.1_GCA_030348225.1
OTU_874	0	0	0	0	0	0	0	0	0	0	0	0	0	0	0	1	0	0	0	0	0	0	0	0	0	0	0	0	0	0	0	0	0	0	0	0	0	0	0	0	0	0	g__Bacillus_licheniformis_D9_B_45_GCA_030348625.1	s__	Bacillus_licheniformis_D9_B_45_GCA_030348625.1
OTU_875	0	0	0	0	0	0	0	0	0	0	0	0	0	0	0	0	0	1	0	0	0	0	0	0	0	0	0	0	0	0	0	0	0	0	0	0	0	0	0	0	0	0	g__Bacillus_pseudomycoides_SIN1.1_GCA_031324125.1	s__	Bacillus_pseudomycoides_SIN1.1_GCA_031324125.1
OTU_876	0	0	0	0	0	0	0	1	0	0	0	1	0	0	0	0	0	0	0	0	0	1	0	0	0	0	0	0	0	0	0	0	1	0	1	0	0	0	0	0	0	0	g__Bacillus_toyonensis_Puebla_S2_GCA_030167055.1	s__	Bacillus_toyonensis_Puebla_S2_GCA_030167055.1
OTU_877	0	0	0	0	0	0	0	0	0	0	0	1	0	0	0	0	0	0	0	0	0	0	0	0	0	0	0	0	0	0	0	0	0	0	0	0	0	0	0	0	0	0	g__Paenibacillus_sp.	s__11B_GCF-030487755.1	Paenibacillus_sp. 11B_GCF-030487755.1
OTU_878	0	0	0	0	0	0	0	0	0	0	0	0	0	0	0	0	0	1	0	0	0	0	0	0	0	0	0	0	0	0	0	0	0	0	0	0	0	0	0	0	0	0	g__Lysinibacillus_pakistanensis_LY92_GCA_030123265.1	s__	Lysinibacillus_pakistanensis_LY92_GCA_030123265.1
OTU_879	0	0	0	0	0	0	0	0	0	0	0	0	0	0	0	0	0	0	0	0	1	0	0	0	0	0	0	0	0	0	0	0	0	0	0	0	0	0	0	0	0	0	g__Bacillus_sonorensis_YX13_GCA_031324045.1	s__	Bacillus_sonorensis_YX13_GCA_031324045.1
OTU_880	0	0	0	0	0	0	0	0	0	0	0	0	1	0	0	0	0	0	0	0	0	0	0	0	0	0	0	0	1	0	0	0	0	0	0	0	0	0	0	0	0	0	g__Bacillus_mycoides_SIN2.2_GCA_030292205.1	s__	Bacillus_mycoides_SIN2.2_GCA_030292205.1
OTU_881	0	0	0	0	0	0	0	0	0	0	0	0	0	0	0	0	0	0	0	0	0	0	0	0	0	0	0	0	0	0	1	0	0	0	0	0	0	0	0	0	0	0	g__Paenibacillus_sp.	s__11B_GCF-030487755.1	Paenibacillus_sp. 11B_GCF-030487755.1
OTU_882	0	0	0	0	0	0	0	0	0	0	0	0	0	0	0	0	0	0	0	0	0	0	0	0	0	0	0	0	0	0	0	0	1	0	0	0	0	0	0	0	0	0	g__Bacillus_anthracis_Mn106-1	s__head2	Bacillus_anthracis_Mn106-1 head2 chi_GCA_030166975.1
OTU_883	0	0	0	1	0	0	0	0	0	0	0	0	0	0	0	0	0	0	0	0	0	0	0	0	0	0	0	0	0	0	0	0	0	0	0	0	0	0	0	0	0	0	g__Bacillus_paralicheniformis_CEW	s__1W_GCA_030123025.1	Bacillus_paralicheniformis_CEW 1W_GCA_030123025.1
OTU_884	0	0	0	0	0	0	0	0	0	0	0	0	0	1	0	0	0	0	0	1	0	0	0	0	0	0	0	0	0	0	0	0	0	0	0	0	0	0	0	0	0	0	g__Paenibacillus_silvae_LY60_GCF_030348445.1	s__	Paenibacillus_silvae_LY60_GCF_030348445.1
OTU_885	0	0	0	0	0	0	0	0	0	0	0	0	0	0	0	0	0	0	0	0	0	0	0	0	0	1	0	0	0	0	0	0	0	0	0	0	0	0	0	0	0	0	g__Paenibacillus_sp.	s__11B_GCF-030487755.1	Paenibacillus_sp. 11B_GCF-030487755.1
OTU_886	0	0	0	0	0	0	0	0	0	0	0	0	0	0	0	0	0	0	0	0	0	0	0	0	0	0	0	0	0	0	0	1	0	0	0	0	0	0	0	0	0	0	g__Bacillus_anthracis_Mn106-1	s__head2	Bacillus_anthracis_Mn106-1 head2 chi_GCA_030166975.1
OTU_888	1	0	0	0	0	0	0	0	0	0	0	0	0	0	0	0	0	0	0	0	0	0	0	0	0	0	0	0	0	0	0	0	0	0	0	0	0	0	0	0	0	0	g__Bacillus_sonorensis_YX13_GCA_031324045.1	s__	Bacillus_sonorensis_YX13_GCA_031324045.1
OTU_889	0	0	0	0	0	0	0	0	0	0	0	0	0	0	0	0	0	0	0	1	0	1	0	0	0	0	0	0	0	0	0	0	0	0	0	0	0	0	0	0	0	0	g__Bacillus_velezensis_MB7_B13_GCA_030348465.1	s__	Bacillus_velezensis_MB7_B13_GCA_030348465.1
OTU_890	0	0	0	0	0	1	0	0	0	0	0	0	0	0	0	0	0	0	0	0	0	0	0	0	0	0	0	0	0	0	0	0	0	0	0	0	0	0	0	0	0	0	g__Paenibacillus_sp.	s__11B_GCF-030487755.1	Paenibacillus_sp. 11B_GCF-030487755.1
OTU_891	0	0	0	0	0	0	0	0	0	0	0	0	0	1	0	0	0	0	0	0	0	0	0	0	0	0	0	0	0	0	0	0	0	0	0	0	0	0	0	0	0	0	g__Mesobacillus_sp.	s__AQ2_GCA_030122805.1	Mesobacillus_sp. AQ2_GCA_030122805.1
OTU_892	0	0	0	0	0	0	0	0	0	0	0	0	0	0	1	0	0	0	0	0	0	0	0	0	0	0	0	0	0	0	0	0	0	0	0	0	0	0	0	0	0	0	g__Bacillus_paralicheniformis_CEW	s__1W_GCA_030123025.1	Bacillus_paralicheniformis_CEW 1W_GCA_030123025.1
OTU_893	0	0	0	0	0	0	0	0	0	0	0	0	0	0	0	1	0	0	0	0	0	0	0	0	0	0	0	0	0	0	0	0	0	0	0	0	0	0	0	0	0	0	g__Bacillus_sonorensis_YX13_GCA_031324045.1	s__	Bacillus_sonorensis_YX13_GCA_031324045.1
OTU_894	0	0	0	0	0	0	0	0	0	0	0	0	0	0	0	0	1	0	0	0	0	0	0	0	0	0	0	0	0	0	0	0	0	0	0	0	0	0	0	0	0	0	g__Bacillus_paralicheniformis_CEW	s__1W_GCA_030123025.1	Bacillus_paralicheniformis_CEW 1W_GCA_030123025.1
OTU_895	0	0	0	0	0	0	0	0	0	0	0	0	0	0	0	0	0	0	0	0	0	0	0	0	0	0	0	0	0	0	0	0	0	0	0	0	0	0	0	0	0	1	g__Bacillus_paralicheniformis_CEW	s__1W_GCA_030123025.1	Bacillus_paralicheniformis_CEW 1W_GCA_030123025.1
OTU_896	0	0	0	0	1	0	0	0	0	0	0	0	0	0	0	0	0	0	0	0	0	0	0	0	0	0	0	0	0	0	0	0	0	0	0	0	0	0	0	0	0	0	g__Bacillus_paralicheniformis_CEW	s__1W_GCA_030123025.1	Bacillus_paralicheniformis_CEW 1W_GCA_030123025.1
OTU_897	0	0	0	0	0	0	0	0	0	0	0	0	0	1	0	0	0	0	0	0	0	0	0	0	0	0	0	0	0	0	0	0	0	0	0	0	0	0	0	0	0	0	g__Bacillus_paralicheniformis_CEW	s__1W_GCA_030123025.1	Bacillus_paralicheniformis_CEW 1W_GCA_030123025.1
OTU_898	0	0	0	0	0	0	0	0	0	0	0	0	0	0	1	0	0	0	0	0	0	0	0	0	0	0	0	0	0	0	0	0	0	0	0	0	0	0	0	0	0	0	g__Bacillus_paralicheniformis_CEW	s__1W_GCA_030123025.1	Bacillus_paralicheniformis_CEW 1W_GCA_030123025.1
OTU_899	0	0	0	0	0	0	0	0	0	0	0	0	0	0	0	0	1	0	0	0	0	0	0	0	0	0	0	0	0	0	0	0	0	0	0	0	0	0	0	0	0	0	g__Paenibacillus_sp.	s__11B_GCF-030487755.1	Paenibacillus_sp. 11B_GCF-030487755.1
OTU_900	0	0	0	0	0	0	0	0	0	0	0	0	0	0	0	0	1	0	0	0	0	0	0	0	0	0	0	0	0	0	0	0	0	0	0	0	0	0	0	0	0	0	g__Bacillus_paralicheniformis_CEW	s__1W_GCA_030123025.1	Bacillus_paralicheniformis_CEW 1W_GCA_030123025.1
OTU_901	0	0	0	0	0	0	0	0	0	0	0	0	0	1	0	0	0	0	1	0	0	0	0	0	0	0	0	0	0	0	0	0	0	0	0	0	0	0	0	0	0	0	g__Bacillus_paralicheniformis_CEW	s__1W_GCA_030123025.1	Bacillus_paralicheniformis_CEW 1W_GCA_030123025.1
OTU_901	0	0	0	0	0	0	0	0	0	0	0	0	0	1	0	0	0	0	1	0	0	0	0	0	0	0	0	0	0	0	0	0	0	0	0	0	0	0	0	0	0	0	g__Bacillus_paralicheniformis_CEW	s__1W_GCA_030123025.1	Bacillus_paralicheniformis_CEW 1W_GCA_030123025.1
OTU_902	0	0	0	0	0	0	0	0	0	0	0	0	0	0	0	0	0	0	0	0	0	1	0	0	0	0	0	0	0	0	0	0	0	0	0	0	0	0	0	0	0	0	g__Bacillus_paralicheniformis_CEW	s__1W_GCA_030123025.1	Bacillus_paralicheniformis_CEW 1W_GCA_030123025.1
OTU_903	0	0	0	0	0	0	0	0	0	0	0	0	0	0	0	0	0	0	0	0	0	0	0	0	0	0	0	0	0	0	0	0	0	0	0	1	0	0	0	0	0	0	g__Paenibacillus_sp.	s__11B_GCF-030487755.1	Paenibacillus_sp. 11B_GCF-030487755.1
OTU_904	0	0	0	0	0	0	0	2	0	1	0	0	0	1	2	1	1	0	0	0	1	0	0	0	0	0	0	0	0	0	0	0	0	0	0	0	0	0	2	1	1	0	g__Paenibacillus_sp.	s__11B_GCF-030487755.1	Paenibacillus_sp. 11B_GCF-030487755.1
OTU_905	0	0	0	0	0	0	0	1	0	0	0	0	0	0	0	0	0	0	0	0	0	0	0	0	0	0	0	0	0	0	0	0	0	0	0	0	0	0	0	0	0	0	g__Bacillus_paralicheniformis_CEW	s__1W_GCA_030123025.1	Bacillus_paralicheniformis_CEW 1W_GCA_030123025.1
OTU_906	0	0	0	0	0	0	0	0	0	0	0	0	0	0	0	0	1	0	0	0	0	0	0	0	0	0	0	0	0	0	0	0	0	0	0	0	0	0	0	0	0	0	g__Paenibacillus_silvae_LY60_GCF_030348445.1	s__	Paenibacillus_silvae_LY60_GCF_030348445.1
OTU_907	0	0	0	0	0	0	0	0	0	0	0	0	0	0	0	0	0	1	0	0	0	0	0	0	0	0	0	0	0	0	0	0	0	0	0	0	0	1	0	0	0	0	g__Paenibacillus_silvae_LY60_GCF_030348445.1	s__	Paenibacillus_silvae_LY60_GCF_030348445.1
OTU_908	0	0	0	0	0	0	0	0	0	0	0	0	0	0	0	0	0	0	1	0	0	0	0	0	0	0	0	0	0	0	0	0	0	0	0	0	0	0	0	0	0	0	g__Bacillus_paralicheniformis_CEW	s__1W_GCA_030123025.1	Bacillus_paralicheniformis_CEW 1W_GCA_030123025.1
OTU_909	0	0	1	0	0	0	0	0	0	0	0	0	0	0	0	0	0	0	0	0	0	0	0	0	0	0	0	0	0	0	0	0	0	0	0	0	0	0	0	0	0	0	g__Bacillus_sonorensis_YX13_GCA_031324045.1	s__	Bacillus_sonorensis_YX13_GCA_031324045.1
OTU_910	0	0	0	0	0	1	1	0	0	0	0	0	0	1	1	1	0	3	2	3	1	0	0	0	1	0	0	0	0	0	0	0	0	0	0	1	0	0	1	0	0	1	g__Bacillus_anthracis_Mn106-1	s__head2	Bacillus_anthracis_Mn106-1 head2 chi_GCA_030166975.1
OTU_911	0	0	0	0	0	0	0	0	0	0	0	0	0	0	1	0	0	0	0	0	0	0	0	0	0	0	0	0	0	0	0	0	0	0	0	0	0	0	0	0	0	0	g__Bacillus_pseudomycoides_SIN1.1_GCA_031324125.1	s__	Bacillus_pseudomycoides_SIN1.1_GCA_031324125.1
OTU_912	0	0	0	0	0	0	0	0	0	0	0	0	0	0	1	0	0	0	0	0	0	0	0	0	0	0	0	0	0	0	0	0	0	0	0	0	0	0	0	0	0	0	g__Paenibacillus_silvae_LY60_GCF_030348445.1	s__	Paenibacillus_silvae_LY60_GCF_030348445.1
OTU_913	0	0	0	0	0	0	0	0	0	0	0	0	0	0	0	0	1	0	0	0	0	0	0	0	0	0	0	0	0	0	0	0	0	0	0	0	0	0	0	0	0	0	g__Bacillus_safensis_CEW-AP100_GCA_030122965.1	s__	Bacillus_safensis_CEW-AP100_GCA_030122965.1
OTU_914	0	0	0	0	0	0	0	0	0	0	0	0	0	0	0	0	0	0	1	0	0	0	0	0	0	0	0	0	0	0	0	0	0	0	0	0	0	0	0	0	0	0	g__Bacillus_hominis_SIN2.1_GCA_030348325.1	s__	Bacillus_hominis_SIN2.1_GCA_030348325.1
OTU_915	0	0	0	0	0	0	0	0	0	0	0	0	0	0	0	0	0	0	0	1	0	0	0	0	0	0	0	0	0	0	0	0	0	0	0	0	0	0	0	0	0	0	g__Bacillus_paralicheniformis_CEW	s__1W_GCA_030123025.1	Bacillus_paralicheniformis_CEW 1W_GCA_030123025.1
OTU_916	0	1	0	0	0	0	0	0	0	1	0	0	0	0	0	0	0	0	0	1	0	0	0	0	0	0	0	0	0	0	0	0	0	0	0	0	0	0	0	0	0	0	g__Bacillus_paralicheniformis_CEW	s__1W_GCA_030123025.1	Bacillus_paralicheniformis_CEW 1W_GCA_030123025.1
OTU_917	0	0	0	0	0	0	0	0	1	0	0	0	0	0	0	0	0	0	0	0	0	0	0	0	0	0	0	0	0	0	0	0	0	0	0	0	0	0	0	0	0	0	g__Bacillus_safensis_CEW-AP100_GCA_030122965.1	s__	Bacillus_safensis_CEW-AP100_GCA_030122965.1
OTU_918	1	0	0	0	1	0	0	0	0	0	0	1	0	0	1	0	0	0	0	1	0	0	1	0	0	0	0	0	0	0	0	0	0	0	1	0	0	0	0	0	0	0	g__Bacillus_arachidis_YX15_GCA_030285945.1	s__	Bacillus_arachidis_YX15_GCA_030285945.1
OTU_919	0	0	0	0	0	0	0	0	0	0	0	0	0	0	0	1	0	0	0	0	0	0	0	0	0	0	0	0	0	0	0	0	0	0	0	0	0	0	0	0	0	0	g__Paenibacillus_silvae_LY60_GCF_030348445.1	s__	Paenibacillus_silvae_LY60_GCF_030348445.1
OTU_920	0	0	0	0	0	0	0	0	0	0	0	0	0	0	0	0	0	0	1	0	0	0	0	0	0	0	0	0	0	0	0	0	0	0	0	0	0	0	0	0	0	0	g__Cytobacillus_firmus_LN5_GCA_030123225.1	s__	Cytobacillus_firmus_LN5_GCA_030123225.1
OTU_921	0	0	0	0	0	0	0	0	0	0	0	0	0	0	0	0	0	0	0	1	0	0	0	0	0	0	0	0	0	0	0	0	0	0	0	0	0	0	0	0	0	0	g__Mesobacillus_sp.	s__AQ2_GCA_030122805.1	Mesobacillus_sp. AQ2_GCA_030122805.1
OTU_922	0	0	0	0	0	0	0	0	0	0	0	0	0	0	0	0	0	0	0	1	0	0	0	0	0	0	0	0	0	0	0	0	0	0	0	0	0	0	0	0	0	0	g__Bacillus_paralicheniformis_CEW	s__1W_GCA_030123025.1	Bacillus_paralicheniformis_CEW 1W_GCA_030123025.1
OTU_923	0	0	0	0	0	0	0	0	0	0	0	0	0	0	0	0	0	0	0	0	1	0	0	0	0	0	0	0	0	0	0	0	0	0	0	0	0	0	0	0	0	0	g__Paenibacillus_sp.	s__11B_GCF-030487755.1	Paenibacillus_sp. 11B_GCF-030487755.1
OTU_924	0	0	0	0	0	0	0	0	0	0	0	1	0	0	0	0	0	0	0	0	0	0	0	0	0	0	0	0	0	0	0	0	0	0	1	0	0	0	0	0	0	0	g__Bacillus_hominis_SIN2.1_GCA_030348325.1	s__	Bacillus_hominis_SIN2.1_GCA_030348325.1
OTU_925	0	0	0	0	0	0	0	0	0	0	0	0	0	0	0	0	0	0	0	0	0	0	0	0	0	0	0	0	0	0	0	0	0	0	0	1	0	0	0	0	0	0	g__Bacillus_subtilis_G2S2_GCA_030123085.1	s__	Bacillus_subtilis_G2S2_GCA_030123085.1
OTU_926	1	0	0	0	0	0	0	0	0	0	0	0	0	0	0	0	0	0	0	0	0	0	0	0	0	0	0	0	0	0	0	0	0	0	0	0	0	0	0	0	0	0	g__Bacillus_paralicheniformis_CEW	s__1W_GCA_030123025.1	Bacillus_paralicheniformis_CEW 1W_GCA_030123025.1
OTU_927	0	0	0	0	0	0	0	0	1	0	0	0	0	0	0	0	0	0	0	0	0	0	0	0	0	0	0	0	0	0	0	0	0	0	0	0	0	0	0	0	0	0	g__Halobacillus_sp.	s__ACCC02827_GCA_030291935.1	Halobacillus_sp. ACCC02827_GCA_030291935.1
OTU_928	0	0	0	0	0	0	0	0	0	0	0	0	0	0	0	0	0	1	0	0	0	0	0	0	0	0	0	0	0	0	0	0	0	0	0	0	0	0	0	0	0	0	g__Bacillus_paralicheniformis_CEW	s__1W_GCA_030123025.1	Bacillus_paralicheniformis_CEW 1W_GCA_030123025.1
OTU_929	0	0	0	0	0	0	0	0	0	0	0	0	0	0	0	0	0	1	0	0	0	0	0	0	0	0	0	0	0	0	0	0	0	0	0	0	0	0	0	0	0	0	g__Bacillus_paralicheniformis_CEW	s__1W_GCA_030123025.1	Bacillus_paralicheniformis_CEW 1W_GCA_030123025.1
OTU_930	1	0	0	0	0	0	0	0	0	0	0	0	0	0	0	0	0	0	0	0	0	0	0	0	0	0	0	0	0	0	0	0	0	0	0	0	0	0	0	0	0	0	g__Bacillus_paralicheniformis_CEW	s__1W_GCA_030123025.1	Bacillus_paralicheniformis_CEW 1W_GCA_030123025.1
OTU_931	0	0	1	0	0	0	0	0	0	0	0	0	0	0	0	0	1	0	0	0	0	0	0	0	0	0	0	0	0	0	0	0	0	0	0	0	0	0	0	0	0	0	g__Paenibacillus_sp.	s__11B_GCF-030487755.1	Paenibacillus_sp. 11B_GCF-030487755.1
OTU_932	0	0	0	0	0	1	0	0	0	0	0	0	0	0	0	0	0	0	0	0	0	0	0	0	0	0	0	0	0	0	0	0	0	0	0	0	0	0	0	0	0	0	g__Bacillus_paralicheniformis_CEW	s__1W_GCA_030123025.1	Bacillus_paralicheniformis_CEW 1W_GCA_030123025.1
OTU_933	0	0	0	0	0	0	0	0	0	0	0	1	0	0	0	0	0	0	0	0	0	0	0	0	0	0	0	0	0	0	0	0	0	0	0	0	0	0	0	0	0	0	g__Bacillus_paralicheniformis_CEW	s__1W_GCA_030123025.1	Bacillus_paralicheniformis_CEW 1W_GCA_030123025.1
OTU_934	0	0	0	0	0	0	0	0	0	0	0	0	0	0	0	0	0	1	0	0	0	0	0	0	0	0	0	0	0	0	0	0	0	0	0	0	0	0	0	0	0	0	g__Paenibacillus_sp.	s__11B_GCF-030487755.1	Paenibacillus_sp. 11B_GCF-030487755.1
OTU_935	0	0	0	0	0	0	0	0	0	0	0	0	0	0	0	0	0	1	0	0	0	0	0	0	0	0	0	0	0	0	0	0	0	0	0	0	0	0	0	0	0	0	g__Paenibacillus_sp.	s__11B_GCF-030487755.1	Paenibacillus_sp. 11B_GCF-030487755.1
OTU_936	1	0	0	0	1	1	1	0	0	0	1	1	0	1	1	0	2	2	0	1	1	0	0	0	0	0	1	0	0	0	1	0	0	0	1	2	0	1	0	0	1	3	g__Paenibacillus_sp.	s__11B_GCF-030487755.1	Paenibacillus_sp. 11B_GCF-030487755.1
OTU_937	0	0	0	0	0	0	0	0	0	0	0	0	0	0	0	0	0	0	0	0	1	0	0	0	0	0	0	0	0	0	0	0	0	0	0	0	0	0	0	0	0	0	g__Bacillus_paralicheniformis_CEW	s__1W_GCA_030123025.1	Bacillus_paralicheniformis_CEW 1W_GCA_030123025.1
OTU_938	0	0	0	0	0	0	0	0	0	0	0	0	0	0	0	0	0	0	0	0	0	1	0	0	0	0	0	0	0	0	0	0	0	0	0	0	0	0	0	0	0	0	g__Paenibacillus_silvae_LY60_GCF_030348445.1	s__	Paenibacillus_silvae_LY60_GCF_030348445.1
OTU_939	0	0	0	0	0	0	0	0	0	0	0	0	0	1	0	0	0	0	0	0	0	0	0	0	0	0	0	0	0	0	0	0	0	0	0	0	0	0	0	0	0	0	g__Bacillus_paralicheniformis_CEW	s__1W_GCA_030123025.1	Bacillus_paralicheniformis_CEW 1W_GCA_030123025.1
OTU_940	0	0	0	0	0	0	0	0	0	0	0	0	0	0	0	1	0	0	0	0	0	0	0	0	0	0	0	0	0	0	0	0	0	0	1	0	0	0	0	0	0	0	g__Mesobacillus_sp.	s__AQ2_GCA_030122805.1	Mesobacillus_sp. AQ2_GCA_030122805.1
OTU_941	0	0	0	0	0	0	0	0	0	0	0	0	0	0	0	0	1	0	0	0	0	0	0	0	0	0	0	0	0	0	0	0	0	0	0	0	0	0	0	0	0	0	g__Bacillus_paralicheniformis_CEW	s__1W_GCA_030123025.1	Bacillus_paralicheniformis_CEW 1W_GCA_030123025.1
OTU_942	0	0	1	0	0	0	0	0	0	0	0	0	0	0	0	0	0	1	0	0	0	0	0	0	0	0	0	0	0	0	0	0	0	0	0	0	0	0	0	0	0	0	g__Paenibacillus_sp.	s__11B_GCF-030487755.1	Paenibacillus_sp. 11B_GCF-030487755.1
OTU_943	0	0	0	0	0	0	0	0	0	0	0	0	0	0	0	0	0	0	0	0	0	0	0	0	0	0	1	0	0	0	0	0	0	0	0	0	0	0	0	0	0	0	g__Paenibacillus_sp.	s__11B_GCF-030487755.1	Paenibacillus_sp. 11B_GCF-030487755.1
OTU_944	0	0	0	0	0	0	0	0	0	0	0	0	0	0	0	0	0	0	0	0	0	0	0	0	0	0	0	0	0	0	1	0	0	0	0	0	0	0	0	0	0	0	g__Lysinibacillus_pakistanensis_LY92_GCA_030123265.1	s__	Lysinibacillus_pakistanensis_LY92_GCA_030123265.1
OTU_945	0	0	0	0	0	0	0	0	0	0	0	0	0	0	0	0	0	0	0	0	0	0	0	0	0	0	0	0	0	0	0	0	0	0	1	0	0	0	0	0	0	0	g__Brevibacillus_parabrevis_GCA_031324325.1	s__	Brevibacillus_parabrevis_GCA_031324325.1
OTU_946	0	0	0	0	0	0	0	0	0	0	0	0	1	1	0	0	0	0	0	0	0	0	0	0	0	0	0	0	0	0	0	0	0	0	0	0	0	0	0	0	0	0	g__Paenibacillus_sp.	s__11B_GCF-030487755.1	Paenibacillus_sp. 11B_GCF-030487755.1
OTU_947	0	0	0	0	0	0	0	0	0	0	0	0	0	0	0	0	1	0	0	0	0	0	0	0	0	0	0	0	0	0	0	0	0	0	0	0	0	0	0	0	0	0	g__Bacillus_paralicheniformis_CEW	s__1W_GCA_030123025.1	Bacillus_paralicheniformis_CEW 1W_GCA_030123025.1
OTU_948	0	0	0	0	0	0	0	0	0	0	0	0	0	0	0	0	0	1	0	0	0	0	0	0	0	0	0	0	0	0	0	0	0	0	0	0	0	0	0	0	0	0	g__Paenibacillus_sp.	s__11B_GCF-030487755.1	Paenibacillus_sp. 11B_GCF-030487755.1
OTU_949	0	0	0	0	0	0	0	0	0	0	0	0	0	0	0	0	0	0	0	1	0	0	0	0	0	0	0	0	0	0	0	0	0	0	0	0	0	0	0	0	0	0	g__Paenibacillus_sp.	s__11B_GCF-030487755.1	Paenibacillus_sp. 11B_GCF-030487755.1
OTU_950	0	0	1	0	0	0	1	0	0	0	0	1	0	1	1	0	0	0	1	1	1	0	0	0	0	0	0	1	0	0	0	0	0	0	0	1	0	0	0	0	0	0	g__Bacillus_toyonensis_Puebla_S2_GCA_030167055.1	s__	Bacillus_toyonensis_Puebla_S2_GCA_030167055.1
OTU_951	0	0	0	0	0	0	0	0	0	1	0	0	0	0	0	0	0	0	0	0	0	0	0	0	0	0	0	0	0	0	0	0	0	0	0	0	0	0	0	0	0	0	g__Paenibacillus_sp.	s__11B_GCF-030487755.1	Paenibacillus_sp. 11B_GCF-030487755.1
OTU_952	0	0	0	0	0	0	0	0	0	0	0	0	0	0	1	0	0	0	0	0	0	0	0	0	0	0	0	0	0	0	0	0	0	0	0	0	0	0	0	0	0	0	g__Bacillus_sonorensis_YX13_GCA_031324045.1	s__	Bacillus_sonorensis_YX13_GCA_031324045.1
OTU_953	0	0	0	0	0	0	0	0	0	0	0	0	0	0	0	0	0	0	0	0	1	0	0	0	0	0	0	0	0	0	0	0	0	0	0	0	0	0	0	0	0	0	g__Paenibacillus_sp.	s__11B_GCF-030487755.1	Paenibacillus_sp. 11B_GCF-030487755.1
OTU_954	0	0	0	0	0	0	0	0	0	0	0	0	0	0	0	0	0	0	0	0	0	0	1	0	0	0	0	0	0	0	0	0	0	0	0	0	0	0	0	0	0	0	g__Paenibacillus_silvae_LY60_GCF_030348445.1	s__	Paenibacillus_silvae_LY60_GCF_030348445.1
OTU_955	0	1	0	0	1	0	1	0	2	0	0	0	0	1	2	0	1	3	0	3	0	0	1	0	1	0	0	1	0	0	0	0	1	0	0	0	1	0	0	1	0	0	g__Paenibacillus_silvae_LY60_GCF_030348445.1	s__	Paenibacillus_silvae_LY60_GCF_030348445.1
OTU_956	0	0	0	0	0	0	1	0	0	0	0	0	0	0	0	0	0	0	0	0	0	0	0	0	0	0	0	0	0	0	0	0	0	0	0	0	0	0	1	0	0	0	g__Paenibacillus_sp.	s__11B_GCF-030487755.1	Paenibacillus_sp. 11B_GCF-030487755.1
OTU_957	0	0	0	0	0	0	0	0	0	0	0	1	0	0	0	0	0	0	0	0	0	0	0	0	0	0	0	0	0	0	0	0	0	0	0	0	0	0	0	0	0	0	g__Bacillus_paralicheniformis_CEW	s__1W_GCA_030123025.1	Bacillus_paralicheniformis_CEW 1W_GCA_030123025.1
OTU_958	0	1	0	0	0	0	0	0	0	0	0	1	0	0	0	0	0	0	0	0	0	0	0	0	0	0	0	0	0	0	0	0	0	0	0	0	0	0	0	0	0	0	g__Bacillus_paralicheniformis_CEW	s__1W_GCA_030123025.1	Bacillus_paralicheniformis_CEW 1W_GCA_030123025.1
OTU_959	0	0	0	0	0	0	0	0	0	0	0	0	0	0	0	0	1	0	0	0	0	0	0	0	0	0	0	0	0	0	0	0	0	0	0	0	0	0	0	0	0	0	g__Paenibacillus_silvae_LY60_GCF_030348445.1	s__	Paenibacillus_silvae_LY60_GCF_030348445.1
OTU_960	0	0	0	0	0	0	0	0	0	0	0	0	0	0	0	0	0	1	0	0	0	0	0	0	0	0	0	0	0	0	0	0	0	0	0	0	0	0	0	0	0	0	g__Paenibacillus_sp.	s__11B_GCF-030487755.1	Paenibacillus_sp. 11B_GCF-030487755.1
OTU_961	0	0	0	0	0	0	0	0	0	0	0	0	0	0	0	0	0	0	1	0	0	0	0	0	0	0	0	0	0	0	0	0	0	0	0	0	0	0	0	0	0	0	g__Bacillus_sonorensis_YX13_GCA_031324045.1	s__	Bacillus_sonorensis_YX13_GCA_031324045.1
OTU_962	0	0	0	0	0	0	0	0	0	0	0	0	0	0	0	0	0	0	0	1	0	0	0	0	0	0	0	0	0	0	0	0	0	0	0	0	0	0	0	0	0	0	g__Paenibacillus_sp.	s__11B_GCF-030487755.1	Paenibacillus_sp. 11B_GCF-030487755.1
OTU_963	0	0	0	0	0	0	0	0	0	0	0	0	0	0	0	0	0	0	0	0	0	0	1	0	0	0	0	0	0	0	0	0	0	0	0	0	0	0	0	0	0	0	g__Lysinibacillus_pakistanensis_LY92_GCA_030123265.1	s__	Lysinibacillus_pakistanensis_LY92_GCA_030123265.1
OTU_964	0	0	0	0	0	0	0	0	0	0	0	0	0	0	0	0	0	0	0	0	0	0	0	0	1	0	0	0	0	0	0	0	0	0	0	0	0	0	0	0	0	0	g__Bacillus_paralicheniformis_CEW	s__1W_GCA_030123025.1	Bacillus_paralicheniformis_CEW 1W_GCA_030123025.1
OTU_965	0	0	0	0	0	0	1	0	0	0	0	0	0	0	0	0	0	0	0	0	0	0	0	0	0	0	0	0	0	0	0	0	0	0	0	0	0	0	0	0	0	0	g__Bacillus_sonorensis_YX13_GCA_031324045.1	s__	Bacillus_sonorensis_YX13_GCA_031324045.1
OTU_966	0	1	0	0	0	1	0	0	0	0	0	0	0	1	0	0	0	0	0	1	0	0	0	0	0	0	0	0	0	0	0	0	0	0	0	1	0	0	0	0	0	0	g__Paenibacillus_sp.	s__11B_GCF-030487755.1	Paenibacillus_sp. 11B_GCF-030487755.1
OTU_967	0	0	0	0	0	0	0	0	0	0	0	0	0	0	0	0	0	1	0	0	0	0	0	0	0	0	0	0	0	0	0	0	0	0	0	0	0	0	0	0	0	0	g__Paenibacillus_silvae_LY60_GCF_030348445.1	s__	Paenibacillus_silvae_LY60_GCF_030348445.1
OTU_968	0	0	0	0	0	0	0	0	0	0	0	0	0	0	0	0	0	1	0	0	0	0	0	0	0	0	0	0	0	0	0	0	0	0	0	0	0	0	0	0	0	0	g__Bacillus_sonorensis_YX13_GCA_031324045.1	s__	Bacillus_sonorensis_YX13_GCA_031324045.1
OTU_969	0	0	0	0	0	0	0	0	0	0	0	0	0	0	0	0	0	0	0	0	1	0	0	0	0	0	0	0	0	0	0	0	0	0	0	0	0	0	0	0	0	0	g__Bacillus_paralicheniformis_CEW	s__1W_GCA_030123025.1	Bacillus_paralicheniformis_CEW 1W_GCA_030123025.1
OTU_970	0	0	0	0	0	0	0	0	0	0	0	0	0	0	0	0	0	0	0	0	0	0	0	0	0	0	0	0	0	0	0	0	0	0	0	0	0	1	0	0	0	0	g__Lysinibacillus_pakistanensis_LY92_GCA_030123265.1	s__	Lysinibacillus_pakistanensis_LY92_GCA_030123265.1
OTU_971	0	0	0	0	0	0	0	0	0	0	0	0	0	0	0	0	0	0	0	0	0	0	0	0	0	0	0	0	0	0	0	0	0	0	0	0	0	0	0	1	0	0	g__Bacillus_paralicheniformis_CEW	s__1W_GCA_030123025.1	Bacillus_paralicheniformis_CEW 1W_GCA_030123025.1
OTU_972	0	0	0	0	0	0	0	0	0	0	0	1	0	0	0	0	0	0	0	0	0	0	0	0	0	0	0	0	0	0	0	0	0	0	0	0	0	0	0	0	0	0	g__Paenibacillus_sp.	s__11B_GCF-030487755.1	Paenibacillus_sp. 11B_GCF-030487755.1
OTU_973	0	0	0	0	0	0	0	0	0	0	0	0	0	1	0	0	0	0	0	0	0	0	0	0	0	0	0	0	0	0	0	0	0	0	0	0	0	0	0	0	0	0	g__Bacillus_anthracis_Mn106-1	s__head2	Bacillus_anthracis_Mn106-1 head2 chi_GCA_030166975.1
OTU_974	0	0	0	0	0	0	0	0	0	0	0	0	0	0	0	0	0	1	0	0	0	0	0	0	0	0	0	0	0	0	0	0	0	0	0	0	0	0	0	0	0	0	g__Bacillus_paralicheniformis_CEW	s__1W_GCA_030123025.1	Bacillus_paralicheniformis_CEW 1W_GCA_030123025.1
OTU_975	0	0	0	1	0	0	0	0	0	0	0	0	0	0	0	0	0	1	0	0	0	0	0	0	0	0	0	0	0	0	0	0	0	0	0	0	0	0	0	0	0	0	g__Bacillus_paralicheniformis_CEW	s__1W_GCA_030123025.1	Bacillus_paralicheniformis_CEW 1W_GCA_030123025.1
OTU_976	0	0	0	0	0	0	0	0	0	0	0	0	0	0	0	0	0	0	0	0	1	0	0	0	0	0	0	0	0	0	0	0	0	0	0	0	0	0	0	0	0	0	g__Paenibacillus_sp.	s__11B_GCF-030487755.1	Paenibacillus_sp. 11B_GCF-030487755.1
OTU_977	0	0	0	0	0	0	0	0	0	0	0	0	0	0	0	0	0	0	0	0	0	0	0	0	0	0	0	0	0	1	0	0	0	0	0	0	0	0	0	0	0	0	g__Bacillus_paralicheniformis_CEW	s__1W_GCA_030123025.1	Bacillus_paralicheniformis_CEW 1W_GCA_030123025.1
OTU_978	1	0	0	0	0	0	0	0	0	0	0	0	0	0	0	0	0	0	0	0	0	0	0	0	0	0	0	0	0	0	0	0	0	0	0	0	0	0	0	0	0	0	g__Cytobacillus_firmus_LN5_GCA_030123225.1	s__	Cytobacillus_firmus_LN5_GCA_030123225.1
OTU_979	0	0	0	0	1	0	0	0	0	0	0	0	0	0	0	0	0	0	0	0	0	0	0	0	0	0	0	0	0	0	0	0	0	0	0	0	0	0	0	0	0	0	g__Paenibacillus_silvae_LY60_GCF_030348445.1	s__	Paenibacillus_silvae_LY60_GCF_030348445.1
OTU_980	0	0	0	0	0	0	0	0	0	0	0	0	0	0	1	0	0	0	0	0	0	0	0	0	0	0	0	0	0	0	0	0	0	0	0	0	0	0	0	0	0	0	g__Bacillus_paralicheniformis_CEW	s__1W_GCA_030123025.1	Bacillus_paralicheniformis_CEW 1W_GCA_030123025.1
OTU_981	0	0	0	0	0	0	0	0	0	0	0	0	0	0	0	0	0	1	0	0	0	0	0	0	0	0	0	0	0	0	0	0	0	0	0	0	0	0	0	0	0	0	g__Lysinibacillus_pakistanensis_LY92_GCA_030123265.1	s__	Lysinibacillus_pakistanensis_LY92_GCA_030123265.1
OTU_982	0	0	0	0	0	0	0	0	0	0	0	0	0	0	0	0	0	0	1	0	0	0	0	0	0	0	0	0	0	0	0	0	0	0	0	0	0	0	0	0	0	0	g__Bacillus_paralicheniformis_CEW	s__1W_GCA_030123025.1	Bacillus_paralicheniformis_CEW 1W_GCA_030123025.1
OTU_983	0	0	0	0	0	0	0	0	0	0	0	0	0	0	0	0	0	0	0	1	0	0	0	0	0	0	0	0	0	0	0	0	0	0	0	0	0	0	0	0	0	0	g__Paenibacillus_sp.	s__11B_GCF-030487755.1	Paenibacillus_sp. 11B_GCF-030487755.1
OTU_984	0	0	0	0	0	0	0	0	0	0	0	0	0	0	0	0	0	0	0	0	0	0	0	0	0	0	0	0	0	0	0	0	1	0	0	0	0	0	0	0	0	0	g__Bacillus_paralicheniformis_CEW	s__1W_GCA_030123025.1	Bacillus_paralicheniformis_CEW 1W_GCA_030123025.1
OTU_985	1	0	0	0	0	0	0	0	0	0	0	0	0	0	0	0	0	0	0	0	0	0	0	0	0	0	0	0	0	0	0	0	0	0	0	0	0	1	0	0	0	0	g__Bacillus_paralicheniformis_CEW	s__1W_GCA_030123025.1	Bacillus_paralicheniformis_CEW 1W_GCA_030123025.1
OTU_986	0	0	0	0	0	0	0	0	0	0	0	0	0	0	0	0	0	0	0	0	0	0	0	0	0	0	0	0	0	0	0	0	0	0	0	0	0	0	0	0	1	0	g__Bacillus_paralicheniformis_CEW	s__1W_GCA_030123025.1	Bacillus_paralicheniformis_CEW 1W_GCA_030123025.1
OTU_987	0	0	0	0	0	0	0	0	0	0	0	1	0	0	0	0	0	0	0	0	0	0	0	0	0	0	0	0	0	0	0	0	0	0	0	0	0	0	0	0	0	0	g__Bacillus_paralicheniformis_CEW	s__1W_GCA_030123025.1	Bacillus_paralicheniformis_CEW 1W_GCA_030123025.1
OTU_988	0	0	0	0	0	0	0	0	0	0	0	1	0	0	0	0	0	0	0	0	0	0	0	0	0	0	0	0	0	0	0	0	0	0	0	0	0	0	0	0	0	0	g__Bacillus_paralicheniformis_CEW	s__1W_GCA_030123025.1	Bacillus_paralicheniformis_CEW 1W_GCA_030123025.1
OTU_989	0	0	0	0	0	0	0	0	0	0	0	1	0	0	0	0	0	0	0	0	0	0	0	0	0	0	0	0	0	0	0	0	0	0	0	0	0	0	0	0	0	0	g__Bacillus_paralicheniformis_CEW	s__1W_GCA_030123025.1	Bacillus_paralicheniformis_CEW 1W_GCA_030123025.1
OTU_990	0	0	0	0	0	0	0	0	0	0	0	0	0	0	0	0	0	0	0	0	0	0	0	0	0	0	0	0	0	0	0	0	0	0	0	0	0	0	0	1	0	0	g__Bacillus_paralicheniformis_CEW	s__1W_GCA_030123025.1	Bacillus_paralicheniformis_CEW 1W_GCA_030123025.1
OTU_991	1	0	0	0	0	0	0	0	0	0	0	0	0	0	0	0	0	0	0	0	0	0	0	0	0	0	0	0	0	0	0	0	0	0	0	0	0	0	0	0	0	0	g__Bacillus_paralicheniformis_CEW	s__1W_GCA_030123025.1	Bacillus_paralicheniformis_CEW 1W_GCA_030123025.1
OTU_992	1	1	0	1	1	0	0	0	0	0	0	0	0	0	0	1	1	1	1	0	0	0	0	0	0	0	0	1	0	1	0	0	1	0	1	1	0	1	0	0	0	0	g__Paenibacillus_sp.	s__11B_GCF-030487755.1	Paenibacillus_sp. 11B_GCF-030487755.1
OTU_993	0	0	0	1	0	0	0	0	0	0	0	0	0	0	0	0	0	0	0	0	0	0	0	0	0	0	0	0	0	0	0	0	0	0	0	0	0	0	0	0	0	0	g__Bacillus_sonorensis_YX13_GCA_031324045.1	s__	Bacillus_sonorensis_YX13_GCA_031324045.1
OTU_994	0	0	0	1	0	0	0	0	0	0	0	0	0	0	0	0	0	0	0	0	0	0	0	0	0	0	0	0	0	0	0	0	0	0	0	0	0	0	0	0	0	0	g__Paenibacillus_sp.	s__11B_GCF-030487755.1	Paenibacillus_sp. 11B_GCF-030487755.1
OTU_995	0	0	0	0	0	0	0	0	0	0	0	1	0	0	0	0	0	0	0	0	0	0	0	0	0	0	0	0	0	0	0	0	0	0	0	0	0	0	0	0	0	0	g__Bacillus_paralicheniformis_CEW	s__1W_GCA_030123025.1	Bacillus_paralicheniformis_CEW 1W_GCA_030123025.1
OTU_996	0	0	0	0	0	0	0	0	0	0	0	1	0	0	0	0	0	0	0	0	0	0	0	0	0	0	0	0	0	0	0	0	0	0	0	0	0	0	0	0	0	0	g__Bacillus_sonorensis_YX13_GCA_031324045.1	s__	Bacillus_sonorensis_YX13_GCA_031324045.1
OTU_997	0	0	0	0	0	0	0	0	0	0	0	0	0	0	1	0	0	0	0	0	0	0	0	0	0	0	0	0	0	0	0	0	0	0	0	0	0	0	0	0	0	0	g__Paenibacillus_silvae_LY60_GCF_030348445.1	s__	Paenibacillus_silvae_LY60_GCF_030348445.1
OTU_998	0	0	0	0	0	0	0	0	0	0	0	0	0	0	0	1	0	0	0	2	0	0	0	0	0	0	0	0	0	0	0	0	0	0	0	0	0	0	0	0	0	0	g__Bacillus_paralicheniformis_CEW	s__1W_GCA_030123025.1	Bacillus_paralicheniformis_CEW 1W_GCA_030123025.1
OTU_999	0	0	0	0	0	0	0	0	0	0	0	0	0	0	0	0	0	0	1	0	0	0	0	0	0	0	0	0	0	0	0	0	0	0	0	0	0	0	0	0	0	0	g__Bacillus_paralicheniformis_CEW	s__1W_GCA_030123025.1	Bacillus_paralicheniformis_CEW 1W_GCA_030123025.1
OTU_1000	0	0	0	0	0	0	0	0	0	0	0	0	0	0	0	0	0	0	0	0	0	0	0	0	0	0	0	0	0	0	1	0	0	0	0	0	0	0	0	0	0	0	g__Paenibacillus_sp.	s__11B_GCF-030487755.1	Paenibacillus_sp. 11B_GCF-030487755.1
OTU_1001	0	0	0	0	0	0	0	0	0	0	0	0	0	0	0	0	0	0	0	0	0	0	0	0	0	0	0	0	0	0	0	0	0	0	0	1	0	0	0	0	0	0	g__Bacillus_paralicheniformis_CEW	s__1W_GCA_030123025.1	Bacillus_paralicheniformis_CEW 1W_GCA_030123025.1
OTU_1002	0	0	0	0	0	0	0	0	0	0	0	0	0	0	0	0	0	0	0	0	0	0	0	0	0	0	0	0	0	0	0	0	0	0	0	0	0	0	0	0	1	0	g__Bacillus_safensis_CEW-AP100_GCA_030122965.1	s__	Bacillus_safensis_CEW-AP100_GCA_030122965.1
OTU_1003	1	0	0	0	0	0	0	0	0	0	0	0	0	0	0	0	0	0	0	0	0	0	0	0	0	0	0	0	0	0	0	0	0	0	0	0	0	0	0	0	0	0	g__Bacillus_toyonensis_Puebla_S2_GCA_030167055.1	s__	Bacillus_toyonensis_Puebla_S2_GCA_030167055.1
OTU_1004	0	0	0	1	0	0	0	0	0	0	0	0	0	0	0	0	0	0	0	0	0	0	0	0	0	0	0	0	0	0	0	0	0	0	0	0	0	0	0	0	0	0	g__Bacillus_anthracis_Mn106-1	s__head2	Bacillus_anthracis_Mn106-1 head2 chi_GCA_030166975.1
OTU_1005	0	0	0	0	1	0	0	0	0	0	0	0	0	0	0	0	0	0	0	0	0	0	0	0	0	0	0	0	0	0	0	0	0	0	0	0	0	0	0	0	0	0	g__Paenibacillus_sp.	s__11B_GCF-030487755.1	Paenibacillus_sp. 11B_GCF-030487755.1
OTU_1006	0	0	0	0	0	0	0	1	0	0	0	0	0	0	0	0	0	0	0	0	0	0	0	0	0	0	0	0	0	0	0	0	0	0	0	0	0	0	0	0	0	0	g__Bacillus_paralicheniformis_CEW	s__1W_GCA_030123025.1	Bacillus_paralicheniformis_CEW 1W_GCA_030123025.1
OTU_1007	0	0	0	0	0	0	0	0	0	0	0	0	0	0	1	0	0	0	0	0	0	0	0	0	0	0	0	0	0	0	0	0	0	0	0	0	0	0	0	0	0	0	g__Paenibacillus_silvae_LY60_GCF_030348445.1	s__	Paenibacillus_silvae_LY60_GCF_030348445.1
OTU_1008	0	0	0	0	0	0	0	0	0	0	0	0	0	0	0	0	0	0	0	0	1	0	0	0	0	0	0	0	0	0	0	0	0	0	0	0	0	0	0	0	0	0	g__Halobacillus_sp.	s__ACCC02827_GCA_030291935.1	Halobacillus_sp. ACCC02827_GCA_030291935.1
OTU_1009	0	0	0	0	0	0	0	0	0	1	0	0	0	0	0	0	0	0	0	0	0	0	0	0	0	0	0	0	0	0	0	0	0	0	0	0	0	0	0	0	0	0	g__Bacillus_toyonensis_G7S3_GCA_031324285.1	s__	Bacillus_toyonensis_G7S3_GCA_031324285.1
OTU_1010	0	0	0	0	0	0	1	0	0	0	0	1	0	0	0	0	0	0	0	0	0	0	0	0	1	0	0	0	0	0	0	0	0	0	1	0	0	0	0	0	0	0	g__Bacillus_paralicheniformis_CEW	s__1W_GCA_030123025.1	Bacillus_paralicheniformis_CEW 1W_GCA_030123025.1
OTU_1011	0	0	0	0	0	0	0	0	0	0	0	0	0	0	0	0	0	1	0	0	0	0	0	0	0	0	0	0	0	0	0	0	0	0	0	0	0	0	0	0	0	0	g__Bacillus_paralicheniformis_CEW	s__1W_GCA_030123025.1	Bacillus_paralicheniformis_CEW 1W_GCA_030123025.1
OTU_1012	0	0	0	0	0	0	0	0	0	0	0	0	0	0	0	0	0	1	0	0	0	0	0	0	0	0	0	0	0	0	0	0	0	0	0	0	0	0	0	0	0	0	g__Bacillus_paralicheniformis_CEW	s__1W_GCA_030123025.1	Bacillus_paralicheniformis_CEW 1W_GCA_030123025.1
OTU_1013	0	0	0	0	0	0	0	0	0	0	0	0	0	0	0	0	0	0	1	0	0	0	0	0	0	0	0	0	0	0	0	0	0	0	0	0	0	0	0	0	0	0	g__Bacillus_sonorensis_YX13_GCA_031324045.1	s__	Bacillus_sonorensis_YX13_GCA_031324045.1
OTU_1014	0	0	0	0	0	0	0	0	0	0	0	0	0	0	0	0	0	0	0	0	0	0	0	0	0	0	0	0	1	0	0	0	0	0	0	0	0	0	0	0	0	0	g__Paenibacillus_silvae_LY60_GCF_030348445.1	s__	Paenibacillus_silvae_LY60_GCF_030348445.1
OTU_1015	1	0	0	0	0	0	0	0	0	0	0	0	0	0	0	0	0	0	0	0	0	0	0	0	0	0	0	0	0	0	0	0	0	0	0	0	0	0	0	0	0	0	g__Bacillus_sonorensis_YX13_GCA_031324045.1	s__	Bacillus_sonorensis_YX13_GCA_031324045.1
OTU_1016	0	1	0	0	0	0	0	0	0	0	0	0	0	0	0	0	0	0	0	0	0	0	0	0	0	0	0	0	0	0	0	0	0	0	0	0	0	0	0	0	0	0	g__Paenibacillus_sp.	s__11B_GCF-030487755.1	Paenibacillus_sp. 11B_GCF-030487755.1
OTU_1017	0	0	0	1	0	0	0	0	0	0	0	0	0	0	0	0	1	0	0	0	0	0	0	0	0	0	0	0	0	0	1	0	0	0	0	0	0	0	0	0	0	0	g__Bacillus_safensis_CEW-AP100_GCA_030122965.1	s__	Bacillus_safensis_CEW-AP100_GCA_030122965.1
OTU_1018	0	0	0	0	0	0	0	0	0	0	0	1	0	0	0	0	0	0	0	0	0	0	0	0	0	0	0	0	0	0	0	0	0	0	0	0	0	0	0	0	0	0	g__Paenibacillus_sp.	s__11B_GCF-030487755.1	Paenibacillus_sp. 11B_GCF-030487755.1
OTU_1019	0	0	0	0	0	0	0	0	0	0	0	0	0	0	1	0	0	0	0	0	0	0	0	0	0	0	0	0	0	0	0	0	0	0	0	0	0	0	0	0	0	0	g__Bacillus_pumilus_B2_10_GCA_030122825.1	s__	Bacillus_pumilus_B2_10_GCA_030122825.1
OTU_1020	0	0	0	0	0	0	0	0	0	0	0	0	0	0	0	0	1	0	0	0	0	0	0	0	0	0	0	0	0	0	0	0	0	0	0	0	0	0	0	0	0	0	g__Bacillus_sonorensis_YX13_GCA_031324045.1	s__	Bacillus_sonorensis_YX13_GCA_031324045.1
OTU_1021	0	0	0	0	0	0	0	0	0	0	0	0	0	0	0	0	0	0	0	0	0	0	0	0	0	0	0	0	0	0	0	0	0	0	0	0	0	0	0	1	0	0	g__Bacillus_paralicheniformis_CEW	s__1W_GCA_030123025.1	Bacillus_paralicheniformis_CEW 1W_GCA_030123025.1
OTU_1022	0	0	0	0	0	0	0	0	0	0	0	0	0	0	0	0	0	0	0	1	0	0	0	0	0	0	0	0	0	0	0	0	0	0	0	0	0	0	0	0	0	0	g__Bacillus_hominis_SIN2.1_GCA_030348325.1	s__	Bacillus_hominis_SIN2.1_GCA_030348325.1
OTU_1023	0	0	0	0	0	0	0	0	0	0	0	0	0	0	0	0	0	0	1	0	0	0	0	0	0	0	0	1	0	0	0	0	0	0	0	0	0	0	0	0	0	0	g__Bacillus_paralicheniformis_CEW	s__1W_GCA_030123025.1	Bacillus_paralicheniformis_CEW 1W_GCA_030123025.1
OTU_1024	1	1	2	2	1	1	0	2	1	0	0	0	0	3	1	1	0	0	1	1	1	1	0	1	1	1	2	0	0	0	0	0	1	0	0	1	0	2	0	0	0	1	g__Bacillus_paralicheniformis_CEW	s__1W_GCA_030123025.1	Bacillus_paralicheniformis_CEW 1W_GCA_030123025.1
OTU_1025	1	0	0	0	0	0	0	0	0	0	0	0	0	0	0	0	0	0	0	0	0	0	0	0	0	0	0	0	0	0	0	0	0	0	0	0	0	0	0	0	0	0	g__Bacillus_toyonensis_Puebla_S2_GCA_030167055.1	s__	Bacillus_toyonensis_Puebla_S2_GCA_030167055.1
OTU_1026	0	0	1	0	0	0	0	0	0	0	0	0	0	0	0	0	0	0	0	0	0	0	0	0	0	0	0	0	0	0	0	0	0	0	0	0	0	0	0	0	0	0	g__Bacillus_paralicheniformis_CEW	s__1W_GCA_030123025.1	Bacillus_paralicheniformis_CEW 1W_GCA_030123025.1
OTU_1027	0	0	0	0	0	0	0	1	0	0	0	0	0	0	0	0	0	0	0	0	0	0	0	0	0	0	0	0	0	0	0	0	0	0	0	0	0	0	0	0	0	0	g__Paenibacillus_silvae_LY60_GCF_030348445.1	s__	Paenibacillus_silvae_LY60_GCF_030348445.1
OTU_1028	0	0	0	0	0	0	0	0	0	0	0	1	0	0	0	0	0	0	0	0	0	0	0	0	0	0	0	0	0	0	0	0	0	0	0	0	0	0	0	0	0	0	g__Bacillus_paralicheniformis_CEW	s__1W_GCA_030123025.1	Bacillus_paralicheniformis_CEW 1W_GCA_030123025.1
OTU_1029	1	0	0	0	0	0	1	0	0	0	0	0	0	1	0	0	1	0	0	1	1	0	0	0	0	0	2	0	0	0	0	0	0	0	0	0	0	0	0	0	0	0	g__Lysinibacillus_sp._G4S2_GCA_030348505.1	s__	Lysinibacillus_sp._G4S2_GCA_030348505.1
OTU_1030	0	0	0	0	0	0	0	0	0	0	0	0	0	0	0	0	0	1	0	0	0	0	0	0	0	0	0	0	0	0	0	0	0	0	0	0	0	0	0	0	0	0	g__Bacillus_sonorensis_YX13_GCA_031324045.1	s__	Bacillus_sonorensis_YX13_GCA_031324045.1
OTU_1031	0	0	0	0	0	0	0	0	0	0	0	0	0	1	0	0	0	1	0	0	1	0	0	0	0	0	0	0	0	0	0	0	0	0	1	0	0	0	1	1	0	0	g__Bacillus_halotolerans_KF17_GCA_030292055.1	s__	Bacillus_halotolerans_KF17_GCA_030292055.1
OTU_1032	0	0	0	0	0	0	0	0	0	0	0	0	0	0	0	0	0	0	1	0	0	0	0	0	0	0	0	0	0	0	0	0	0	0	0	0	0	0	0	0	0	0	g__Bacillus_paralicheniformis_CEW	s__1W_GCA_030123025.1	Bacillus_paralicheniformis_CEW 1W_GCA_030123025.1
OTU_1033	0	1	0	0	0	0	0	0	0	0	0	0	0	0	0	0	0	0	0	0	0	0	0	0	0	0	0	0	1	0	0	0	0	0	0	0	0	0	0	0	0	1	g__Paenibacillus_sp.	s__11B_GCF-030487755.1	Paenibacillus_sp. 11B_GCF-030487755.1
OTU_1034	2	0	0	0	1	0	0	0	0	0	0	0	0	0	0	0	0	1	0	0	0	0	0	0	0	0	0	0	0	0	0	0	0	0	0	0	0	0	0	0	0	0	g__Bacillus_paralicheniformis_CEW	s__1W_GCA_030123025.1	Bacillus_paralicheniformis_CEW 1W_GCA_030123025.1
OTU_1035	1	0	0	0	0	0	0	0	0	0	0	0	0	0	0	0	0	0	0	0	0	0	0	0	0	0	0	0	0	0	0	0	0	0	0	0	0	0	0	0	0	0	g__Paenibacillus_silvae_LY60_GCF_030348445.1	s__	Paenibacillus_silvae_LY60_GCF_030348445.1
OTU_1036	0	0	0	0	0	0	0	0	0	1	0	0	0	0	0	0	0	0	0	0	0	0	0	0	0	0	0	0	0	0	0	0	0	0	0	0	0	0	0	0	0	0	g__Bacillus_sonorensis_YX13_GCA_031324045.1	s__	Bacillus_sonorensis_YX13_GCA_031324045.1
OTU_1037	0	0	0	0	0	0	0	0	0	0	0	0	0	0	0	0	0	0	1	0	0	0	0	0	0	0	0	0	0	0	0	0	0	0	0	0	0	0	0	0	0	0	g__Bacillus_sonorensis_YX13_GCA_031324045.1	s__	Bacillus_sonorensis_YX13_GCA_031324045.1
OTU_1038	0	0	0	0	0	0	0	0	0	0	0	0	0	0	0	0	0	0	1	0	0	0	0	0	0	0	0	0	0	0	0	0	0	0	0	0	0	0	0	0	0	0	g__Bacillus_sonorensis_YX13_GCA_031324045.1	s__	Bacillus_sonorensis_YX13_GCA_031324045.1
OTU_1039	0	0	0	0	0	0	0	0	0	0	0	0	0	0	0	0	0	0	0	0	0	0	0	0	0	0	0	0	0	0	0	0	1	0	0	0	0	0	0	0	0	0	g__Paenibacillus_sp.	s__11B_GCF-030487755.1	Paenibacillus_sp. 11B_GCF-030487755.1
OTU_1040	0	0	0	0	0	0	0	0	0	0	0	1	0	0	0	0	0	0	0	0	0	0	0	0	0	0	0	0	0	0	0	0	0	0	0	0	0	0	0	0	0	0	g__Bacillus_sonorensis_YX13_GCA_031324045.1	s__	Bacillus_sonorensis_YX13_GCA_031324045.1
OTU_1041	0	0	0	0	0	0	0	0	0	0	0	1	0	0	0	0	0	0	0	0	0	0	0	0	0	0	0	0	0	0	0	0	0	0	0	0	0	0	0	0	0	0	g__Bacillus_paralicheniformis_CEW	s__1W_GCA_030123025.1	Bacillus_paralicheniformis_CEW 1W_GCA_030123025.1
OTU_1042	0	0	0	0	0	0	0	0	0	0	0	1	0	0	0	0	0	0	0	0	0	0	0	0	0	0	0	0	0	0	0	0	0	0	0	0	0	0	0	0	0	0	g__Lysinibacillus_sp._G4S2_GCA_030348505.1	s__	Lysinibacillus_sp._G4S2_GCA_030348505.1
OTU_1043	0	0	0	0	0	0	0	0	0	0	0	0	0	0	0	0	0	0	0	1	0	0	0	0	0	0	0	0	0	0	0	0	0	0	0	0	0	0	0	0	0	0	g__Bacillus_mycoides_SIN2.2_GCA_030292205.1	s__	Bacillus_mycoides_SIN2.2_GCA_030292205.1
OTU_1044	0	0	0	0	0	0	0	0	0	0	0	0	0	0	0	0	0	0	0	0	0	0	0	1	0	0	0	0	0	0	0	0	0	0	0	0	0	0	0	0	0	0	g__Bacillus_paralicheniformis_CEW	s__1W_GCA_030123025.1	Bacillus_paralicheniformis_CEW 1W_GCA_030123025.1
OTU_1045	0	0	0	0	0	0	0	0	0	0	0	0	0	1	0	0	0	0	0	0	0	0	0	0	0	0	0	0	0	0	0	0	0	0	0	0	0	0	0	0	0	0	g__Paenibacillus_sp.	s__11B_GCF-030487755.1	Paenibacillus_sp. 11B_GCF-030487755.1
OTU_1046	0	0	0	0	0	0	0	0	0	0	0	0	0	0	0	1	0	0	0	0	0	0	0	0	0	0	0	0	0	0	0	0	0	0	0	0	0	0	0	0	0	0	g__Bacillus_paralicheniformis_CEW	s__1W_GCA_030123025.1	Bacillus_paralicheniformis_CEW 1W_GCA_030123025.1
OTU_1047	0	0	0	0	1	0	0	0	0	0	0	0	0	0	0	0	0	0	0	0	0	0	0	0	0	0	0	0	0	0	0	0	0	0	0	0	0	0	0	0	0	0	g__Bacillus_paralicheniformis_CEW	s__1W_GCA_030123025.1	Bacillus_paralicheniformis_CEW 1W_GCA_030123025.1
OTU_1048	1	0	0	0	0	0	0	0	0	0	0	0	0	0	0	0	0	0	0	0	0	0	0	0	0	0	0	0	0	0	0	0	0	0	0	0	0	0	0	0	0	0	g__Bacillus_safensis_CEW-AP100_GCA_030122965.1	s__	Bacillus_safensis_CEW-AP100_GCA_030122965.1
OTU_1049	0	1	1	0	1	0	0	0	1	0	1	0	0	1	1	0	1	0	0	0	0	1	0	0	0	0	1	0	0	0	0	0	0	0	0	0	0	0	0	0	0	0	g__Paenibacillus_sp.	s__11B_GCF-030487755.1	Paenibacillus_sp. 11B_GCF-030487755.1
OTU_1050	0	0	0	0	0	0	0	0	0	0	0	0	0	0	0	0	1	0	0	0	0	0	0	0	0	0	0	0	0	0	0	0	0	0	0	0	0	0	0	0	0	0	g__Bacillus_pseudomycoides_SIN1.1_GCA_031324125.1	s__	Bacillus_pseudomycoides_SIN1.1_GCA_031324125.1
OTU_1052	0	0	0	0	0	0	0	0	0	0	0	0	0	0	0	0	0	0	1	0	0	0	0	0	0	0	0	0	0	0	0	0	0	0	0	0	0	0	0	0	0	0	g__Lysinibacillus_pakistanensis_LY92_GCA_030123265.1	s__	Lysinibacillus_pakistanensis_LY92_GCA_030123265.1
OTU_1053	0	0	0	0	0	0	0	0	0	0	0	0	0	0	0	0	0	0	0	0	0	0	0	0	0	0	0	0	0	0	0	1	0	0	0	0	0	0	0	0	0	0	g__Bacillus_toyonensis_Puebla_S2_GCA_030167055.1	s__	Bacillus_toyonensis_Puebla_S2_GCA_030167055.1
OTU_1054	1	0	0	0	0	0	0	0	0	0	0	0	0	0	0	0	0	0	0	0	0	0	0	0	0	0	0	0	0	0	0	0	1	0	0	0	0	0	0	0	0	0	g__Bacillus_paralicheniformis_CEW	s__1W_GCA_030123025.1	Bacillus_paralicheniformis_CEW 1W_GCA_030123025.1
OTU_1055	1	0	0	0	0	0	0	0	0	0	0	0	0	0	0	0	0	0	0	0	0	0	0	0	0	0	0	0	0	0	0	0	0	0	0	0	0	0	0	0	0	0	g__Paenibacillus_sp.	s__11B_GCF-030487755.1	Paenibacillus_sp. 11B_GCF-030487755.1
OTU_1056	0	0	0	0	0	0	0	0	0	0	0	1	0	0	0	0	0	0	0	0	0	0	0	0	0	0	0	0	0	0	0	0	0	0	0	0	0	0	0	0	0	0	g__Bacillus_safensis_CEW-AP100_GCA_030122965.1	s__	Bacillus_safensis_CEW-AP100_GCA_030122965.1
OTU_1057	0	0	0	0	0	0	0	0	0	0	0	0	0	0	0	1	0	0	0	0	0	0	0	0	0	0	0	0	0	0	0	0	0	0	0	0	0	0	0	0	0	0	g__Bacillus_sonorensis_YX13_GCA_031324045.1	s__	Bacillus_sonorensis_YX13_GCA_031324045.1
OTU_1058	0	0	0	0	0	0	0	0	0	0	0	0	0	0	0	0	0	0	0	1	0	0	0	0	0	0	0	0	0	0	0	0	0	0	0	0	0	0	0	0	0	0	g__Bacillus_paralicheniformis_CEW	s__1W_GCA_030123025.1	Bacillus_paralicheniformis_CEW 1W_GCA_030123025.1
OTU_1059	0	0	0	0	1	0	0	0	0	0	0	0	0	0	0	0	0	0	0	0	0	0	0	0	0	0	1	0	0	0	0	0	0	0	0	0	0	0	0	0	0	0	g__Bacillus_paralicheniformis_CEW	s__1W_GCA_030123025.1	Bacillus_paralicheniformis_CEW 1W_GCA_030123025.1
OTU_1060	0	1	0	0	0	0	0	0	0	0	0	0	0	0	0	0	0	0	0	0	0	0	0	0	0	0	0	0	0	0	0	0	0	0	0	0	0	0	0	0	0	0	g__Bacillus_altitudinis_G6S2_GCA_030123125.1	s__	Bacillus_altitudinis_G6S2_GCA_030123125.1
OTU_1061	0	0	0	0	0	0	0	0	0	0	0	0	0	0	0	0	0	0	0	0	0	0	0	0	0	1	0	0	0	0	0	0	0	0	0	0	0	0	0	0	0	0	g__Bacillus_sonorensis_YX13_GCA_031324045.1	s__	Bacillus_sonorensis_YX13_GCA_031324045.1
OTU_1062	0	0	0	0	0	0	0	0	0	0	0	0	0	0	0	0	0	0	0	0	0	0	0	0	0	0	0	0	0	0	0	0	0	0	0	0	0	0	0	1	0	0	g__Neobacillus_novalis_XLM17_GCA_030123445.1	s__	Neobacillus_novalis_XLM17_GCA_030123445.1
OTU_1063	1	0	0	0	0	0	0	0	0	0	0	0	0	0	0	0	0	0	0	0	0	0	0	0	0	0	0	0	0	0	0	0	0	0	0	0	0	0	0	0	0	0	g__Bacillus_safensis_CEW-AP100_GCA_030122965.1	s__	Bacillus_safensis_CEW-AP100_GCA_030122965.1
OTU_1064	0	0	0	0	0	0	0	0	0	0	0	1	0	0	0	0	0	0	0	0	0	0	0	0	0	0	0	0	0	0	0	0	0	0	0	0	0	0	0	0	0	0	g__Bacillus_altitudinis_G6S2_GCA_030123125.1	s__	Bacillus_altitudinis_G6S2_GCA_030123125.1
OTU_1065	0	0	0	0	0	0	0	0	0	0	0	0	0	1	0	0	0	0	0	0	0	0	0	0	0	0	0	0	0	0	0	0	0	0	0	0	0	0	0	0	0	0	g__Bacillus_anthracis_Mn106-1	s__head2	Bacillus_anthracis_Mn106-1 head2 chi_GCA_030166975.1
OTU_1066	0	0	0	0	0	0	0	0	0	0	0	0	0	0	0	0	1	0	0	0	0	0	0	0	0	0	0	0	0	0	0	0	0	0	0	0	0	0	0	0	0	0	g__Bacillus_sonorensis_YX13_GCA_031324045.1	s__	Bacillus_sonorensis_YX13_GCA_031324045.1
OTU_1068	0	0	0	0	0	0	0	0	0	0	0	0	0	0	0	0	0	0	0	0	0	0	0	0	0	0	0	0	0	0	0	0	0	0	0	0	0	0	0	1	0	0	g__Neobacillus_novalis_XLM17_GCA_030123445.1	s__	Neobacillus_novalis_XLM17_GCA_030123445.1
OTU_1069	0	1	0	0	0	0	0	0	0	0	0	0	0	0	0	0	0	0	0	0	0	0	0	0	0	0	0	0	0	0	0	0	0	0	0	0	0	0	0	0	0	0	g__Paenibacillus_sp.	s__11B_GCF-030487755.1	Paenibacillus_sp. 11B_GCF-030487755.1
OTU_1071	0	0	0	0	0	0	0	0	0	0	0	0	0	0	0	0	0	0	0	0	0	0	0	0	0	0	1	0	0	0	0	0	0	0	0	0	0	0	0	0	0	0	g__Bacillus_sonorensis_YX13_GCA_031324045.1	s__	Bacillus_sonorensis_YX13_GCA_031324045.1
OTU_1072	0	0	0	0	0	0	0	0	0	0	0	0	0	0	0	0	0	0	0	0	0	0	0	0	0	0	1	0	0	0	0	0	0	0	0	0	0	0	0	0	0	0	g__Rossellomorea_marisflavi_LC18_GCA_031324195.1	s__	Rossellomorea_marisflavi_LC18_GCA_031324195.1
OTU_1073	0	0	0	0	0	0	0	0	0	0	0	0	0	0	0	0	0	0	0	0	0	0	0	0	0	0	0	0	0	0	0	0	1	0	0	0	0	0	0	0	0	0	g__Paenibacillus_silvae_LY60_GCF_030348445.1	s__	Paenibacillus_silvae_LY60_GCF_030348445.1
OTU_1074	0	0	0	0	0	0	0	0	0	0	0	0	0	0	0	0	0	0	0	0	0	0	0	0	0	0	0	0	0	0	0	0	0	0	0	0	1	0	0	0	0	0	g__Bacillus_pseudomycoides_SIN1.1_GCA_031324125.1	s__	Bacillus_pseudomycoides_SIN1.1_GCA_031324125.1
OTU_1075	0	0	0	0	0	0	0	0	0	0	0	0	0	0	0	0	0	0	0	0	0	0	0	0	0	0	0	0	0	0	0	0	0	0	0	0	0	1	0	0	0	0	g__Bacillus_cereus_YX23_GCA_030348245.1	s__	Bacillus_cereus_YX23_GCA_030348245.1
OTU_1076	1	0	0	0	0	0	0	0	0	0	0	0	0	0	0	0	0	0	0	0	0	0	0	0	0	0	0	0	0	0	0	0	0	0	0	0	0	0	0	0	0	0	g__Bacillus_altitudinis_G6S2_GCA_030123125.1	s__	Bacillus_altitudinis_G6S2_GCA_030123125.1
OTU_1077	0	0	0	0	0	0	0	0	0	0	0	0	0	1	0	0	0	0	0	0	0	0	0	0	0	0	0	0	0	0	0	0	0	0	0	0	0	0	0	0	0	0	g__Neobacillus_novalis_XLM17_GCA_030123445.1	s__	Neobacillus_novalis_XLM17_GCA_030123445.1
OTU_1078	0	0	0	0	0	0	0	0	0	0	0	0	0	1	0	0	0	0	0	0	0	0	0	0	0	0	0	0	0	0	0	0	0	0	0	0	0	0	0	0	0	0	g__Bacillus_safensis_CEW-AP100_GCA_030122965.1	s__	Bacillus_safensis_CEW-AP100_GCA_030122965.1
OTU_1079	0	0	0	0	0	0	0	0	0	0	0	0	0	0	1	0	0	0	0	0	0	0	0	0	0	0	0	0	0	0	0	0	0	0	0	0	0	0	0	0	0	0	g__Paenibacillus_silvae_LY60_GCF_030348445.1	s__	Paenibacillus_silvae_LY60_GCF_030348445.1
OTU_1080	0	0	0	0	0	0	0	0	0	1	0	1	0	0	1	0	0	0	0	1	0	0	0	0	1	0	0	0	0	0	0	0	0	0	0	0	0	0	0	0	0	0	g__Bacillus_sonorensis_YX13_GCA_031324045.1	s__	Bacillus_sonorensis_YX13_GCA_031324045.1
OTU_1081	0	0	0	0	0	0	0	0	0	0	0	0	0	0	0	0	0	0	0	0	1	0	0	0	0	0	0	0	0	0	0	0	0	0	0	0	0	0	0	0	0	0	g__Bacillus_sonorensis_YX13_GCA_031324045.1	s__	Bacillus_sonorensis_YX13_GCA_031324045.1
OTU_1082	0	0	0	0	0	0	0	0	0	0	0	0	0	0	0	0	0	0	0	0	0	0	0	0	0	0	0	0	0	0	0	0	0	0	0	0	0	0	1	0	0	0	g__Bacillus_hominis_SIN2.1_GCA_030348325.1	s__	Bacillus_hominis_SIN2.1_GCA_030348325.1
OTU_1083	0	0	0	0	0	0	0	0	0	0	0	0	0	0	0	0	0	0	0	0	0	0	0	0	0	0	0	0	0	0	0	0	0	0	0	0	0	0	0	0	1	0	g__Bacillus_altitudinis_G6S2_GCA_030123125.1	s__	Bacillus_altitudinis_G6S2_GCA_030123125.1
OTU_1084	0	1	0	0	0	0	0	0	0	0	0	0	0	0	0	0	0	0	0	0	0	0	0	0	0	0	0	0	0	0	0	0	0	0	0	0	0	0	0	0	0	0	g__Bacillus_safensis_CEW-AP100_GCA_030122965.1	s__	Bacillus_safensis_CEW-AP100_GCA_030122965.1
OTU_1085	0	0	0	0	0	1	0	0	0	0	0	0	0	0	0	0	0	0	0	0	0	0	0	0	0	0	0	0	0	0	0	0	0	0	0	0	0	0	0	0	0	0	g__Bacillus_paralicheniformis_CEW	s__1W_GCA_030123025.1	Bacillus_paralicheniformis_CEW 1W_GCA_030123025.1
OTU_1086	1	0	1	0	0	0	0	0	0	1	0	1	0	0	0	0	0	1	1	0	0	0	0	0	0	0	1	0	0	0	0	0	0	0	0	0	0	0	0	0	1	0	g__Bacillus_altitudinis_G6S2_GCA_030123125.1	s__	Bacillus_altitudinis_G6S2_GCA_030123125.1
OTU_1087	0	0	0	0	0	0	0	0	0	0	0	0	0	0	0	0	0	0	0	0	1	1	0	0	0	0	0	0	0	0	0	0	0	0	0	0	0	1	0	0	0	0	g__Bacillus_paralicheniformis_CEW	s__1W_GCA_030123025.1	Bacillus_paralicheniformis_CEW 1W_GCA_030123025.1
OTU_1088	0	0	0	0	0	0	0	0	0	0	0	1	0	0	0	0	0	0	1	0	0	0	0	0	0	0	0	0	0	0	0	0	0	0	0	0	0	1	0	0	0	0	g__Paenibacillus_sp.	s__11B_GCF-030487755.1	Paenibacillus_sp. 11B_GCF-030487755.1
OTU_1089	0	0	0	0	0	0	0	0	0	0	0	0	0	0	0	0	0	0	0	0	0	0	0	0	0	0	0	0	0	0	0	0	0	0	0	0	0	0	0	0	0	1	g__Paenibacillus_sp.	s__11B_GCF-030487755.1	Paenibacillus_sp. 11B_GCF-030487755.1
OTU_1090	1	0	0	0	0	0	0	0	0	0	0	0	0	0	0	0	0	0	0	0	0	0	0	0	0	0	0	0	0	0	0	0	0	0	0	0	0	0	0	0	0	0	g__Paenibacillus_sp.	s__11B_GCF-030487755.1	Paenibacillus_sp. 11B_GCF-030487755.1
OTU_1091	0	0	0	0	0	0	0	0	0	0	0	0	0	1	0	0	0	0	0	0	0	1	0	0	0	0	0	0	0	0	0	0	0	0	0	0	0	0	0	0	0	0	g__Bacillus_altitudinis_G6S2_GCA_030123125.1	s__	Bacillus_altitudinis_G6S2_GCA_030123125.1
OTU_1092	0	0	0	0	0	0	0	0	0	0	0	0	0	0	2	0	0	0	0	1	0	0	0	0	0	1	0	0	0	0	0	0	0	0	0	0	1	0	0	0	0	0	g__Bacillus_altitudinis_G6S2_GCA_030123125.1	s__	Bacillus_altitudinis_G6S2_GCA_030123125.1
OTU_1093	0	0	0	0	0	0	0	0	0	0	0	0	0	0	0	0	0	0	0	0	1	0	0	0	0	0	0	0	0	0	0	0	0	0	0	0	0	0	0	1	0	0	g__Bacillus_velezensis_NJ26_GCA_030123305.1	s__	Bacillus_velezensis_NJ26_GCA_030123305.1
OTU_1094	0	0	0	0	0	0	0	0	0	0	0	0	0	0	0	0	0	0	0	0	0	0	0	0	0	0	0	0	0	0	0	0	0	0	0	0	0	0	0	0	0	1	g__Bacillus_sonorensis_YX13_GCA_031324045.1	s__	Bacillus_sonorensis_YX13_GCA_031324045.1
OTU_1095	0	0	0	0	0	0	0	0	0	0	0	0	0	0	0	0	0	0	0	0	1	0	0	0	0	0	0	0	0	0	0	0	0	0	0	0	0	0	0	0	0	0	g__Paenibacillus_silvae_LY60_GCF_030348445.1	s__	Paenibacillus_silvae_LY60_GCF_030348445.1
OTU_1096	0	0	0	0	0	0	0	0	0	0	0	0	0	0	0	0	1	0	0	0	0	0	0	0	0	0	0	0	0	0	0	0	0	0	0	0	0	0	1	0	0	0	g__Bacillus_paralicheniformis_CEW	s__1W_GCA_030123025.1	Bacillus_paralicheniformis_CEW 1W_GCA_030123025.1
OTU_1097	0	0	0	0	0	0	0	0	0	0	0	0	0	0	0	0	0	0	0	0	0	0	0	0	0	0	0	0	0	0	0	0	0	0	0	0	0	0	0	1	0	0	g__Neobacillus_novalis_XLM17_GCA_030123445.1	s__	Neobacillus_novalis_XLM17_GCA_030123445.1
OTU_1098	0	0	0	0	0	0	0	0	0	0	0	0	0	0	0	0	0	1	0	0	0	0	0	0	0	0	0	0	0	0	0	0	0	0	0	0	0	0	0	0	0	0	g__Bacillus_sp._DX4.1_GCA_030348195.1	s__	Bacillus_sp._DX4.1_GCA_030348195.1
OTU_1099	0	0	0	0	0	0	0	0	0	0	0	0	0	0	0	0	0	0	0	0	1	0	0	0	0	0	0	0	0	0	0	0	0	0	0	0	0	0	0	0	0	0	g__Paenibacillus_sp.	s__11B_GCF-030487755.1	Paenibacillus_sp. 11B_GCF-030487755.1
OTU_1100	0	0	0	0	0	0	0	0	0	0	1	0	0	0	0	0	0	0	0	0	0	0	0	0	0	0	0	0	1	0	0	0	0	0	0	0	0	0	0	0	0	0	g__Paenibacillus_sp.	s__11B_GCF-030487755.1	Paenibacillus_sp. 11B_GCF-030487755.1
OTU_1101	0	0	0	0	0	0	0	0	0	0	0	0	0	0	0	0	0	0	0	0	0	0	0	0	0	0	0	0	0	0	1	0	0	0	0	0	0	0	0	0	0	0	g__Bacillus_velezensis_NJ26_GCA_030123305.1	s__	Bacillus_velezensis_NJ26_GCA_030123305.1
OTU_1102	0	0	0	0	0	0	0	0	0	0	0	0	1	0	0	0	0	0	0	0	0	0	0	0	0	0	0	0	0	0	0	0	0	0	1	0	0	0	0	0	0	0	g__Bacillus_safensis_CEW-AP100_GCA_030122965.1	s__	Bacillus_safensis_CEW-AP100_GCA_030122965.1
OTU_1103	1	0	0	0	0	0	0	0	0	0	0	0	0	0	0	0	0	0	0	0	0	0	0	0	0	0	0	0	0	0	0	0	0	0	0	0	0	0	0	0	0	0	g__Bacillus_paralicheniformis_CEW	s__1W_GCA_030123025.1	Bacillus_paralicheniformis_CEW 1W_GCA_030123025.1
OTU_1104	0	0	0	0	1	0	0	0	0	0	0	0	0	0	0	0	0	0	0	0	0	0	0	0	0	0	0	0	0	0	0	0	0	0	0	0	0	0	0	0	0	0	g__Bacillus_paralicheniformis_CEW	s__1W_GCA_030123025.1	Bacillus_paralicheniformis_CEW 1W_GCA_030123025.1
OTU_1105	0	0	0	0	0	0	0	0	0	0	0	0	0	0	0	0	1	0	0	0	0	0	0	0	0	0	0	0	0	0	0	0	0	0	0	0	0	0	0	0	0	0	g__Paenibacillus_sp.	s__11B_GCF-030487755.1	Paenibacillus_sp. 11B_GCF-030487755.1
OTU_1106	0	0	0	1	0	0	0	0	0	0	0	0	0	0	0	0	0	0	0	0	0	0	0	0	0	0	0	0	0	0	0	0	0	0	0	0	0	0	0	0	0	0	g__Paenibacillus_sp.	s__11B_GCF-030487755.1	Paenibacillus_sp. 11B_GCF-030487755.1
OTU_1107	0	0	0	0	0	0	0	0	0	0	0	1	0	0	0	0	0	0	0	0	0	0	0	0	0	0	0	0	0	0	0	0	0	0	0	0	0	0	0	0	0	0	g__Brevibacillus_parabrevis_GCA_031324325.1	s__	Brevibacillus_parabrevis_GCA_031324325.1
OTU_1108	0	0	0	0	0	0	0	0	0	0	0	1	0	0	0	0	0	0	0	0	0	0	0	0	0	0	0	0	0	0	0	0	0	0	0	0	0	0	0	0	0	0	g__Paenibacillus_silvae_LY60_GCF_030348445.1	s__	Paenibacillus_silvae_LY60_GCF_030348445.1
OTU_1109	0	0	0	0	0	0	0	0	0	0	0	0	0	0	0	0	0	0	0	0	0	0	0	0	0	0	0	0	0	0	0	0	0	0	1	0	0	0	0	0	0	0	g__Paenibacillus_silvae_LY60_GCF_030348445.1	s__	Paenibacillus_silvae_LY60_GCF_030348445.1
OTU_1110	0	1	0	0	0	0	0	0	0	0	0	0	0	0	0	0	0	0	0	0	0	0	0	0	0	0	0	0	0	0	0	0	0	0	0	0	0	0	0	0	0	0	g__Bacillus_mycoides_D8_B_46_GCA_030348665.1	s__	Bacillus_mycoides_D8_B_46_GCA_030348665.1
OTU_1111	0	0	0	0	0	0	0	0	0	0	0	0	0	0	0	0	0	0	0	1	0	0	0	0	0	0	0	0	0	0	0	0	0	0	0	0	0	0	0	0	0	0	g__Paenibacillus_sp.	s__11B_GCF-030487755.1	Paenibacillus_sp. 11B_GCF-030487755.1
OTU_1112	0	0	0	0	0	0	0	0	0	0	0	0	0	0	0	0	0	0	0	0	0	0	0	1	0	0	0	0	0	0	0	0	0	0	0	0	0	0	0	0	0	0	g__Paenibacillus_sp.	s__11B_GCF-030487755.1	Paenibacillus_sp. 11B_GCF-030487755.1
OTU_1114	0	0	0	0	0	0	0	0	0	0	0	0	0	0	0	0	0	0	0	0	0	0	0	0	0	0	0	0	0	0	0	0	1	0	0	0	0	0	0	0	0	0	g__Paenibacillus_sp.	s__11B_GCF-030487755.1	Paenibacillus_sp. 11B_GCF-030487755.1
OTU_1115	0	2	1	1	2	0	0	0	0	0	4	0	0	0	0	0	0	0	1	2	3	1	1	0	0	0	1	0	1	3	0	1	2	0	1	1	0	1	1	1	0	0	g__Paenibacillus_sp.	s__11B_GCF-030487755.1	Paenibacillus_sp. 11B_GCF-030487755.1
OTU_1116	2	0	2	0	2	0	1	0	1	0	0	0	0	0	1	0	1	0	0	1	0	0	0	0	0	0	0	0	1	1	0	0	0	0	2	1	0	1	0	0	0	0	g__Lysinibacillus_pakistanensis_LY92_GCA_030123265.1	s__	Lysinibacillus_pakistanensis_LY92_GCA_030123265.1
OTU_1117	1	0	0	0	1	0	0	0	1	0	1	1	0	2	0	1	1	1	1	1	1	0	0	0	0	0	0	0	0	0	0	0	0	0	0	0	0	0	1	0	0	1	g__Bacillus_arachidis_YX15_GCA_030285945.1	s__	Bacillus_arachidis_YX15_GCA_030285945.1
OTU_1118	0	0	0	0	0	0	0	0	0	0	0	0	0	0	0	0	0	0	0	0	0	0	0	1	0	0	0	0	0	0	0	0	0	0	0	0	0	0	0	0	0	0	g__Paenibacillus_silvae_LY60_GCF_030348445.1	s__	Paenibacillus_silvae_LY60_GCF_030348445.1
OTU_1119	0	1	2	0	2	0	0	1	0	0	1	0	0	0	0	0	0	0	0	0	0	0	0	0	0	0	0	0	0	0	0	0	1	0	1	0	1	0	0	0	0	0	g__Paenibacillus_sp.	s__11B_GCF-030487755.1	Paenibacillus_sp. 11B_GCF-030487755.1
OTU_1120	0	0	0	0	0	0	0	0	0	0	0	1	0	0	0	0	0	0	0	0	0	0	0	0	0	0	0	0	0	0	0	0	0	0	0	0	0	0	0	0	0	0	g__Paenibacillus_sp.	s__11B_GCF-030487755.1	Paenibacillus_sp. 11B_GCF-030487755.1
OTU_1121	0	0	0	0	0	0	0	0	0	0	0	0	0	0	0	0	1	0	0	0	0	0	0	0	0	0	0	0	0	0	0	0	0	0	0	0	0	0	0	0	0	0	g__Paenibacillus_sp.	s__11B_GCF-030487755.1	Paenibacillus_sp. 11B_GCF-030487755.1
OTU_1122	0	0	0	0	0	0	0	0	0	0	0	0	0	0	0	0	0	0	0	0	0	1	0	0	0	0	0	0	0	0	0	0	0	0	0	0	0	0	0	0	0	0	g__Bacillus_safensis_CEW-AP100_GCA_030122965.1	s__	Bacillus_safensis_CEW-AP100_GCA_030122965.1
OTU_1123	0	0	0	0	0	0	0	0	0	0	0	0	0	0	0	0	0	0	0	0	0	0	0	0	0	0	0	0	0	0	0	0	0	0	0	0	0	0	0	0	1	0	g__Bacillus_paralicheniformis_CEW	s__1W_GCA_030123025.1	Bacillus_paralicheniformis_CEW 1W_GCA_030123025.1
OTU_1124	0	0	1	0	0	0	0	0	0	0	0	0	0	0	0	0	0	0	0	0	0	0	0	0	0	0	0	0	0	0	0	0	0	0	0	0	0	0	0	0	0	0	g__Bacillus_paralicheniformis_CEW	s__1W_GCA_030123025.1	Bacillus_paralicheniformis_CEW 1W_GCA_030123025.1
OTU_1125	0	0	0	0	0	0	0	0	0	0	0	0	0	1	0	0	0	0	0	0	0	0	0	0	0	0	0	0	0	0	0	0	0	0	0	0	0	0	0	0	0	0	g__Paenibacillus_sp.	s__11B_GCF-030487755.1	Paenibacillus_sp. 11B_GCF-030487755.1
OTU_1126	0	0	0	0	0	0	0	0	0	0	0	0	0	0	0	0	0	0	0	0	0	0	0	0	0	0	0	0	0	0	0	0	1	0	0	0	0	0	0	0	0	0	g__Bacillus_mycoides_D8_B_46_GCA_030348665.1	s__	Bacillus_mycoides_D8_B_46_GCA_030348665.1
OTU_1127	0	0	0	0	0	1	0	0	0	0	0	0	0	0	0	0	0	0	0	0	0	0	0	0	0	0	0	0	0	0	0	0	0	0	0	0	0	0	0	0	0	0	g__Paenibacillus_sp.	s__11B_GCF-030487755.1	Paenibacillus_sp. 11B_GCF-030487755.1
OTU_1128	0	0	0	0	0	0	0	0	0	0	0	0	0	0	0	0	0	0	1	0	0	0	0	0	0	0	0	0	0	0	0	0	0	0	0	0	0	0	0	0	0	0	g__Paenibacillus_silvae_LY60_GCF_030348445.1	s__	Paenibacillus_silvae_LY60_GCF_030348445.1
OTU_1129	0	0	0	0	0	0	0	0	0	0	0	0	0	0	0	0	0	0	0	0	0	0	0	0	0	0	0	0	0	0	0	0	0	0	0	0	0	0	1	0	0	0	g__Fictibacillus_enclensis_TL8_GCA_030348285.1	s__	Fictibacillus_enclensis_TL8_GCA_030348285.1
OTU_1130	0	0	0	0	0	0	0	0	0	0	0	0	0	0	0	0	1	0	0	0	0	0	0	0	0	0	0	0	0	0	0	0	0	0	0	0	0	0	0	0	0	0	g__Paenibacillus_sp.	s__11B_GCF-030487755.1	Paenibacillus_sp. 11B_GCF-030487755.1
OTU_1131	0	0	0	0	0	0	0	0	0	0	0	0	0	0	0	0	0	1	0	0	0	0	0	0	0	0	0	0	0	0	0	0	1	0	0	0	0	0	0	0	0	0	g__Bacillus_pumilus_B2_10_GCA_030122825.1	s__	Bacillus_pumilus_B2_10_GCA_030122825.1
OTU_1132	1	0	0	0	0	0	0	0	0	0	0	0	0	0	0	0	0	0	0	0	0	1	0	0	0	0	0	0	0	0	0	0	0	0	0	0	0	0	0	0	0	0	g__Bacillus_toyonensis_Puebla_S2_GCA_030167055.1	s__	Bacillus_toyonensis_Puebla_S2_GCA_030167055.1
OTU_1133	0	0	0	0	0	0	0	0	0	1	0	0	0	0	0	0	0	0	0	0	0	0	0	0	0	0	0	0	0	0	0	0	0	0	0	0	0	0	0	0	0	0	g__Bacillus_sonorensis_YX13_GCA_031324045.1	s__	Bacillus_sonorensis_YX13_GCA_031324045.1
OTU_1134	0	0	1	0	0	0	0	0	0	0	0	1	0	0	1	0	0	0	0	0	0	0	0	0	0	0	0	0	0	0	0	0	0	0	0	0	0	0	0	0	0	0	g__Paenibacillus_sp.	s__11B_GCF-030487755.1	Paenibacillus_sp. 11B_GCF-030487755.1
OTU_1135	0	0	0	0	0	0	0	0	0	0	0	0	0	0	0	0	1	0	0	0	0	0	0	0	0	0	0	0	0	0	0	0	0	0	0	0	0	0	0	0	0	0	g__Bacillus_pseudomycoides_SIN1.1_GCA_031324125.1	s__	Bacillus_pseudomycoides_SIN1.1_GCA_031324125.1
OTU_1136	0	0	0	0	0	0	0	0	0	0	0	0	0	0	0	0	0	0	0	0	0	0	0	0	0	0	0	0	0	0	0	0	0	0	1	0	0	0	0	0	0	0	g__Bacillus_paralicheniformis_CEW	s__1W_GCA_030123025.1	Bacillus_paralicheniformis_CEW 1W_GCA_030123025.1
OTU_1137	0	0	0	0	0	0	0	0	0	0	0	0	0	0	0	0	0	0	0	0	0	0	0	0	0	0	0	0	0	0	0	0	0	0	0	0	0	0	0	0	0	1	g__Bacillus_paralicheniformis_CEW	s__1W_GCA_030123025.1	Bacillus_paralicheniformis_CEW 1W_GCA_030123025.1
OTU_1138	0	0	0	1	0	0	0	0	0	0	0	0	0	0	0	0	0	0	0	0	0	0	0	0	0	0	0	0	0	0	0	0	0	0	0	0	0	0	0	0	0	0	g__Bacillus_subtilis_MB9_B8_GCA_031324185.1	s__	Bacillus_subtilis_MB9_B8_GCA_031324185.1
OTU_1139	0	0	0	0	0	0	0	0	1	0	0	0	0	0	0	0	0	0	0	0	0	0	0	0	0	0	0	0	0	0	0	0	0	0	0	0	0	0	0	0	0	0	g__Bacillus_sonorensis_YX13_GCA_031324045.1	s__	Bacillus_sonorensis_YX13_GCA_031324045.1
OTU_1140	0	0	0	0	0	0	0	0	0	0	0	0	0	0	0	0	0	0	0	0	1	0	0	0	0	0	0	0	0	0	0	0	0	0	0	0	0	0	0	0	0	0	g__Paenibacillus_silvae_LY60_GCF_030348445.1	s__	Paenibacillus_silvae_LY60_GCF_030348445.1
OTU_1141	0	0	0	0	0	0	0	0	0	0	0	0	0	0	0	0	0	0	0	0	1	0	0	0	0	0	0	0	0	0	0	0	0	0	0	0	0	0	0	0	0	0	g__Lysinibacillus_pakistanensis_LY92_GCA_030123265.1	s__	Lysinibacillus_pakistanensis_LY92_GCA_030123265.1
OTU_1142	0	0	0	0	0	0	0	0	0	0	0	0	0	0	0	0	0	0	0	0	0	0	0	0	0	0	0	0	0	0	0	0	0	0	0	0	0	1	0	0	0	0	g__Paenibacillus_woosongensis	s__B2_4_GCA_030122845.1	Paenibacillus_woosongensis B2_4_GCA_030122845.1
OTU_1143	2	1	0	0	1	0	1	1	2	0	0	0	0	0	2	2	1	0	1	1	2	0	1	0	1	0	1	1	1	0	0	1	0	0	2	2	0	1	0	0	1	0	g__Paenibacillus_sp.	s__11B_GCF-030487755.1	Paenibacillus_sp. 11B_GCF-030487755.1
OTU_1144	0	0	0	0	0	0	0	0	0	0	0	0	0	0	0	0	0	0	0	0	0	0	0	0	0	0	0	0	0	0	0	0	0	0	0	0	0	0	0	0	0	1	g__Neobacillus_novalis_XLM17_GCA_030123445.1	s__	Neobacillus_novalis_XLM17_GCA_030123445.1
OTU_1145	0	0	0	0	0	1	0	0	0	0	0	0	0	0	0	0	0	0	0	0	0	0	0	0	0	0	0	0	0	0	0	0	0	0	0	0	0	0	0	0	0	0	g__Bacillus_mycoides_D8_B_46_GCA_030348665.1	s__	Bacillus_mycoides_D8_B_46_GCA_030348665.1
OTU_1146	0	0	0	0	0	0	0	0	0	0	0	1	0	0	0	0	0	0	0	0	0	0	0	0	0	0	0	0	0	0	0	0	0	0	0	0	0	0	0	0	0	0	g__Bacillus_paralicheniformis_CEW	s__1W_GCA_030123025.1	Bacillus_paralicheniformis_CEW 1W_GCA_030123025.1
OTU_1147	0	0	0	0	0	0	0	0	0	0	0	0	0	1	0	0	0	0	0	0	0	0	0	0	0	0	0	0	0	0	0	0	0	0	0	0	0	0	0	0	0	0	g__Bacillus_pumilus_GT4_IS1_GCA_030348915.1	s__	Bacillus_pumilus_GT4_IS1_GCA_030348915.1
OTU_1148	0	0	0	0	0	0	0	0	0	0	0	0	0	0	0	0	1	0	0	0	0	0	0	0	0	0	0	0	0	0	0	0	0	0	0	0	0	0	0	0	0	0	g__Bacillus_sonorensis_YX13_GCA_031324045.1	s__	Bacillus_sonorensis_YX13_GCA_031324045.1
OTU_1149	0	0	0	0	0	0	0	0	0	0	0	0	0	0	0	0	0	0	0	0	0	0	0	0	0	0	1	0	0	0	0	0	0	0	0	0	0	0	1	0	0	0	g__Bacillus_altitudinis_G6S2_GCA_030123125.1	s__	Bacillus_altitudinis_G6S2_GCA_030123125.1
OTU_1150	0	0	0	0	0	0	0	0	0	0	0	0	0	1	0	0	0	0	0	0	0	0	0	0	0	0	0	0	0	0	0	0	0	0	0	0	0	0	0	0	0	0	g__Paenibacillus_sp.	s__11B_GCF-030487755.1	Paenibacillus_sp. 11B_GCF-030487755.1
OTU_1151	0	0	0	0	0	0	0	0	0	0	0	0	0	0	0	0	0	1	0	0	0	0	0	0	0	0	0	0	0	0	0	0	0	0	0	0	0	0	0	0	0	0	g__Paenibacillus_sp.	s__11B_GCF-030487755.1	Paenibacillus_sp. 11B_GCF-030487755.1
OTU_1152	0	0	0	0	0	0	0	0	0	0	0	0	0	0	0	0	0	0	0	0	0	0	0	0	0	0	0	0	0	1	0	0	0	0	0	0	0	0	0	0	0	0	g__Bacillus_paralicheniformis_CEW	s__1W_GCA_030123025.1	Bacillus_paralicheniformis_CEW 1W_GCA_030123025.1
OTU_1153	0	0	0	0	0	0	0	0	0	0	0	0	0	0	0	0	0	0	0	0	0	0	0	0	0	0	0	0	0	0	0	0	0	0	1	0	0	0	0	0	0	0	g__Bacillus_licheniformis_D9_B_45_GCA_030348625.1	s__	Bacillus_licheniformis_D9_B_45_GCA_030348625.1
OTU_1154	0	0	0	0	0	0	0	0	0	0	0	0	0	0	0	0	0	0	0	0	0	0	0	0	0	0	0	0	0	0	0	0	0	0	0	0	0	0	0	0	1	0	g__Bacillus_sp._DX4.1_GCA_030348195.1	s__	Bacillus_sp._DX4.1_GCA_030348195.1
OTU_1155	0	0	0	0	1	0	0	0	0	0	0	0	0	0	0	0	0	0	0	0	0	0	0	0	0	0	0	0	0	0	0	0	0	0	0	0	0	0	0	0	0	0	g__Bacillus_albus_SXL388_GCA_030292135.1	s__	Bacillus_albus_SXL388_GCA_030292135.1
OTU_1156	0	0	0	0	0	0	0	0	0	0	0	0	0	0	0	0	0	0	0	0	0	0	0	0	0	0	0	0	0	0	0	0	0	0	0	0	0	0	1	0	0	0	g__Bacillus_sonorensis_YX13_GCA_031324045.1	s__	Bacillus_sonorensis_YX13_GCA_031324045.1
OTU_1157	0	0	0	0	0	0	0	0	0	0	0	0	0	0	0	0	0	0	1	0	0	0	0	0	0	0	0	0	0	0	0	0	0	0	0	0	0	0	0	0	0	0	g__Paenibacillus_sp.	s__11B_GCF-030487755.1	Paenibacillus_sp. 11B_GCF-030487755.1
OTU_1158	0	0	0	0	0	0	0	0	0	0	0	0	0	0	0	0	0	0	0	0	0	0	0	0	1	0	0	0	0	0	0	0	0	0	0	0	0	0	0	0	0	0	g__Bacillus_paralicheniformis_CEW	s__1W_GCA_030123025.1	Bacillus_paralicheniformis_CEW 1W_GCA_030123025.1
OTU_1159	1	0	0	0	0	0	0	0	0	0	0	0	0	0	0	0	0	0	0	0	0	0	0	0	0	0	0	0	0	0	0	0	0	0	0	0	0	0	0	0	0	0	g__Bacillus_sp._DX4.1_GCA_030348195.1	s__	Bacillus_sp._DX4.1_GCA_030348195.1
OTU_1160	1	0	0	0	0	1	0	0	0	0	0	0	0	0	0	0	0	0	0	0	0	0	0	0	0	0	0	0	0	0	0	0	0	0	0	0	0	0	0	0	0	0	g__Bacillus_paralicheniformis_CEW	s__1W_GCA_030123025.1	Bacillus_paralicheniformis_CEW 1W_GCA_030123025.1
OTU_1161	0	0	0	0	0	0	0	0	0	0	0	0	0	0	0	0	0	0	1	0	0	0	0	0	0	0	0	0	0	0	0	0	0	0	0	0	0	0	0	0	0	0	g__Bacillus_velezensis_NJ26_GCA_030123305.1	s__	Bacillus_velezensis_NJ26_GCA_030123305.1
OTU_1162	0	0	0	0	0	0	0	0	0	0	0	0	0	0	0	0	0	0	0	0	0	0	0	0	0	0	0	0	0	0	0	0	0	0	0	1	0	0	0	0	0	0	g__Paenibacillus_sp.	s__11B_GCF-030487755.1	Paenibacillus_sp. 11B_GCF-030487755.1
OTU_1163	0	0	0	0	0	0	0	0	0	0	0	1	0	0	0	0	0	0	0	0	0	0	0	0	0	0	0	0	0	0	0	0	0	0	0	0	0	0	0	0	0	0	g__Paenibacillus_sp.	s__11B_GCF-030487755.1	Paenibacillus_sp. 11B_GCF-030487755.1
OTU_1164	0	0	0	0	0	0	0	0	0	0	0	0	0	0	0	0	0	1	0	0	0	0	0	0	0	0	0	0	0	0	0	0	0	0	0	0	0	0	0	0	0	0	g__Bacillus_paralicheniformis_CEW	s__1W_GCA_030123025.1	Bacillus_paralicheniformis_CEW 1W_GCA_030123025.1
OTU_1165	0	0	0	0	0	0	0	0	0	0	0	0	0	0	0	0	0	1	0	0	0	0	0	0	0	0	0	0	0	0	0	0	0	0	0	0	0	0	0	0	0	0	g__Bacillus_toyonensis_Puebla_S2_GCA_030167055.1	s__	Bacillus_toyonensis_Puebla_S2_GCA_030167055.1
OTU_1166	0	0	0	0	0	0	0	0	1	0	0	0	0	0	0	0	0	0	1	0	0	0	0	0	1	0	0	0	0	0	0	1	0	0	0	0	0	0	0	0	0	0	g__Bacillus_hominis_SIN2.1_GCA_030348325.1	s__	Bacillus_hominis_SIN2.1_GCA_030348325.1
OTU_1167	0	0	0	0	0	0	0	0	0	0	0	0	0	0	0	0	0	0	0	0	0	0	0	0	0	0	0	0	0	0	0	0	0	0	0	0	0	1	0	0	0	0	g__Bacillus_sonorensis_YX13_GCA_031324045.1	s__	Bacillus_sonorensis_YX13_GCA_031324045.1
OTU_1168	0	0	0	0	0	0	0	0	0	0	0	0	0	0	0	0	0	0	0	0	0	0	0	0	0	0	0	0	0	0	0	0	0	0	0	0	0	0	0	0	1	0	g__Paenibacillus_silvae_LY60_GCF_030348445.1	s__	Paenibacillus_silvae_LY60_GCF_030348445.1
OTU_1169	0	0	0	0	0	0	0	0	0	0	0	0	0	0	0	0	0	0	0	1	0	0	0	0	0	0	0	0	0	0	0	0	0	0	0	0	0	0	0	0	0	0	g__Lysinibacillus_pakistanensis_LY92_GCA_030123265.1	s__	Lysinibacillus_pakistanensis_LY92_GCA_030123265.1
OTU_1170	0	0	0	0	0	0	0	0	0	0	0	0	0	0	0	0	0	0	0	1	0	0	0	0	0	0	0	0	0	0	0	0	0	0	0	0	0	0	0	0	0	0	g__Bacillus_sonorensis_YX13_GCA_031324045.1	s__	Bacillus_sonorensis_YX13_GCA_031324045.1
OTU_1171	0	0	0	0	0	0	0	0	0	0	0	0	0	0	0	0	0	0	0	0	1	0	0	0	0	0	0	0	0	0	0	0	0	0	0	0	0	0	0	0	0	0	g__Paenibacillus_sp.	s__11B_GCF-030487755.1	Paenibacillus_sp. 11B_GCF-030487755.1
OTU_1172	0	0	0	0	0	0	0	0	0	0	0	0	0	0	0	0	0	0	0	0	0	0	0	0	0	0	0	0	0	0	0	0	0	0	0	0	1	0	0	0	0	0	g__Virgibacillus_halodenitrifican_ACCC02857_GCA_030122745.1	s__	Virgibacillus_halodenitrifican_ACCC02857_GCA_030122745.1
OTU_1173	0	1	0	0	0	0	0	0	0	0	0	0	0	0	0	0	0	0	0	0	0	0	0	0	0	0	0	0	0	0	0	0	0	0	0	0	0	0	0	0	0	0	g__Bacillus_velezensis_MB7_B13_GCA_030348465.1	s__	Bacillus_velezensis_MB7_B13_GCA_030348465.1
OTU_1174	0	0	0	0	0	0	0	0	0	0	0	0	0	0	0	0	0	0	0	0	0	0	0	1	0	0	0	0	0	0	0	0	0	0	0	0	0	0	0	0	0	0	g__Paenibacillus_silvae_LY60_GCF_030348445.1	s__	Paenibacillus_silvae_LY60_GCF_030348445.1
OTU_1175	1	0	0	0	0	0	0	0	0	0	0	0	0	0	0	0	0	0	0	0	0	0	0	0	0	0	0	0	0	0	0	0	0	0	0	0	0	0	0	0	0	0	g__Paenibacillus_sp.	s__11B_GCF-030487755.1	Paenibacillus_sp. 11B_GCF-030487755.1
OTU_1176	0	0	0	0	0	0	0	0	0	0	0	0	0	1	0	0	1	0	0	0	0	0	0	0	0	0	0	0	0	0	0	0	0	0	0	0	0	0	0	0	0	0	g__Paenibacillus_sp.	s__11B_GCF-030487755.1	Paenibacillus_sp. 11B_GCF-030487755.1
OTU_1177	0	0	0	0	0	0	0	0	0	0	0	0	0	0	0	0	0	0	0	0	0	0	0	0	0	0	0	0	0	0	1	0	0	0	0	0	0	0	0	0	0	0	g__Paenibacillus_sp.	s__11B_GCF-030487755.1	Paenibacillus_sp. 11B_GCF-030487755.1
OTU_1178	0	1	0	0	0	0	0	0	0	0	0	0	0	0	0	0	0	0	0	0	0	0	0	0	0	0	0	0	0	0	0	0	0	0	0	0	0	0	0	0	0	0	g__Paenibacillus_sp.	s__11B_GCF-030487755.1	Paenibacillus_sp. 11B_GCF-030487755.1
OTU_1179	0	0	0	0	0	1	0	0	0	0	0	0	0	0	0	0	0	0	0	0	0	0	0	0	0	0	0	0	0	0	0	0	0	0	0	0	0	0	0	0	0	0	g__Bacillus_thuringiensis_Monterrey_S4_GCA_031324135.1	s__	Bacillus_thuringiensis_Monterrey_S4_GCA_031324135.1
OTU_1180	0	0	0	0	0	0	0	0	0	0	0	1	0	1	0	0	0	0	0	0	0	0	0	0	0	0	0	0	0	0	0	0	0	0	0	0	0	0	0	0	0	0	g__Paenibacillus_sp.	s__11B_GCF-030487755.1	Paenibacillus_sp. 11B_GCF-030487755.1
OTU_1181	0	0	0	0	0	0	0	0	0	0	0	0	0	0	0	0	1	0	0	0	0	0	0	0	0	0	0	0	0	0	0	0	0	0	0	0	0	0	0	0	0	0	g__Paenibacillus_sp.	s__11B_GCF-030487755.1	Paenibacillus_sp. 11B_GCF-030487755.1
OTU_1182	0	0	0	0	0	0	0	0	0	0	0	0	0	0	0	0	0	0	0	1	0	0	0	0	0	0	0	0	0	0	0	0	0	0	0	0	0	0	0	0	0	0	g__Paenibacillus_sp.	s__11B_GCF-030487755.1	Paenibacillus_sp. 11B_GCF-030487755.1
OTU_1183	0	0	0	0	0	0	0	0	1	0	0	0	0	1	0	0	0	0	0	0	0	0	0	0	0	0	0	0	0	0	0	0	0	0	0	0	0	0	0	0	0	0	g__Bacillus_pseudomycoides_SIN1.1_GCA_031324125.1	s__	Bacillus_pseudomycoides_SIN1.1_GCA_031324125.1
OTU_1184	0	0	0	0	0	0	0	0	0	0	0	0	0	1	1	0	0	0	0	0	0	0	0	0	0	0	0	0	0	0	0	0	0	0	0	0	0	0	0	0	0	0	g__Paenibacillus_sp.	s__11B_GCF-030487755.1	Paenibacillus_sp. 11B_GCF-030487755.1
OTU_1185	0	0	0	0	0	0	0	0	0	0	0	0	0	0	0	0	0	0	0	0	0	0	0	0	0	0	0	0	0	0	0	0	0	0	0	0	0	0	1	0	0	0	g__Bacillus_paralicheniformis_CEW	s__1W_GCA_030123025.1	Bacillus_paralicheniformis_CEW 1W_GCA_030123025.1
OTU_1186	0	0	0	0	1	0	0	0	0	0	0	0	0	0	0	0	0	0	0	0	0	0	0	0	0	0	0	0	0	0	0	0	0	0	0	0	0	0	0	0	0	0	g__Bacillus_licheniformis_D9_B_45_GCA_030348625.1	s__	Bacillus_licheniformis_D9_B_45_GCA_030348625.1
OTU_1187	0	0	0	0	0	0	0	0	0	0	0	0	0	0	0	0	0	0	0	0	0	0	0	0	1	0	0	0	0	0	0	0	0	0	0	0	0	0	0	0	0	0	g__Neobacillus_sp._SuZ13_GCA_030123365.1	s__	Neobacillus_sp._SuZ13_GCA_030123365.1
OTU_1188	0	0	0	0	0	0	0	0	0	0	0	0	0	0	0	0	0	0	0	0	0	0	0	0	0	0	0	0	0	0	0	0	0	0	0	0	1	0	0	0	0	0	g__Bacillus_paralicheniformis_CEW	s__1W_GCA_030123025.1	Bacillus_paralicheniformis_CEW 1W_GCA_030123025.1
OTU_1189	0	0	0	0	0	0	0	0	0	0	0	0	0	0	0	0	0	0	0	0	0	0	0	0	0	0	0	0	0	0	0	0	0	0	0	0	0	0	0	0	0	1	g__Paenibacillus_sp.	s__11B_GCF-030487755.1	Paenibacillus_sp. 11B_GCF-030487755.1
OTU_1190	0	0	0	0	0	0	0	1	0	0	0	0	0	0	0	0	0	0	0	0	0	0	0	0	0	0	0	0	0	0	0	0	0	0	0	0	0	0	0	0	0	0	g__Bacillus_sonorensis_YX13_GCA_031324045.1	s__	Bacillus_sonorensis_YX13_GCA_031324045.1
OTU_1191	0	0	0	0	0	0	0	0	0	0	0	0	0	0	0	0	0	0	1	0	0	0	0	0	0	0	0	0	0	0	0	0	0	0	0	0	0	0	0	0	0	0	g__Bacillus_toyonensis_G7S3_GCA_031324285.1	s__	Bacillus_toyonensis_G7S3_GCA_031324285.1
OTU_1191	0	0	0	0	0	0	0	0	0	0	0	0	0	0	0	0	0	0	1	0	0	0	0	0	0	0	0	0	0	0	0	0	0	0	0	0	0	0	0	0	0	0	g__Bacillus_toyonensis_G7S3_GCA_031324285.1	s__	Bacillus_toyonensis_G7S3_GCA_031324285.1
OTU_1193	0	0	0	0	0	0	0	0	0	0	0	0	0	0	1	0	0	0	0	0	0	0	0	0	0	0	0	0	0	0	0	0	0	0	0	0	0	0	0	0	0	0	g__Bacillus_paralicheniformis_CEW	s__1W_GCA_030123025.1	Bacillus_paralicheniformis_CEW 1W_GCA_030123025.1
OTU_1194	0	0	0	0	0	0	0	0	0	0	0	1	0	0	0	0	0	0	0	0	0	0	0	0	0	0	0	0	0	0	0	0	0	0	0	0	0	0	0	0	0	0	g__Lysinibacillus_pakistanensis_LY92_GCA_030123265.1	s__	Lysinibacillus_pakistanensis_LY92_GCA_030123265.1
OTU_1195	0	1	1	0	1	1	0	0	1	1	1	2	0	0	1	0	3	1	0	1	0	1	3	0	1	1	0	0	0	1	1	0	0	1	1	0	2	1	1	0	0	0	g__Bacillus_safensis_CEW-AP100_GCA_030122965.1	s__	Bacillus_safensis_CEW-AP100_GCA_030122965.1
OTU_1196	0	0	0	0	0	0	0	0	0	0	0	0	0	0	0	0	0	1	0	0	0	0	0	0	0	0	0	0	0	0	0	0	0	0	0	0	0	0	0	0	0	0	g__Bacillus_paralicheniformis_CEW	s__1W_GCA_030123025.1	Bacillus_paralicheniformis_CEW 1W_GCA_030123025.1
OTU_1197	0	0	0	0	0	0	0	0	0	0	0	0	0	0	0	1	0	0	0	0	0	0	0	0	0	0	0	0	0	0	0	0	0	0	0	0	0	0	0	0	0	0	g__Bacillus_paralicheniformis_CEW	s__1W_GCA_030123025.1	Bacillus_paralicheniformis_CEW 1W_GCA_030123025.1
OTU_1198	0	0	0	1	0	0	0	0	0	0	0	0	0	1	0	0	0	0	0	0	1	0	0	0	0	0	0	0	0	0	0	1	0	0	0	0	0	0	0	0	0	0	g__Bacillus_safensis_CEW-AP100_GCA_030122965.1	s__	Bacillus_safensis_CEW-AP100_GCA_030122965.1
OTU_1199	0	0	0	0	0	0	0	0	0	0	0	0	0	0	0	0	0	0	1	0	0	0	0	0	0	0	0	0	0	0	0	0	0	0	0	0	0	1	0	0	0	0	g__Bacillus_paralicheniformis_CEW	s__1W_GCA_030123025.1	Bacillus_paralicheniformis_CEW 1W_GCA_030123025.1
OTU_1200	0	0	0	0	0	0	0	0	0	0	1	0	0	0	0	0	0	0	0	0	0	0	0	0	0	0	0	0	0	0	0	0	0	0	0	0	0	0	0	0	0	0	g__Bacillus_paralicheniformis_CEW	s__1W_GCA_030123025.1	Bacillus_paralicheniformis_CEW 1W_GCA_030123025.1
OTU_1202	0	0	0	0	0	0	0	0	0	0	0	0	0	0	0	0	0	1	0	0	0	0	0	0	0	0	0	0	0	0	0	0	0	0	0	0	0	0	0	0	0	0	g__Bacillus_paralicheniformis_CEW	s__1W_GCA_030123025.1	Bacillus_paralicheniformis_CEW 1W_GCA_030123025.1
OTU_1204	0	0	0	0	0	0	0	0	0	0	0	0	0	0	0	0	0	0	0	1	0	0	0	0	0	0	0	0	0	0	0	0	0	0	0	0	0	0	0	0	0	0	g__Bacillus_safensis_CEW-AP100_GCA_030122965.1	s__	Bacillus_safensis_CEW-AP100_GCA_030122965.1
OTU_1205	0	0	0	0	0	0	0	0	0	0	1	0	0	0	0	0	0	0	0	0	0	0	0	0	0	0	0	0	0	0	0	0	0	0	0	0	0	0	0	0	0	0	g__Bacillus_sonorensis_YX13_GCA_031324045.1	s__	Bacillus_sonorensis_YX13_GCA_031324045.1
OTU_1206	0	0	0	0	0	0	0	0	0	0	1	0	0	0	0	0	0	0	0	0	0	0	0	0	0	0	0	0	0	0	0	0	0	0	0	0	0	0	0	0	0	0	g__Bacillus_mycoides_SIN2.2_GCA_030292205.1	s__	Bacillus_mycoides_SIN2.2_GCA_030292205.1
OTU_1207	0	0	0	0	0	0	0	0	0	0	0	0	0	0	0	0	0	0	0	0	1	0	0	0	0	0	0	0	0	0	0	0	0	0	0	0	0	0	0	0	0	0	g__Bacillus_paralicheniformis_CEW	s__1W_GCA_030123025.1	Bacillus_paralicheniformis_CEW 1W_GCA_030123025.1
OTU_1208	0	0	0	0	0	0	0	0	0	0	0	0	0	0	0	0	0	0	0	0	0	0	0	0	0	0	0	0	0	0	0	0	0	0	0	0	0	0	0	1	0	0	g__Lysinibacillus_pakistanensis_LY92_GCA_030123265.1	s__	Lysinibacillus_pakistanensis_LY92_GCA_030123265.1
OTU_1209	1	0	0	0	0	0	0	0	0	0	0	0	0	0	0	0	0	0	0	0	0	0	0	0	0	0	0	0	0	0	0	0	0	0	0	0	0	0	0	0	0	0	g__Lysinibacillus_sphaericus_ACCC03577_GCA_030348985.1	s__	Lysinibacillus_sphaericus_ACCC03577_GCA_030348985.1
OTU_1210	0	0	0	1	0	0	0	0	0	0	0	0	0	0	0	0	0	0	0	0	0	0	0	0	0	0	0	0	0	0	0	0	0	0	0	0	0	0	0	0	0	0	g__Paenibacillus_sp.	s__11B_GCF-030487755.1	Paenibacillus_sp. 11B_GCF-030487755.1
OTU_1211	0	0	0	0	0	0	0	0	1	0	0	0	0	0	0	0	0	0	0	0	0	0	0	0	0	0	0	0	0	0	0	0	0	0	0	0	0	0	0	0	0	0	g__Paenibacillus_sp.	s__11B_GCF-030487755.1	Paenibacillus_sp. 11B_GCF-030487755.1
OTU_1212	0	0	0	0	0	0	0	0	0	0	0	0	0	1	0	0	0	0	0	0	0	0	0	0	0	0	0	0	0	0	0	0	0	0	0	0	0	0	0	0	0	0	g__Bacillus_paralicheniformis_CEW	s__1W_GCA_030123025.1	Bacillus_paralicheniformis_CEW 1W_GCA_030123025.1
OTU_1213	2	0	0	0	0	0	0	0	0	0	0	0	0	0	1	0	1	0	0	2	1	0	0	0	0	0	0	0	0	0	0	0	0	0	0	0	0	0	0	0	0	0	g__Paenibacillus_silvae_LY60_GCF_030348445.1	s__	Paenibacillus_silvae_LY60_GCF_030348445.1
OTU_1214	0	0	0	0	0	0	0	0	0	0	0	0	0	0	0	0	0	0	0	1	0	0	0	0	0	0	0	0	0	0	0	0	0	0	0	0	0	0	0	0	0	0	g__Bacillus_pumilus_B2_10_GCA_030122825.1	s__	Bacillus_pumilus_B2_10_GCA_030122825.1
OTU_1215	0	0	0	0	0	0	0	0	0	0	0	0	0	0	0	0	0	0	0	0	1	0	0	0	0	0	0	0	0	0	0	0	0	0	0	0	0	0	0	0	0	0	g__Bacillus_sonorensis_YX13_GCA_031324045.1	s__	Bacillus_sonorensis_YX13_GCA_031324045.1
OTU_1216	0	0	0	0	0	0	0	0	0	0	0	0	0	0	0	0	0	0	0	0	0	0	0	0	0	0	0	0	0	0	0	0	0	0	0	0	0	1	0	0	0	0	g__Paenibacillus_silvae_LY60_GCF_030348445.1	s__	Paenibacillus_silvae_LY60_GCF_030348445.1
OTU_1217	0	0	0	0	0	0	0	0	0	0	0	0	0	0	0	0	0	0	0	0	0	0	0	0	0	0	0	0	0	0	0	0	0	0	1	0	0	0	0	0	0	0	g__Bacillus_paralicheniformis_CEW	s__1W_GCA_030123025.1	Bacillus_paralicheniformis_CEW 1W_GCA_030123025.1
OTU_1218	0	0	0	0	0	0	0	0	0	0	0	0	0	0	0	0	0	0	0	0	0	0	0	0	0	0	0	0	0	0	0	0	0	0	0	0	0	0	1	0	0	0	g__Paenibacillus_silvae_LY60_GCF_030348445.1	s__	Paenibacillus_silvae_LY60_GCF_030348445.1
OTU_1219	0	0	0	1	0	0	0	0	0	0	1	0	0	1	1	0	0	2	0	0	1	0	0	0	0	0	0	0	0	0	0	0	0	0	0	0	0	1	0	0	1	0	g__Bacillus_halotolerans_KF17_GCA_030292055.1	s__	Bacillus_halotolerans_KF17_GCA_030292055.1
OTU_1220	0	0	1	0	0	0	0	1	1	0	0	1	0	0	0	1	0	0	1	0	0	0	0	0	0	0	0	0	0	0	0	0	1	0	0	0	0	0	0	0	0	1	g__Bacillus_sp._DX4.1_GCA_030348195.1	s__	Bacillus_sp._DX4.1_GCA_030348195.1
OTU_1221	0	0	0	0	0	0	0	0	0	0	1	0	0	0	0	0	0	0	0	0	0	0	0	0	0	0	0	0	0	0	0	0	0	0	0	0	0	0	0	0	0	0	g__Paenibacillus_sp.	s__11B_GCF-030487755.1	Paenibacillus_sp. 11B_GCF-030487755.1
OTU_1222	0	0	0	0	0	0	0	0	0	0	0	1	0	0	0	0	0	0	0	0	0	0	0	0	0	0	0	0	0	0	0	0	0	0	0	0	0	0	0	0	0	0	g__Paenibacillus_sp.	s__11B_GCF-030487755.1	Paenibacillus_sp. 11B_GCF-030487755.1
OTU_1223	0	0	0	0	0	0	0	0	0	0	0	0	0	0	0	0	0	0	0	0	0	0	0	0	0	0	0	0	0	0	0	0	0	0	0	0	0	1	0	0	0	0	g__Paenibacillus_sp.	s__11B_GCF-030487755.1	Paenibacillus_sp. 11B_GCF-030487755.1
OTU_1224	0	0	0	0	1	0	0	0	0	0	0	0	0	0	0	0	0	0	0	0	0	0	0	0	0	0	0	0	0	0	0	0	0	0	0	0	0	0	0	0	0	0	g__Bacillus_paralicheniformis_CEW	s__1W_GCA_030123025.1	Bacillus_paralicheniformis_CEW 1W_GCA_030123025.1
OTU_1225	0	0	0	0	0	0	0	0	0	1	0	0	0	0	0	0	0	0	0	0	0	0	0	0	0	0	0	0	0	0	0	0	0	0	0	0	0	0	0	0	0	0	g__Bacillus_anthracis_Mn106-1	s__head2	Bacillus_anthracis_Mn106-1 head2 chi_GCA_030166975.1
OTU_1226	0	0	0	0	0	0	0	0	0	0	0	0	0	0	0	0	0	1	0	0	0	0	0	0	0	0	0	0	0	0	0	0	0	0	0	0	0	0	0	0	0	0	g__Paenibacillus_sp.	s__11B_GCF-030487755.1	Paenibacillus_sp. 11B_GCF-030487755.1
OTU_1227	0	0	0	0	0	0	0	0	0	0	0	0	0	0	0	0	0	0	0	0	0	0	0	0	0	0	0	0	0	0	0	0	0	0	0	0	0	1	0	0	0	0	g__Bacillus_paralicheniformis_CEW	s__1W_GCA_030123025.1	Bacillus_paralicheniformis_CEW 1W_GCA_030123025.1
OTU_1228	0	0	0	0	0	0	0	0	0	0	0	0	0	0	0	0	0	0	0	0	0	0	0	0	0	0	0	0	0	0	0	0	0	0	0	0	0	0	1	0	0	0	g__Bacillus_paralicheniformis_CEW	s__1W_GCA_030123025.1	Bacillus_paralicheniformis_CEW 1W_GCA_030123025.1
OTU_1229	0	0	0	0	0	0	0	0	0	0	0	0	0	0	0	0	0	0	0	0	0	0	0	0	0	0	0	0	0	0	0	0	0	0	0	0	0	0	0	0	1	0	g__Paenibacillus_sp.	s__11B_GCF-030487755.1	Paenibacillus_sp. 11B_GCF-030487755.1
OTU_1230	0	0	1	0	0	0	0	0	0	0	0	0	0	0	0	0	0	0	0	0	0	0	0	0	0	0	0	0	0	0	0	0	0	0	0	0	0	0	0	0	0	0	g__Bacillus_paralicheniformis_CEW	s__1W_GCA_030123025.1	Bacillus_paralicheniformis_CEW 1W_GCA_030123025.1
OTU_1231	0	0	0	0	0	0	0	1	0	0	0	0	0	0	0	0	0	0	0	0	0	0	0	0	0	0	0	0	0	0	0	0	0	0	0	0	0	0	0	0	0	0	g__Paenibacillus_silvae_LY60_GCF_030348445.1	s__	Paenibacillus_silvae_LY60_GCF_030348445.1
OTU_1232	0	0	0	0	0	0	1	0	0	0	0	0	0	0	0	0	0	0	0	0	0	0	0	0	0	0	0	0	0	0	0	0	0	0	0	0	0	0	0	0	0	0	g__Paenibacillus_sp.	s__11B_GCF-030487755.1	Paenibacillus_sp. 11B_GCF-030487755.1
OTU_1233	0	0	0	0	0	0	0	0	0	0	0	1	0	0	0	0	0	0	0	0	0	0	0	0	0	0	0	0	0	0	0	0	0	0	0	0	0	0	0	0	0	0	g__Bacillus_wiedmannii_Munchenroda_S7_GCA_030348415.1	s__	Bacillus_wiedmannii_Munchenroda_S7_GCA_030348415.1
OTU_1234	0	0	0	0	0	0	0	0	0	0	0	0	0	2	1	2	1	0	0	0	0	0	0	1	0	1	0	0	0	0	0	0	0	0	0	1	1	0	0	2	0	0	g__Bacillus_paralicheniformis_CEW	s__1W_GCA_030123025.1	Bacillus_paralicheniformis_CEW 1W_GCA_030123025.1
OTU_1235	0	0	0	0	0	0	0	0	0	0	0	0	0	0	0	0	0	0	1	0	0	0	0	0	0	0	0	0	0	0	0	0	0	0	0	0	0	0	0	0	0	0	g__Bacillus_paralicheniformis_CEW	s__1W_GCA_030123025.1	Bacillus_paralicheniformis_CEW 1W_GCA_030123025.1
OTU_1236	0	0	0	0	0	0	0	0	0	0	0	0	0	0	0	0	0	0	0	0	0	0	0	0	0	0	0	1	0	0	0	0	0	0	0	0	0	0	0	0	0	0	g__Paenibacillus_sp.	s__11B_GCF-030487755.1	Paenibacillus_sp. 11B_GCF-030487755.1
OTU_1237	0	0	0	1	0	0	0	0	0	0	0	0	0	0	0	0	0	0	0	0	0	0	0	0	0	0	0	0	0	0	0	0	0	0	0	0	0	0	0	0	0	0	g__Bacillus_paralicheniformis_CEW	s__1W_GCA_030123025.1	Bacillus_paralicheniformis_CEW 1W_GCA_030123025.1
OTU_1238	0	0	0	0	0	1	0	0	0	0	0	0	0	0	0	0	0	0	0	0	0	0	0	0	0	0	0	0	0	0	0	0	0	0	0	0	0	0	0	0	0	0	g__Bacillus_paralicheniformis_CEW	s__1W_GCA_030123025.1	Bacillus_paralicheniformis_CEW 1W_GCA_030123025.1
OTU_1239	0	0	0	0	0	0	0	0	0	0	0	1	0	0	0	0	0	0	0	0	0	0	0	0	0	0	0	0	0	0	0	0	0	0	0	0	0	0	0	0	0	0	g__Lysinibacillus_pakistanensis_LY92_GCA_030123265.1	s__	Lysinibacillus_pakistanensis_LY92_GCA_030123265.1
OTU_1240	0	0	0	0	0	0	0	0	0	0	0	0	0	0	0	0	1	0	0	0	0	0	0	0	0	0	0	0	0	0	0	0	0	0	0	0	0	0	0	0	0	0	g__Bacillus_paralicheniformis_CEW	s__1W_GCA_030123025.1	Bacillus_paralicheniformis_CEW 1W_GCA_030123025.1
OTU_1242	0	0	0	0	0	0	0	0	0	0	0	0	0	0	0	0	0	0	0	0	0	0	0	0	0	0	0	1	0	0	0	0	0	0	0	0	0	0	0	0	0	0	g__Bacillus_paralicheniformis_CEW	s__1W_GCA_030123025.1	Bacillus_paralicheniformis_CEW 1W_GCA_030123025.1
OTU_1243	0	0	0	0	0	0	0	1	0	0	0	0	0	0	0	0	0	0	0	0	0	0	0	0	0	0	0	0	0	0	0	0	0	0	0	0	0	0	0	0	0	0	g__Paenibacillus_sp.	s__11B_GCF-030487755.1	Paenibacillus_sp. 11B_GCF-030487755.1
OTU_1244	0	0	0	0	0	0	0	0	0	0	0	1	0	0	1	1	1	0	1	1	0	0	0	0	0	0	0	0	0	0	0	0	0	0	1	1	0	1	1	0	0	0	g__Lysinibacillus_pakistanensis_LY92_GCA_030123265.1	s__	Lysinibacillus_pakistanensis_LY92_GCA_030123265.1
OTU_1245	0	0	0	0	0	0	0	0	0	0	0	0	0	0	0	0	0	0	0	0	0	0	1	0	0	0	0	0	0	0	0	0	0	0	0	0	0	0	0	0	0	0	g__Bacillus_paralicheniformis_CEW	s__1W_GCA_030123025.1	Bacillus_paralicheniformis_CEW 1W_GCA_030123025.1
OTU_1246	0	0	0	0	0	0	0	0	0	0	0	0	0	0	0	0	0	0	0	0	0	0	0	0	0	0	0	0	0	0	0	0	0	0	0	0	0	1	0	0	0	0	g__Paenibacillus_sp.	s__11B_GCF-030487755.1	Paenibacillus_sp. 11B_GCF-030487755.1
OTU_1247	0	0	0	0	0	0	0	0	0	0	0	0	0	0	0	0	0	0	0	0	0	0	0	0	0	0	0	0	0	0	0	0	0	0	0	0	0	0	1	0	0	0	g__Bacillus_safensis_CEW-AP100_GCA_030122965.1	s__	Bacillus_safensis_CEW-AP100_GCA_030122965.1
OTU_1248	0	0	0	0	0	0	0	0	0	0	0	0	0	0	0	0	0	0	0	0	0	0	0	0	0	0	0	0	0	0	0	0	0	0	0	0	0	0	0	0	1	0	g__Rossellomorea_marisflavi_LC18_GCA_031324195.1	s__	Rossellomorea_marisflavi_LC18_GCA_031324195.1
OTU_1249	0	0	0	0	0	1	0	0	0	0	0	0	0	0	0	0	0	0	0	0	0	0	0	0	0	0	0	0	0	0	0	0	0	0	0	0	0	0	0	0	0	0	g__Bacillus_halotolerans_KF17_GCA_030292055.1	s__	Bacillus_halotolerans_KF17_GCA_030292055.1
OTU_1250	0	0	1	0	1	0	1	0	1	0	1	0	0	1	0	1	0	1	1	1	2	0	1	0	1	1	1	0	0	1	1	0	0	0	0	0	0	2	0	0	0	0	g__Bacillus_toyonensis_G7S3_GCA_031324285.1	s__	Bacillus_toyonensis_G7S3_GCA_031324285.1
OTU_1251	0	0	0	0	0	0	0	0	0	0	0	0	0	1	0	0	0	0	0	0	0	0	0	0	0	0	0	0	0	0	0	0	0	0	0	0	0	0	0	0	0	0	g__Bacillus_paralicheniformis_CEW	s__1W_GCA_030123025.1	Bacillus_paralicheniformis_CEW 1W_GCA_030123025.1
OTU_1252	0	0	0	0	0	0	0	0	0	0	0	0	0	1	0	0	0	0	0	0	0	0	0	0	0	0	0	0	0	0	0	0	0	0	0	0	0	0	0	0	0	1	g__Paenibacillus_sp.	s__11B_GCF-030487755.1	Paenibacillus_sp. 11B_GCF-030487755.1
OTU_1253	0	0	0	0	0	0	0	0	0	0	0	0	0	0	0	0	0	1	0	0	0	0	0	0	0	0	0	0	0	0	0	0	0	0	0	0	0	0	0	0	0	0	g__Bacillus_safensis_CEW-AP100_GCA_030122965.1	s__	Bacillus_safensis_CEW-AP100_GCA_030122965.1
OTU_1254	0	0	0	0	0	0	0	0	0	0	0	0	0	0	0	0	0	0	1	0	0	0	0	0	0	0	0	0	0	0	0	0	0	0	0	0	0	0	0	0	0	0	g__Bacillus_paralicheniformis_CEW	s__1W_GCA_030123025.1	Bacillus_paralicheniformis_CEW 1W_GCA_030123025.1
OTU_1255	0	0	0	0	0	0	0	0	0	0	0	0	0	0	0	0	0	0	0	0	0	0	0	1	0	0	0	0	0	0	0	0	0	0	0	0	0	0	0	0	0	0	g__Bacillus_hominis_SIN2.1_GCA_030348325.1	s__	Bacillus_hominis_SIN2.1_GCA_030348325.1
OTU_1256	0	0	0	0	0	0	0	0	0	0	0	0	0	0	0	0	0	0	0	0	0	0	0	0	0	0	0	0	0	0	0	0	0	0	1	0	0	0	0	0	0	0	g__Bacillus_paralicheniformis_CEW	s__1W_GCA_030123025.1	Bacillus_paralicheniformis_CEW 1W_GCA_030123025.1
OTU_1257	0	0	0	0	0	1	0	0	0	0	0	0	0	0	0	0	0	0	0	0	0	0	0	0	0	0	0	0	0	0	0	0	0	0	0	0	0	0	0	0	0	0	g__Paenibacillus_sp.	s__11B_GCF-030487755.1	Paenibacillus_sp. 11B_GCF-030487755.1
OTU_1258	0	0	0	0	0	0	0	0	0	0	0	1	0	0	0	0	0	0	0	0	0	0	0	0	0	0	0	0	0	0	0	0	0	0	0	0	0	0	0	0	0	0	g__Bacillus_safensis_CEW-AP100_GCA_030122965.1	s__	Bacillus_safensis_CEW-AP100_GCA_030122965.1
OTU_1259	0	0	0	0	0	0	0	0	0	0	0	1	0	0	0	0	0	0	0	0	0	0	0	0	0	0	0	0	0	0	0	0	0	0	0	0	0	0	0	0	0	0	g__Bacillus_paralicheniformis_CEW	s__1W_GCA_030123025.1	Bacillus_paralicheniformis_CEW 1W_GCA_030123025.1
OTU_1260	0	0	0	0	0	0	0	0	0	0	0	1	0	0	0	0	0	0	0	0	0	0	0	0	0	0	0	0	0	0	0	0	0	0	0	0	0	0	0	0	0	0	g__Paenibacillus_sp.	s__11B_GCF-030487755.1	Paenibacillus_sp. 11B_GCF-030487755.1
OTU_1262	0	0	0	0	0	0	0	0	0	0	0	0	0	0	0	0	0	1	0	0	0	0	0	0	0	0	0	0	0	0	0	0	0	0	0	0	0	0	0	0	0	0	g__Bacillus_hominis_SIN2.1_GCA_030348325.1	s__	Bacillus_hominis_SIN2.1_GCA_030348325.1
OTU_1264	0	0	0	0	0	0	0	0	0	0	0	0	0	0	0	0	0	0	0	1	0	0	0	0	0	0	0	0	0	0	0	0	0	0	0	0	0	0	0	0	0	0	g__Bacillus_sonorensis_YX13_GCA_031324045.1	s__	Bacillus_sonorensis_YX13_GCA_031324045.1
OTU_1265	0	0	0	0	0	0	0	0	0	0	0	0	0	0	0	0	0	0	0	0	0	0	0	0	0	0	0	0	0	0	0	0	1	0	0	0	0	0	0	0	0	0	g__Bacillus_paralicheniformis_CEW	s__1W_GCA_030123025.1	Bacillus_paralicheniformis_CEW 1W_GCA_030123025.1
OTU_1266	0	0	0	0	0	0	0	0	0	0	0	0	0	0	0	0	0	0	0	0	0	0	0	0	0	0	0	0	0	0	0	0	0	0	0	0	0	0	0	0	1	0	g__Bacillus_safensis_CEW-AP100_GCA_030122965.1	s__	Bacillus_safensis_CEW-AP100_GCA_030122965.1
OTU_1267	0	1	0	2	0	0	0	0	1	0	0	1	0	0	0	0	1	1	0	0	0	0	0	0	0	0	1	0	0	0	0	0	0	0	0	0	1	0	0	0	0	0	g__Paenibacillus_sp.	s__11B_GCF-030487755.1	Paenibacillus_sp. 11B_GCF-030487755.1
OTU_1268	0	0	0	0	0	0	0	0	0	0	0	0	0	0	1	0	0	0	0	0	0	0	0	0	0	0	0	0	0	0	0	0	0	0	0	0	0	0	0	0	0	0	g__Paenibacillus_sp.	s__11B_GCF-030487755.1	Paenibacillus_sp. 11B_GCF-030487755.1
OTU_1269	0	0	0	0	0	0	0	0	0	0	0	0	0	0	1	0	0	0	0	0	0	0	0	0	0	0	0	0	0	0	0	0	0	0	0	0	0	0	0	0	0	0	g__Bacillus_pumilus_B2_10_GCA_030122825.1	s__	Bacillus_pumilus_B2_10_GCA_030122825.1
OTU_1270	0	0	0	0	0	0	0	0	0	0	0	0	0	0	0	0	0	0	0	0	0	1	0	0	0	0	0	0	0	0	0	0	0	0	0	0	0	0	0	0	0	0	g__Bacillus_albus_SXL388_GCA_030292135.1	s__	Bacillus_albus_SXL388_GCA_030292135.1
OTU_1271	0	0	0	0	0	0	0	0	0	0	0	0	0	0	0	0	0	0	0	0	0	0	0	0	0	0	0	0	0	0	0	0	0	0	0	0	1	0	0	0	0	0	g__Bacillus_safensis_CEW-AP100_GCA_030122965.1	s__	Bacillus_safensis_CEW-AP100_GCA_030122965.1
OTU_1272	0	0	0	0	0	0	0	0	0	0	0	0	0	0	0	0	0	0	0	0	0	0	0	0	0	0	0	0	0	0	0	0	0	0	0	0	0	0	0	0	1	0	g__Bacillus_paralicheniformis_CEW	s__1W_GCA_030123025.1	Bacillus_paralicheniformis_CEW 1W_GCA_030123025.1
OTU_1273	0	0	0	0	0	1	0	0	0	0	0	0	0	0	0	0	0	0	0	0	0	0	0	0	0	0	0	0	0	0	0	0	0	0	0	0	0	0	0	0	0	0	g__Paenibacillus_sp.	s__11B_GCF-030487755.1	Paenibacillus_sp. 11B_GCF-030487755.1
OTU_1274	0	0	0	0	0	0	0	0	0	0	0	0	0	0	0	1	0	0	0	0	0	0	0	0	0	0	0	0	0	0	0	0	0	0	0	0	0	0	0	0	0	0	g__Bacillus_mycoides_SIN2.2_GCA_030292205.1	s__	Bacillus_mycoides_SIN2.2_GCA_030292205.1
OTU_1275	0	1	0	0	0	0	0	0	0	0	0	0	0	0	0	0	0	0	1	0	0	0	0	0	0	0	0	0	0	0	0	0	0	0	0	0	0	0	0	0	0	0	g__Paenibacillus_sp.	s__11B_GCF-030487755.1	Paenibacillus_sp. 11B_GCF-030487755.1
OTU_1276	0	0	0	0	0	0	0	0	0	0	0	0	0	0	0	0	0	0	1	0	0	0	0	0	0	0	0	0	0	0	0	0	0	0	0	0	0	0	0	0	0	0	g__Bacillus_paralicheniformis_CEW	s__1W_GCA_030123025.1	Bacillus_paralicheniformis_CEW 1W_GCA_030123025.1
OTU_1277	0	0	0	0	0	0	0	0	0	0	0	0	0	0	0	0	0	0	0	1	0	0	0	0	0	0	0	0	0	0	0	0	0	0	0	0	0	0	0	0	0	0	g__Paenibacillus_sp.	s__11B_GCF-030487755.1	Paenibacillus_sp. 11B_GCF-030487755.1
OTU_1278	0	0	0	0	0	0	0	0	0	0	0	0	0	0	0	0	0	0	0	0	0	0	0	0	0	0	0	0	0	0	0	0	0	0	1	0	0	0	0	0	0	0	g__Bacillus_altitudinis_G6S2_GCA_030123125.1	s__	Bacillus_altitudinis_G6S2_GCA_030123125.1
OTU_1279	0	0	0	0	0	0	0	0	1	0	0	0	0	0	0	0	0	0	0	0	0	0	0	0	0	0	0	0	0	0	0	0	0	0	0	0	0	0	0	0	0	0	g__Bacillus_paralicheniformis_CEW	s__1W_GCA_030123025.1	Bacillus_paralicheniformis_CEW 1W_GCA_030123025.1
OTU_1280	0	0	0	0	0	0	0	0	0	0	0	0	0	0	0	0	0	1	0	0	0	0	0	0	0	0	0	0	0	0	0	0	0	0	0	0	0	0	0	0	0	0	g__Paenibacillus_sp.	s__11B_GCF-030487755.1	Paenibacillus_sp. 11B_GCF-030487755.1
OTU_1281	0	0	0	0	0	0	0	0	0	0	0	0	0	0	0	0	0	0	0	0	0	0	0	0	0	0	0	0	0	0	0	0	0	0	1	0	0	0	0	0	0	0	g__Bacillus_altitudinis_G6S2_GCA_030123125.1	s__	Bacillus_altitudinis_G6S2_GCA_030123125.1
OTU_1282	0	0	0	0	0	0	0	0	0	0	0	0	0	0	0	0	0	0	0	0	0	0	0	0	0	0	0	0	0	0	0	0	0	0	0	0	0	1	0	0	0	0	g__Bacillus_toyonensis_Puebla_S2_GCA_030167055.1	s__	Bacillus_toyonensis_Puebla_S2_GCA_030167055.1
OTU_1283	0	0	0	0	0	0	0	0	0	0	0	0	0	0	0	0	0	0	0	0	0	0	0	0	0	0	0	0	0	0	0	0	0	0	0	0	0	0	0	1	0	0	g__Paenibacillus_sp.	s__11B_GCF-030487755.1	Paenibacillus_sp. 11B_GCF-030487755.1
OTU_1284	0	0	0	0	1	0	0	0	0	0	0	0	0	0	0	0	0	0	0	0	0	0	0	0	0	0	0	0	0	0	0	0	0	0	0	0	0	0	0	0	0	0	g__Bacillus_altitudinis_G6S2_GCA_030123125.1	s__	Bacillus_altitudinis_G6S2_GCA_030123125.1
OTU_1285	0	0	0	0	0	0	0	0	0	0	0	0	0	0	0	0	0	0	1	0	0	0	0	0	0	0	0	0	0	0	0	0	0	0	0	0	0	0	0	0	0	0	g__Paenibacillus_sp.	s__11B_GCF-030487755.1	Paenibacillus_sp. 11B_GCF-030487755.1
OTU_1286	0	0	0	0	0	0	0	0	0	0	0	0	0	0	0	0	0	0	0	0	1	0	0	0	0	0	0	0	0	0	0	0	0	0	0	0	0	0	0	0	0	0	g__Bacillus_safensis_CEW-AP100_GCA_030122965.1	s__	Bacillus_safensis_CEW-AP100_GCA_030122965.1
OTU_1287	0	0	0	0	0	0	0	0	0	0	0	0	0	0	0	0	0	0	0	0	0	0	0	0	0	0	0	0	0	0	0	0	0	0	0	0	1	0	0	0	0	0	g__Mesobacillus_sp.	s__AQ2_GCA_030122805.1	Mesobacillus_sp. AQ2_GCA_030122805.1
OTU_1288	0	0	0	0	0	0	0	0	0	0	0	0	0	0	0	0	0	0	1	0	0	0	0	0	0	0	0	0	0	0	0	0	0	0	0	0	0	0	0	0	0	0	g__Bacillus_paralicheniformis_CEW	s__1W_GCA_030123025.1	Bacillus_paralicheniformis_CEW 1W_GCA_030123025.1
OTU_1289	0	0	0	0	0	0	0	0	0	0	0	0	0	0	0	0	0	0	0	0	0	1	0	0	0	0	0	0	0	0	0	0	0	0	0	0	0	0	0	0	0	0	g__Lysinibacillus_pakistanensis_LY92_GCA_030123265.1	s__	Lysinibacillus_pakistanensis_LY92_GCA_030123265.1
OTU_1290	0	0	0	0	0	0	0	0	0	0	0	0	0	0	0	0	0	0	0	0	0	0	0	0	0	1	0	0	0	0	0	0	0	0	0	0	0	0	0	0	0	0	g__Paenibacillus_sp.	s__11B_GCF-030487755.1	Paenibacillus_sp. 11B_GCF-030487755.1
OTU_1291	0	0	0	0	0	0	0	0	0	0	0	0	0	0	0	0	1	0	0	0	0	0	0	0	0	0	0	0	0	0	0	0	0	0	0	0	0	0	0	0	0	0	g__Bacillus_hominis_SIN2.1_GCA_030348325.1	s__	Bacillus_hominis_SIN2.1_GCA_030348325.1
OTU_1292	0	0	0	0	0	0	0	0	0	0	0	0	0	0	0	0	1	0	0	0	0	0	0	0	0	0	0	0	0	0	0	0	0	0	0	0	0	0	0	0	0	0	g__Paenibacillus_sp.	s__11B_GCF-030487755.1	Paenibacillus_sp. 11B_GCF-030487755.1
OTU_1293	0	0	0	0	0	0	0	0	0	0	0	0	0	0	0	1	0	0	1	0	0	0	0	0	0	0	0	0	0	0	0	0	0	0	0	0	0	0	0	0	0	0	g__Paenibacillus_sp.	s__11B_GCF-030487755.1	Paenibacillus_sp. 11B_GCF-030487755.1
OTU_1294	0	0	0	0	2	0	0	1	0	0	1	0	0	0	0	0	0	0	0	0	0	1	0	0	0	1	0	1	0	0	0	0	0	0	0	0	0	0	0	0	0	0	g__Bacillus_paralicheniformis_CEW	s__1W_GCA_030123025.1	Bacillus_paralicheniformis_CEW 1W_GCA_030123025.1
OTU_1295	0	0	0	0	0	0	0	0	0	0	0	0	0	0	0	0	0	0	0	0	0	1	0	0	0	0	0	0	0	0	0	0	0	0	0	0	0	0	0	0	0	0	g__Paenibacillus_silvae_LY60_GCF_030348445.1	s__	Paenibacillus_silvae_LY60_GCF_030348445.1
OTU_1296	0	0	1	1	0	0	0	0	0	0	0	0	0	0	0	0	0	0	0	0	0	0	0	0	0	0	0	0	0	0	0	0	3	0	0	0	0	0	0	1	0	0	g__Bacillus_paralicheniformis_CEW	s__1W_GCA_030123025.1	Bacillus_paralicheniformis_CEW 1W_GCA_030123025.1
OTU_1297	0	0	0	0	0	0	0	0	0	0	0	0	0	0	0	0	0	0	0	0	0	0	0	0	0	0	0	0	0	0	0	0	0	0	1	0	0	0	0	0	0	0	g__Bacillus_safensis_CEW-AP100_GCA_030122965.1	s__	Bacillus_safensis_CEW-AP100_GCA_030122965.1
OTU_1298	0	0	0	0	0	0	0	0	0	0	0	0	0	0	0	0	0	0	0	0	0	0	0	0	0	0	0	0	0	0	0	0	0	0	0	0	0	1	0	0	0	0	g__Paenibacillus_sp.	s__11B_GCF-030487755.1	Paenibacillus_sp. 11B_GCF-030487755.1
OTU_1299	0	1	0	1	2	0	0	0	1	2	0	2	0	0	2	0	0	1	0	1	0	0	0	0	0	0	0	1	0	0	0	0	0	0	0	0	1	1	0	0	2	0	g__Paenibacillus_silvae_LY60_GCF_030348445.1	s__	Paenibacillus_silvae_LY60_GCF_030348445.1
OTU_1300	0	0	0	0	0	0	0	1	0	0	0	0	0	0	0	0	0	0	0	0	0	0	0	0	0	0	0	0	0	0	0	0	0	0	0	0	0	0	0	0	0	0	g__Paenibacillus_sp.	s__11B_GCF-030487755.1	Paenibacillus_sp. 11B_GCF-030487755.1
OTU_1301	0	0	0	0	0	0	0	2	0	0	0	0	0	0	0	0	1	0	1	0	0	1	1	0	0	1	0	0	0	0	0	0	0	0	0	0	0	0	1	2	0	0	g__Bacillus_altitudinis_G6S2_GCA_030123125.1	s__	Bacillus_altitudinis_G6S2_GCA_030123125.1
OTU_1302	0	0	0	0	0	0	0	0	0	0	0	0	0	0	0	0	0	0	0	0	0	0	0	0	0	0	0	0	0	0	0	0	0	0	0	0	0	1	0	0	0	0	g__Paenibacillus_sp.	s__11B_GCF-030487755.1	Paenibacillus_sp. 11B_GCF-030487755.1
OTU_1303	0	0	0	0	0	0	0	0	0	0	0	0	0	0	0	0	0	0	0	0	0	0	0	0	0	0	0	0	0	0	0	0	0	0	0	0	0	0	0	0	1	0	g__Paenibacillus_silvae_LY60_GCF_030348445.1	s__	Paenibacillus_silvae_LY60_GCF_030348445.1
OTU_1304	0	0	0	1	0	0	1	0	0	0	1	0	0	0	0	0	0	0	0	0	0	1	0	0	1	0	0	0	0	0	0	1	0	0	0	0	0	1	1	0	1	0	g__Paenibacillus_sp.	s__11B_GCF-030487755.1	Paenibacillus_sp. 11B_GCF-030487755.1
OTU_1305	0	1	0	0	2	2	2	1	0	0	1	1	0	0	1	2	0	0	0	1	0	0	1	0	0	0	0	0	0	1	0	1	0	0	0	1	1	2	0	2	1	0	g__Bacillus_safensis_CEW-AP100_GCA_030122965.1	s__	Bacillus_safensis_CEW-AP100_GCA_030122965.1
OTU_1306	0	0	0	0	1	0	0	0	0	0	0	0	0	0	0	0	0	0	0	0	0	0	0	0	0	0	1	0	0	0	0	0	0	0	0	0	0	0	0	0	0	0	g__Bacillus_paralicheniformis_CEW	s__1W_GCA_030123025.1	Bacillus_paralicheniformis_CEW 1W_GCA_030123025.1
OTU_1307	0	0	0	0	0	0	0	0	0	0	0	0	0	0	0	0	0	0	0	0	0	0	0	0	0	0	0	0	0	0	0	0	0	0	0	0	1	0	0	0	0	0	g__Paenibacillus_sp.	s__11B_GCF-030487755.1	Paenibacillus_sp. 11B_GCF-030487755.1
OTU_1308	0	0	0	0	0	0	0	0	0	0	0	0	0	0	0	0	0	0	0	0	0	0	0	0	0	0	0	0	0	0	0	0	0	0	0	0	0	1	0	0	0	0	g__Paenibacillus_sp.	s__11B_GCF-030487755.1	Paenibacillus_sp. 11B_GCF-030487755.1
OTU_1309	0	0	0	0	0	0	0	0	0	0	0	0	0	0	0	0	0	0	0	0	0	0	0	0	0	0	0	0	0	0	0	0	0	0	0	0	0	0	0	1	0	0	g__Paenibacillus_sp.	s__11B_GCF-030487755.1	Paenibacillus_sp. 11B_GCF-030487755.1
OTU_1310	0	0	0	0	0	0	0	0	0	0	0	1	0	0	0	0	0	0	0	0	0	0	0	0	0	0	0	0	0	0	0	0	0	0	0	0	0	0	0	0	0	0	g__Bacillus_paralicheniformis_CEW	s__1W_GCA_030123025.1	Bacillus_paralicheniformis_CEW 1W_GCA_030123025.1
OTU_1311	0	0	0	0	0	0	0	0	0	0	0	0	0	0	0	0	0	0	0	0	1	0	0	0	0	0	0	0	0	0	0	0	0	0	0	0	0	0	0	0	0	0	g__Paenibacillus_sp.	s__11B_GCF-030487755.1	Paenibacillus_sp. 11B_GCF-030487755.1
OTU_1312	0	0	0	0	0	0	0	0	0	0	0	0	0	0	0	0	0	0	0	0	0	0	0	0	0	0	0	0	0	0	0	0	0	0	0	0	0	0	0	0	0	1	g__Bacillus_paralicheniformis_CEW	s__1W_GCA_030123025.1	Bacillus_paralicheniformis_CEW 1W_GCA_030123025.1
OTU_1313	0	0	0	0	0	0	0	0	0	0	0	1	0	0	0	0	0	0	0	0	0	0	0	0	0	0	0	0	0	0	0	0	0	0	0	0	0	0	0	0	0	0	g__Bacillus_altitudinis_G6S2_GCA_030123125.1	s__	Bacillus_altitudinis_G6S2_GCA_030123125.1
OTU_1314	0	0	0	0	0	0	0	0	0	0	0	0	0	0	1	0	0	0	0	0	0	0	0	0	0	0	0	0	0	0	0	0	0	0	0	0	0	0	0	0	0	0	g__Bacillus_velezensis_DY26_GCA_031324265.1	s__	Bacillus_velezensis_DY26_GCA_031324265.1
OTU_1315	0	0	0	0	0	0	0	0	0	0	0	0	0	0	0	1	0	0	0	0	0	0	0	0	0	0	0	0	0	0	0	0	0	0	0	0	0	0	0	0	0	0	g__Bacillus_paralicheniformis_CEW	s__1W_GCA_030123025.1	Bacillus_paralicheniformis_CEW 1W_GCA_030123025.1
OTU_1316	0	0	0	0	0	0	0	0	0	0	0	0	0	0	0	0	0	0	0	1	0	0	0	0	0	0	0	0	0	0	0	0	0	0	0	0	0	0	0	0	0	0	g__Bacillus_safensis_CEW-AP100_GCA_030122965.1	s__	Bacillus_safensis_CEW-AP100_GCA_030122965.1
OTU_1317	0	0	0	0	0	0	0	0	0	0	0	0	0	0	0	0	0	0	0	0	0	0	0	0	0	0	0	1	0	0	0	0	0	0	0	0	0	0	0	0	0	0	g__Paenibacillus_sp.	s__11B_GCF-030487755.1	Paenibacillus_sp. 11B_GCF-030487755.1
OTU_1318	1	0	0	0	0	0	0	0	0	0	0	0	0	0	0	0	0	0	0	0	0	0	0	0	0	0	0	0	0	0	0	0	0	0	0	0	0	0	0	0	0	0	g__Bacillus_paralicheniformis_CEW	s__1W_GCA_030123025.1	Bacillus_paralicheniformis_CEW 1W_GCA_030123025.1
OTU_1319	0	0	0	0	1	0	0	0	0	0	0	0	0	0	0	0	0	0	0	0	0	0	0	0	0	0	0	0	0	0	0	0	0	0	0	0	0	0	0	0	0	0	g__Bacillus_altitudinis_G6S2_GCA_030123125.1	s__	Bacillus_altitudinis_G6S2_GCA_030123125.1
OTU_1320	0	0	0	0	0	0	0	0	0	0	0	1	0	0	0	0	0	0	0	0	0	0	0	0	0	0	0	0	0	0	0	0	0	0	0	0	0	0	0	0	0	0	g__Paenibacillus_sp.	s__11B_GCF-030487755.1	Paenibacillus_sp. 11B_GCF-030487755.1
OTU_1321	0	0	0	0	0	0	0	0	0	0	0	0	0	1	0	0	0	0	0	0	0	0	0	0	0	0	0	0	0	0	0	0	0	0	0	0	0	0	0	0	0	0	g__Paenibacillus_sp.	s__11B_GCF-030487755.1	Paenibacillus_sp. 11B_GCF-030487755.1
OTU_1322	0	0	0	0	0	0	0	0	0	0	0	0	0	0	0	0	0	0	1	0	0	0	0	0	0	0	0	0	0	0	0	0	0	0	0	0	0	0	0	0	0	0	g__Bacillus_safensis_CEW-AP100_GCA_030122965.1	s__	Bacillus_safensis_CEW-AP100_GCA_030122965.1
OTU_1323	0	1	0	0	0	0	0	0	0	0	0	0	0	0	0	0	0	0	0	0	0	0	0	0	0	0	0	0	0	0	0	0	0	0	0	0	0	0	0	0	0	0	g__Bacillus_altitudinis_G6S2_GCA_030123125.1	s__	Bacillus_altitudinis_G6S2_GCA_030123125.1
OTU_1324	0	0	0	0	1	0	0	0	0	0	0	0	0	0	0	0	0	0	0	0	0	0	0	0	0	0	0	0	0	0	0	0	0	0	0	0	0	0	0	0	0	0	g__Bacillus_sonorensis_YX13_GCA_031324045.1	s__	Bacillus_sonorensis_YX13_GCA_031324045.1
OTU_1325	0	0	0	0	0	0	0	0	0	0	0	0	0	0	1	0	0	0	0	0	0	0	0	0	0	0	0	0	0	0	0	0	0	0	0	0	0	0	0	0	0	0	g__Paenibacillus_sp.	s__11B_GCF-030487755.1	Paenibacillus_sp. 11B_GCF-030487755.1
OTU_1326	0	0	0	0	0	0	0	0	0	0	0	0	0	0	1	0	0	0	0	0	0	0	0	0	0	0	0	0	0	0	0	0	0	0	0	0	0	0	0	0	0	0	g__Paenibacillus_sp.	s__11B_GCF-030487755.1	Paenibacillus_sp. 11B_GCF-030487755.1
OTU_1327	0	0	0	0	0	0	0	0	0	0	0	0	0	0	0	0	0	1	0	0	0	0	0	0	0	0	0	0	0	0	0	0	0	0	0	0	0	0	0	0	0	0	g__Bacillus_paralicheniformis_CEW	s__1W_GCA_030123025.1	Bacillus_paralicheniformis_CEW 1W_GCA_030123025.1
OTU_1328	0	0	0	0	0	0	0	0	0	0	0	0	0	0	0	0	0	0	0	0	0	0	0	0	0	0	0	0	0	0	0	0	0	0	0	0	0	1	0	0	0	0	g__Paenibacillus_silvae_LY60_GCF_030348445.1	s__	Paenibacillus_silvae_LY60_GCF_030348445.1
OTU_1329	0	0	0	0	0	0	0	0	0	0	0	1	0	0	0	0	0	0	0	0	0	0	0	0	0	0	0	0	0	0	0	0	0	0	0	0	0	0	0	0	0	0	g__Paenibacillus_sp.	s__11B_GCF-030487755.1	Paenibacillus_sp. 11B_GCF-030487755.1
OTU_1330	0	0	0	0	0	0	0	0	0	0	0	0	0	1	0	0	0	0	0	0	0	0	0	0	0	0	0	0	0	0	0	0	0	0	0	0	0	0	0	0	0	0	g__Bacillus_sp._DX4.1_GCA_030348195.1	s__	Bacillus_sp._DX4.1_GCA_030348195.1
OTU_1331	1	0	0	2	1	0	0	1	1	0	0	0	0	0	1	1	0	0	0	2	0	0	0	0	0	0	0	0	0	0	0	0	0	0	0	0	1	0	1	0	0	0	g__Lysinibacillus_pakistanensis_LY92_GCA_030123265.1	s__	Lysinibacillus_pakistanensis_LY92_GCA_030123265.1
OTU_1332	0	0	0	0	0	0	0	0	0	0	0	1	0	0	0	0	0	0	0	0	0	1	0	0	0	0	0	0	0	0	0	0	0	0	0	0	0	0	0	0	0	0	g__Paenibacillus_sp.	s__11B_GCF-030487755.1	Paenibacillus_sp. 11B_GCF-030487755.1
OTU_1333	0	0	0	0	0	0	0	0	0	0	0	0	0	0	0	0	0	0	0	0	0	0	0	0	0	0	0	0	0	0	0	0	1	0	0	0	0	0	0	0	0	0	g__Bacillus_toyonensis_G7S3_GCA_031324285.1	s__	Bacillus_toyonensis_G7S3_GCA_031324285.1
OTU_1334	0	0	0	0	0	0	1	0	0	0	0	1	0	0	0	0	0	1	1	0	0	0	0	0	0	0	0	0	0	0	0	0	0	0	0	0	0	0	1	1	0	0	g__Paenibacillus_silvae_LY60_GCF_030348445.1	s__	Paenibacillus_silvae_LY60_GCF_030348445.1
OTU_1335	1	0	0	0	0	0	0	0	0	0	0	0	0	0	0	0	0	0	0	0	0	0	0	0	0	0	0	0	0	0	0	0	0	0	0	0	0	0	0	0	0	0	g__Rossellomorea_marisflavi_LC18_GCA_031324195.1	s__	Rossellomorea_marisflavi_LC18_GCA_031324195.1
OTU_1336	1	0	0	0	0	0	0	0	0	0	0	0	0	0	0	0	0	0	0	0	0	0	0	0	0	0	0	0	0	0	0	0	0	0	0	0	0	0	0	0	0	0	g__Virgibacillus_halodenitrifican_ACCC02857_GCA_030122745.1	s__	Virgibacillus_halodenitrifican_ACCC02857_GCA_030122745.1
OTU_1337	0	0	0	0	1	0	0	0	0	0	0	0	0	0	0	0	0	0	0	0	0	0	0	0	0	0	0	0	0	0	0	0	0	0	0	0	0	0	0	0	0	0	g__Bacillus_paralicheniformis_CEW	s__1W_GCA_030123025.1	Bacillus_paralicheniformis_CEW 1W_GCA_030123025.1
OTU_1338	0	0	0	0	0	0	0	1	0	0	0	0	0	0	0	0	0	0	0	0	0	0	0	0	0	0	0	0	0	0	0	0	0	0	0	0	0	0	0	0	0	0	g__Bacillus_safensis_CEW-AP100_GCA_030122965.1	s__	Bacillus_safensis_CEW-AP100_GCA_030122965.1
OTU_1339	0	0	0	0	0	0	0	0	0	0	0	0	0	1	0	0	0	0	0	0	0	0	0	0	0	0	0	0	0	0	0	0	0	0	0	0	0	0	0	0	0	0	g__Bacillus_safensis_CEW-AP100_GCA_030122965.1	s__	Bacillus_safensis_CEW-AP100_GCA_030122965.1
OTU_1340	0	0	0	0	0	0	0	0	0	0	0	0	0	1	0	0	0	0	0	0	0	0	0	0	0	0	0	0	0	0	0	0	0	0	0	0	0	0	0	0	0	0	g__Bacillus_safensis_CEW-AP100_GCA_030122965.1	s__	Bacillus_safensis_CEW-AP100_GCA_030122965.1
OTU_1341	0	0	0	0	0	0	0	0	0	0	0	0	0	1	0	0	0	0	0	0	0	0	0	0	0	0	0	0	0	0	0	0	0	0	0	0	0	0	0	0	0	0	g__Paenibacillus_sp.	s__11B_GCF-030487755.1	Paenibacillus_sp. 11B_GCF-030487755.1
OTU_1342	0	0	0	0	0	0	0	0	0	0	0	0	0	0	0	0	0	0	0	0	0	1	0	0	0	0	0	0	0	0	0	0	0	0	0	0	0	0	0	0	0	0	g__Bacillus_pumilus_GT4_IS1_GCA_030348915.1	s__	Bacillus_pumilus_GT4_IS1_GCA_030348915.1
OTU_1343	0	0	0	0	0	0	0	0	0	0	0	0	0	0	0	0	0	0	0	0	0	0	0	0	0	0	0	0	0	0	0	0	0	0	0	0	0	0	0	1	0	0	g__Bacillus_paralicheniformis_CEW	s__1W_GCA_030123025.1	Bacillus_paralicheniformis_CEW 1W_GCA_030123025.1
OTU_1344	0	0	0	0	1	0	0	0	0	0	0	0	0	0	0	0	0	0	0	0	0	0	0	0	0	0	0	0	0	0	0	0	0	0	0	0	0	0	0	0	0	0	g__Bacillus_paralicheniformis_CEW	s__1W_GCA_030123025.1	Bacillus_paralicheniformis_CEW 1W_GCA_030123025.1
OTU_1345	0	0	0	0	0	0	0	1	0	0	0	0	0	0	0	0	0	0	0	0	0	0	0	0	0	0	0	0	0	0	0	0	0	0	0	0	0	0	0	0	0	0	g__Paenibacillus_woosongensis	s__B2_4_GCA_030122845.1	Paenibacillus_woosongensis B2_4_GCA_030122845.1
OTU_1346	0	0	0	0	0	0	0	0	0	0	0	0	0	0	1	0	0	0	0	0	0	0	0	0	0	0	0	0	0	0	0	0	0	0	0	0	0	0	0	0	0	0	g__Rossellomorea_marisflavi_LC18_GCA_031324195.1	s__	Rossellomorea_marisflavi_LC18_GCA_031324195.1
OTU_1347	0	0	0	0	0	0	0	0	0	0	0	0	0	0	1	0	0	0	0	0	0	0	0	0	0	0	0	0	0	0	0	0	0	0	0	0	0	0	0	0	0	0	g__Paenibacillus_sp.	s__11B_GCF-030487755.1	Paenibacillus_sp. 11B_GCF-030487755.1
OTU_1348	0	0	0	0	0	0	0	0	1	0	0	0	0	0	0	0	0	0	0	0	0	0	0	1	0	0	0	0	0	0	0	0	0	0	1	0	0	0	0	0	0	0	g__Bacillus_sonorensis_YX13_GCA_031324045.1	s__	Bacillus_sonorensis_YX13_GCA_031324045.1
OTU_1349	1	0	0	0	0	0	0	0	0	0	1	1	0	0	0	0	1	0	1	0	0	0	0	0	0	0	0	0	0	0	0	0	1	0	0	0	0	0	0	0	0	0	g__Bacillus_velezensis_MB7_B11_GCA_030123285.1	s__	Bacillus_velezensis_MB7_B11_GCA_030123285.1
OTU_1350	0	1	0	0	0	0	0	0	0	0	0	0	0	0	0	0	0	0	0	0	0	0	0	0	0	0	0	0	0	0	0	0	0	0	0	0	0	0	0	0	0	0	g__Bacillus_halotolerans_KF17_GCA_030292055.1	s__	Bacillus_halotolerans_KF17_GCA_030292055.1
OTU_1351	0	1	0	0	0	0	0	0	0	0	0	0	0	0	0	0	0	0	0	0	0	0	0	0	0	0	0	0	0	0	0	0	0	0	0	0	0	0	0	0	0	0	g__Bacillus_pumilus_B2_10_GCA_030122825.1	s__	Bacillus_pumilus_B2_10_GCA_030122825.1
OTU_1352	0	0	0	1	0	0	0	0	0	0	0	0	0	0	0	0	0	0	0	0	0	0	0	0	0	0	0	0	0	0	0	0	0	0	0	0	0	0	0	0	0	0	g__Bacillus_velezensis_MB7_B13_GCA_030348465.1	s__	Bacillus_velezensis_MB7_B13_GCA_030348465.1
OTU_1353	0	0	0	0	0	0	0	0	0	0	0	0	0	0	0	0	1	0	0	0	0	0	0	0	0	0	0	0	0	0	0	0	0	0	1	0	0	0	0	0	0	0	g__Bacillus_paralicheniformis_CEW	s__1W_GCA_030123025.1	Bacillus_paralicheniformis_CEW 1W_GCA_030123025.1
OTU_1354	0	0	0	0	0	0	0	0	0	0	0	1	0	0	0	0	0	0	0	1	0	0	0	0	0	0	0	0	0	0	0	0	0	0	0	0	0	0	0	0	1	0	g__Bacillus_sp._DX1.1_GCA_030348225.1	s__	Bacillus_sp._DX1.1_GCA_030348225.1
OTU_1355	0	0	0	0	0	0	0	0	0	0	0	1	0	0	0	0	0	0	0	0	0	0	0	0	0	0	0	0	0	0	0	0	0	0	0	0	0	0	0	0	0	0	g__Bacillus_altitudinis_G6S2_GCA_030123125.1	s__	Bacillus_altitudinis_G6S2_GCA_030123125.1
OTU_1356	0	0	0	0	0	0	0	0	0	0	0	0	0	0	0	0	1	0	0	0	0	0	0	0	0	0	0	0	0	0	0	0	0	0	0	0	0	0	0	0	0	0	g__Bacillus_paralicheniformis_CEW	s__1W_GCA_030123025.1	Bacillus_paralicheniformis_CEW 1W_GCA_030123025.1
OTU_1357	0	0	0	0	0	0	0	0	0	0	0	0	0	0	0	0	0	0	0	0	0	0	0	1	0	0	0	0	0	0	0	0	0	0	0	0	0	0	0	0	0	0	g__Fictibacillus_enclensis_TL8_GCA_030348285.1	s__	Fictibacillus_enclensis_TL8_GCA_030348285.1
OTU_1358	0	0	0	0	0	0	0	1	0	0	0	0	0	0	0	0	0	0	0	0	0	0	0	0	0	0	0	0	0	0	0	0	0	0	0	0	0	0	0	0	0	0	g__Paenibacillus_sp.	s__11B_GCF-030487755.1	Paenibacillus_sp. 11B_GCF-030487755.1
OTU_1359	0	0	0	0	0	0	0	0	0	0	0	1	0	0	0	0	0	0	0	0	0	0	0	0	0	0	0	0	0	0	0	0	0	0	0	0	0	0	0	0	0	0	g__Bacillus_paralicheniformis_CEW	s__1W_GCA_030123025.1	Bacillus_paralicheniformis_CEW 1W_GCA_030123025.1
OTU_1360	0	0	0	0	0	0	0	0	0	0	0	0	0	0	0	1	0	0	0	0	0	0	0	0	0	0	0	0	0	0	0	0	0	0	0	0	0	0	0	0	0	0	g__Neobacillus_novalis_XLM17_GCA_030123445.1	s__	Neobacillus_novalis_XLM17_GCA_030123445.1
OTU_1362	0	0	0	0	1	0	0	0	0	0	0	0	0	0	0	0	1	0	0	0	0	0	0	0	0	0	0	0	0	0	0	0	0	0	0	0	0	0	0	0	0	0	g__Paenibacillus_sp.	s__11B_GCF-030487755.1	Paenibacillus_sp. 11B_GCF-030487755.1
OTU_1363	0	0	0	0	0	0	1	0	0	0	0	0	0	0	0	0	0	0	0	0	0	0	0	0	0	0	0	0	0	0	0	0	0	0	0	0	0	0	0	0	0	1	g__Bacillus_paralicheniformis_CEW	s__1W_GCA_030123025.1	Bacillus_paralicheniformis_CEW 1W_GCA_030123025.1
OTU_1364	0	0	0	0	0	0	0	0	0	0	0	0	0	0	1	0	0	0	0	0	0	0	0	0	0	0	0	0	0	0	0	0	0	0	0	0	0	0	0	0	0	0	g__Bacillus_paralicheniformis_CEW	s__1W_GCA_030123025.1	Bacillus_paralicheniformis_CEW 1W_GCA_030123025.1
OTU_1365	0	0	0	0	0	0	0	0	0	0	0	0	0	0	0	0	0	0	0	0	0	0	0	0	0	0	0	0	0	0	0	0	1	0	0	0	0	0	0	0	0	0	g__Bacillus_sonorensis_YX13_GCA_031324045.1	s__	Bacillus_sonorensis_YX13_GCA_031324045.1
OTU_1366	0	0	0	0	0	0	0	0	0	0	0	0	0	0	0	0	0	0	0	0	1	0	0	0	0	0	0	0	0	0	0	0	0	0	0	0	0	0	0	0	0	0	g__Bacillus_paralicheniformis_CEW	s__1W_GCA_030123025.1	Bacillus_paralicheniformis_CEW 1W_GCA_030123025.1
OTU_1367	0	0	0	0	0	0	0	0	0	0	0	0	0	0	0	0	0	0	0	0	0	0	0	0	0	0	0	1	0	0	0	0	0	0	0	0	0	0	0	0	0	0	g__Bacillus_paralicheniformis_CEW	s__1W_GCA_030123025.1	Bacillus_paralicheniformis_CEW 1W_GCA_030123025.1
OTU_1368	0	0	0	0	1	0	0	0	0	0	0	0	0	0	0	0	0	0	0	0	0	0	0	0	0	0	0	0	0	0	0	0	0	0	0	0	0	0	0	0	0	0	g__Rossellomorea_marisflavi_LC18_GCA_031324195.1	s__	Rossellomorea_marisflavi_LC18_GCA_031324195.1
OTU_1369	0	0	0	0	0	0	0	0	0	0	0	0	0	1	0	0	0	0	0	0	0	0	0	0	0	0	0	0	0	0	0	0	0	0	0	0	0	0	0	0	0	0	g__Bacillus_safensis_CEW-AP100_GCA_030122965.1	s__	Bacillus_safensis_CEW-AP100_GCA_030122965.1
OTU_1370	0	0	0	0	0	0	0	0	0	0	0	0	0	0	0	1	0	0	0	0	0	0	0	0	0	0	0	0	0	0	0	0	0	0	0	0	0	0	0	0	0	0	g__Bacillus_altitudinis_G6S2_GCA_030123125.1	s__	Bacillus_altitudinis_G6S2_GCA_030123125.1
OTU_1371	0	0	0	0	0	0	0	0	0	0	0	0	0	0	0	0	0	1	0	0	0	0	0	0	0	0	0	0	0	0	0	0	0	0	0	0	0	0	0	0	0	0	g__Bacillus_paralicheniformis_CEW	s__1W_GCA_030123025.1	Bacillus_paralicheniformis_CEW 1W_GCA_030123025.1
OTU_1372	0	0	0	0	0	0	0	0	0	0	0	0	0	0	0	0	0	0	0	0	0	0	0	0	0	0	0	0	0	0	0	0	0	0	0	0	0	1	0	0	0	0	g__Cytobacillus_firmus_LN5_GCA_030123225.1	s__	Cytobacillus_firmus_LN5_GCA_030123225.1
OTU_1373	0	0	0	0	0	0	0	0	0	0	0	0	0	0	0	0	0	1	0	0	0	0	0	0	0	0	0	0	0	0	0	0	0	0	0	0	0	0	0	0	0	0	g__Bacillus_paralicheniformis_CEW	s__1W_GCA_030123025.1	Bacillus_paralicheniformis_CEW 1W_GCA_030123025.1
OTU_1374	0	0	0	0	0	0	0	0	0	0	0	0	0	0	0	0	0	0	0	1	0	0	0	0	0	0	0	0	0	0	0	0	1	0	0	0	0	0	0	0	0	0	g__Neobacillus_novalis_XLM17_GCA_030123445.1	s__	Neobacillus_novalis_XLM17_GCA_030123445.1
OTU_1375	0	0	0	0	0	0	0	0	0	0	0	0	0	0	0	0	0	0	0	0	1	0	0	0	0	0	0	0	0	0	0	0	0	0	0	0	0	0	0	0	0	0	g__Bacillus_paralicheniformis_CEW	s__1W_GCA_030123025.1	Bacillus_paralicheniformis_CEW 1W_GCA_030123025.1
OTU_1376	0	0	0	0	0	0	0	0	0	0	0	0	0	0	0	0	0	0	0	0	0	0	0	0	0	0	0	0	0	0	0	0	0	1	0	0	0	0	0	0	0	0	g__Bacillus_paralicheniformis_CEW	s__1W_GCA_030123025.1	Bacillus_paralicheniformis_CEW 1W_GCA_030123025.1
OTU_1377	0	0	0	0	1	0	0	0	0	0	0	0	0	0	0	0	0	0	0	0	0	0	0	0	0	0	0	0	0	0	0	0	0	0	0	0	0	0	0	0	0	0	g__Bacillus_paralicheniformis_CEW	s__1W_GCA_030123025.1	Bacillus_paralicheniformis_CEW 1W_GCA_030123025.1
OTU_1378	0	0	0	0	0	0	0	0	0	0	1	0	0	0	0	0	0	0	0	0	0	0	0	0	0	0	0	0	0	0	0	0	0	0	0	0	0	0	0	0	0	0	g__Bacillus_paralicheniformis_CEW	s__1W_GCA_030123025.1	Bacillus_paralicheniformis_CEW 1W_GCA_030123025.1
OTU_1379	0	0	0	0	0	0	0	0	0	0	0	1	0	0	0	0	0	0	0	0	0	0	0	0	0	0	0	0	0	0	0	0	0	0	0	0	0	0	0	0	0	0	g__Bacillus_pseudomycoides_SIN1.1_GCA_031324125.1	s__	Bacillus_pseudomycoides_SIN1.1_GCA_031324125.1
OTU_1380	0	0	0	0	0	0	0	0	0	0	0	0	0	0	0	0	0	0	0	0	0	0	0	0	0	0	0	0	0	0	0	0	0	0	0	1	0	0	0	0	0	0	g__Bacillus_altitudinis_G6S2_GCA_030123125.1	s__	Bacillus_altitudinis_G6S2_GCA_030123125.1
OTU_1381	0	0	0	0	1	0	0	0	0	0	0	0	0	0	0	0	0	0	0	0	0	0	0	0	0	0	0	0	0	0	0	0	0	0	0	0	0	0	0	0	0	0	g__Bacillus_sonorensis_YX13_GCA_031324045.1	s__	Bacillus_sonorensis_YX13_GCA_031324045.1
OTU_1382	0	0	0	0	0	0	0	0	0	0	0	0	0	0	0	0	0	0	0	0	0	1	0	0	0	0	0	0	0	0	0	0	0	0	0	0	0	0	0	0	0	0	g__Paenibacillus_silvae_LY60_GCF_030348445.1	s__	Paenibacillus_silvae_LY60_GCF_030348445.1
OTU_1383	0	0	0	0	0	0	0	0	0	0	0	0	0	0	0	0	0	0	0	0	0	0	0	0	0	0	0	0	0	0	0	0	0	0	1	0	0	0	0	0	0	0	g__Paenibacillus_silvae_LY60_GCF_030348445.1	s__	Paenibacillus_silvae_LY60_GCF_030348445.1
OTU_1384	0	0	0	0	0	0	0	0	0	0	0	0	0	0	0	0	0	0	0	0	0	0	0	0	0	0	0	0	0	0	0	0	0	0	0	0	0	0	0	0	1	0	g__Bacillus_anthracis_Mn106-1	s__head2	Bacillus_anthracis_Mn106-1 head2 chi_GCA_030166975.1
OTU_1385	0	0	0	0	0	0	0	0	0	0	0	0	0	0	0	0	0	0	0	0	0	0	0	0	0	0	1	0	0	0	0	0	0	0	0	0	0	0	0	0	0	0	g__Lysinibacillus_pakistanensis_LY92_GCA_030123265.1	s__	Lysinibacillus_pakistanensis_LY92_GCA_030123265.1
OTU_1386	0	0	0	0	0	0	0	0	0	0	0	0	0	0	0	0	0	0	0	0	1	0	0	0	0	0	0	0	0	0	0	0	0	0	0	0	0	0	0	0	0	0	g__Lysinibacillus_pakistanensis_LY92_GCA_030123265.1	s__	Lysinibacillus_pakistanensis_LY92_GCA_030123265.1
OTU_1387	0	0	0	0	0	0	0	0	0	0	0	0	0	0	0	0	0	0	0	0	0	0	0	0	0	0	0	0	0	0	0	0	0	0	0	0	0	1	0	0	0	0	g__Bacillus_subtilis_G2S2_GCA_030123085.1	s__	Bacillus_subtilis_G2S2_GCA_030123085.1
OTU_1388	0	0	0	0	0	0	0	0	0	0	0	0	0	0	0	0	0	0	0	1	0	0	0	0	0	0	0	0	0	0	0	0	0	0	0	0	0	0	1	0	0	0	g__Paenibacillus_sp.	s__11B_GCF-030487755.1	Paenibacillus_sp. 11B_GCF-030487755.1
OTU_1389	0	0	1	0	0	0	0	0	0	0	0	0	0	0	0	0	0	0	0	0	0	0	0	0	0	0	0	0	0	0	0	0	0	0	0	0	0	0	0	0	0	0	g__Paenibacillus_sp.	s__11B_GCF-030487755.1	Paenibacillus_sp. 11B_GCF-030487755.1
OTU_1390	0	0	0	0	1	0	0	0	0	0	0	0	0	0	0	0	0	0	0	0	0	0	0	0	0	0	0	0	0	0	0	0	0	0	0	0	0	0	0	1	0	0	g__Paenibacillus_sp.	s__11B_GCF-030487755.1	Paenibacillus_sp. 11B_GCF-030487755.1
OTU_1391	0	0	0	0	0	0	0	0	0	0	0	0	0	0	0	0	0	0	0	0	0	0	0	0	0	0	0	0	0	0	0	0	0	0	1	0	0	0	0	0	0	0	g__Paenibacillus_sp.	s__11B_GCF-030487755.1	Paenibacillus_sp. 11B_GCF-030487755.1
OTU_1392	0	0	0	0	0	0	0	0	0	0	0	0	0	0	0	0	0	0	0	0	0	0	0	0	0	0	0	0	0	0	0	0	0	0	0	0	0	0	1	0	0	0	g__Paenibacillus_silvae_LY60_GCF_030348445.1	s__	Paenibacillus_silvae_LY60_GCF_030348445.1
OTU_1393	0	0	0	1	0	0	0	0	0	0	0	0	0	0	0	0	0	0	0	0	0	0	0	0	0	0	0	0	0	0	0	0	0	0	0	0	0	0	0	0	0	0	g__Paenibacillus_silvae_LY60_GCF_030348445.1	s__	Paenibacillus_silvae_LY60_GCF_030348445.1
OTU_1394	0	0	0	1	0	0	0	0	0	0	0	0	0	0	0	0	0	0	0	0	0	0	0	0	0	0	0	0	0	0	0	0	0	0	0	0	0	0	0	0	0	0	g__Paenibacillus_sp.	s__11B_GCF-030487755.1	Paenibacillus_sp. 11B_GCF-030487755.1
OTU_1395	0	0	0	0	0	0	1	0	0	0	0	0	0	0	0	0	0	0	0	0	0	0	0	0	0	0	0	0	0	0	0	0	0	0	0	0	0	0	0	0	0	0	g__Bacillus_velezensis_MB7_B13_GCA_030348465.1	s__	Bacillus_velezensis_MB7_B13_GCA_030348465.1
OTU_1396	0	0	0	0	0	0	0	0	0	0	0	0	0	0	0	0	0	0	1	0	0	0	0	0	0	0	0	0	0	0	0	0	0	0	0	0	0	0	0	0	0	0	g__Bacillus_licheniformis_D9_B_45_GCA_030348625.1	s__	Bacillus_licheniformis_D9_B_45_GCA_030348625.1
OTU_1397	0	0	0	0	0	0	0	0	0	0	0	0	0	0	0	0	0	0	0	0	0	0	0	1	0	0	0	0	0	0	0	0	0	0	0	0	0	0	0	0	0	0	g__Paenibacillus_woosongensis	s__B2_4_GCA_030122845.1	Paenibacillus_woosongensis B2_4_GCA_030122845.1
OTU_1398	0	0	0	0	0	0	0	0	0	0	0	0	0	0	0	0	0	0	0	0	0	0	0	0	1	0	0	0	0	0	0	0	0	0	0	0	0	0	0	0	0	0	g__Bacillus_sp._DX4.1_GCA_030348195.1	s__	Bacillus_sp._DX4.1_GCA_030348195.1
OTU_1399	0	0	0	0	0	0	0	0	0	1	0	1	0	0	0	0	0	0	0	0	0	0	0	0	0	0	0	0	0	0	0	0	0	0	0	0	0	0	0	1	0	0	g__Paenibacillus_sp.	s__11B_GCF-030487755.1	Paenibacillus_sp. 11B_GCF-030487755.1
OTU_1400	0	0	0	0	0	0	0	0	0	0	0	0	0	1	0	0	0	0	0	0	0	0	0	0	0	0	0	0	0	0	0	0	0	0	0	0	0	0	0	0	0	0	g__Paenibacillus_sp.	s__11B_GCF-030487755.1	Paenibacillus_sp. 11B_GCF-030487755.1
OTU_1401	0	0	0	0	0	0	0	0	0	0	0	0	0	0	0	0	0	0	0	0	0	0	0	0	0	0	0	0	0	0	0	0	0	0	1	0	0	0	0	0	0	0	g__Bacillus_licheniformis_D9_B_45_GCA_030348625.1	s__	Bacillus_licheniformis_D9_B_45_GCA_030348625.1
OTU_1402	0	0	0	0	0	0	0	0	0	1	0	0	0	0	0	0	0	0	0	0	0	0	0	0	0	0	0	0	0	0	0	0	0	0	0	0	0	0	0	0	0	0	g__Bacillus_paralicheniformis_CEW	s__1W_GCA_030123025.1	Bacillus_paralicheniformis_CEW 1W_GCA_030123025.1
OTU_1403	0	0	0	0	0	0	0	0	0	0	0	0	0	0	0	0	0	0	0	0	0	0	0	0	0	0	0	0	0	0	0	0	0	0	0	1	0	0	0	0	0	0	g__Bacillus_paralicheniformis_CEW	s__1W_GCA_030123025.1	Bacillus_paralicheniformis_CEW 1W_GCA_030123025.1
OTU_1404	1	0	0	0	0	0	0	0	0	0	0	0	0	0	0	0	0	0	0	0	0	0	0	0	0	0	0	0	0	0	0	0	0	0	0	0	0	0	0	0	0	0	g__Bacillus_paralicheniformis_CEW	s__1W_GCA_030123025.1	Bacillus_paralicheniformis_CEW 1W_GCA_030123025.1
OTU_1405	0	0	0	0	0	0	0	0	0	0	0	0	0	0	1	0	0	0	0	0	0	0	0	0	0	0	0	0	0	0	0	0	0	0	0	0	0	0	0	0	0	0	g__Paenibacillus_sp.	s__11B_GCF-030487755.1	Paenibacillus_sp. 11B_GCF-030487755.1
OTU_1406	0	0	0	0	0	0	0	0	0	0	0	0	0	0	0	0	0	1	0	0	0	0	0	0	0	0	0	0	0	0	0	0	0	0	0	0	0	0	0	0	0	0	g__Paenibacillus_sp.	s__11B_GCF-030487755.1	Paenibacillus_sp. 11B_GCF-030487755.1
OTU_1407	0	0	0	0	0	0	0	0	0	0	0	0	0	0	0	0	0	0	0	1	0	0	0	0	0	0	0	0	0	0	0	0	0	0	0	0	0	0	0	0	0	0	g__Bacillus_sonorensis_YX13_GCA_031324045.1	s__	Bacillus_sonorensis_YX13_GCA_031324045.1
OTU_1408	0	0	0	0	0	0	0	0	0	0	0	0	0	0	0	0	0	0	0	0	1	0	0	0	0	0	0	0	0	0	0	0	0	0	0	0	0	0	0	0	0	0	g__Bacillus_paralicheniformis_CEW	s__1W_GCA_030123025.1	Bacillus_paralicheniformis_CEW 1W_GCA_030123025.1
OTU_1409	0	0	0	0	1	0	0	0	0	0	0	0	0	0	0	0	0	0	0	0	0	0	0	0	0	0	0	0	0	0	0	0	0	0	0	1	0	0	0	0	0	0	g__Lysinibacillus_pakistanensis_LY92_GCA_030123265.1	s__	Lysinibacillus_pakistanensis_LY92_GCA_030123265.1
OTU_1410	0	0	0	0	0	0	0	0	0	0	0	0	0	0	0	0	0	0	0	0	0	0	0	0	0	0	0	0	0	0	0	0	0	0	0	1	0	0	0	0	0	0	g__Bacillus_paralicheniformis_CEW	s__1W_GCA_030123025.1	Bacillus_paralicheniformis_CEW 1W_GCA_030123025.1
OTU_1411	0	0	0	0	0	0	0	0	0	0	0	0	0	0	0	0	0	0	0	0	0	0	0	0	0	0	0	0	0	0	0	0	0	0	0	1	0	0	0	0	0	0	g__Paenibacillus_sp.	s__11B_GCF-030487755.1	Paenibacillus_sp. 11B_GCF-030487755.1
OTU_1412	1	0	0	0	0	0	0	0	0	0	0	0	0	0	0	0	0	0	0	0	0	0	0	0	0	0	0	0	0	0	0	0	0	0	0	0	0	0	0	0	0	0	g__Bacillus_arachidis_YX15_GCA_030285945.1	s__	Bacillus_arachidis_YX15_GCA_030285945.1
OTU_1413	0	0	0	0	0	0	0	0	0	0	0	0	0	0	0	0	0	0	0	0	1	0	0	0	0	0	0	0	0	0	0	0	0	0	0	0	0	0	0	0	0	0	g__Paenibacillus_sp.	s__11B_GCF-030487755.1	Paenibacillus_sp. 11B_GCF-030487755.1
OTU_1414	0	0	0	0	0	0	0	0	0	0	0	0	0	0	0	0	0	1	0	0	0	0	0	0	0	0	0	0	0	0	0	0	0	0	0	0	0	0	0	0	0	0	g__Bacillus_sonorensis_YX13_GCA_031324045.1	s__	Bacillus_sonorensis_YX13_GCA_031324045.1
OTU_1415	0	0	0	0	0	0	0	0	0	0	0	0	0	0	0	0	0	0	1	0	0	0	0	0	0	0	0	0	0	0	0	0	0	0	0	0	0	0	0	0	0	0	g__Paenibacillus_sp.	s__11B_GCF-030487755.1	Paenibacillus_sp. 11B_GCF-030487755.1
OTU_1416	0	0	0	0	0	0	0	0	0	0	0	0	0	0	0	0	0	0	0	0	0	0	0	0	0	0	0	0	0	0	0	1	0	0	0	0	0	0	0	0	0	0	g__Paenibacillus_sp.	s__11B_GCF-030487755.1	Paenibacillus_sp. 11B_GCF-030487755.1
OTU_1417	0	0	0	0	0	0	0	0	0	0	0	0	0	1	0	0	0	0	0	0	0	0	0	0	0	0	0	0	0	0	0	0	0	0	0	0	0	0	0	0	0	0	g__Paenibacillus_sp.	s__11B_GCF-030487755.1	Paenibacillus_sp. 11B_GCF-030487755.1
OTU_1419	0	0	0	0	0	0	0	0	0	0	1	0	0	1	0	0	0	0	0	0	0	0	0	0	0	0	0	0	0	0	0	0	0	0	0	0	0	0	0	0	0	1	g__Paenibacillus_sp.	s__11B_GCF-030487755.1	Paenibacillus_sp. 11B_GCF-030487755.1
OTU_1420	0	0	1	2	1	2	0	2	1	1	1	2	0	1	1	0	2	1	1	2	1	1	1	0	1	0	0	0	0	0	0	2	2	0	0	1	1	2	2	0	0	0	g__Bacillus_paralicheniformis_CEW	s__1W_GCA_030123025.1	Bacillus_paralicheniformis_CEW 1W_GCA_030123025.1
OTU_1421	0	0	0	0	0	0	1	0	0	0	0	0	0	0	0	0	0	0	0	0	0	0	0	0	0	0	0	0	0	0	0	0	0	0	0	0	0	0	0	0	0	0	g__Paenibacillus_sp.	s__11B_GCF-030487755.1	Paenibacillus_sp. 11B_GCF-030487755.1
OTU_1422	0	0	0	0	0	0	0	0	0	0	1	1	0	0	0	0	0	0	0	1	0	0	0	0	0	0	0	0	0	0	0	0	0	0	0	1	0	0	0	0	0	0	g__Paenibacillus_sp.	s__11B_GCF-030487755.1	Paenibacillus_sp. 11B_GCF-030487755.1
OTU_1423	0	0	0	0	0	0	0	0	0	0	0	0	0	0	1	0	1	0	0	0	0	0	0	0	0	0	0	0	0	0	0	0	0	0	0	0	0	0	0	0	0	0	g__Peribacillus_simplex_D9_B_73_GCA_030123045.1	s__	Peribacillus_simplex_D9_B_73_GCA_030123045.1
OTU_1424	0	0	0	0	0	0	0	0	0	0	0	0	0	0	0	0	1	0	0	0	0	0	0	0	0	0	0	0	0	0	0	0	0	0	0	0	0	0	0	0	0	0	g__Bacillus_sonorensis_YX13_GCA_031324045.1	s__	Bacillus_sonorensis_YX13_GCA_031324045.1
OTU_1425	0	0	0	0	0	0	0	0	0	0	0	1	0	0	0	0	0	0	0	0	0	0	0	0	0	0	0	0	0	0	0	0	0	0	0	0	0	0	0	0	0	0	g__Bacillus_sonorensis_YX13_GCA_031324045.1	s__	Bacillus_sonorensis_YX13_GCA_031324045.1
OTU_1426	0	0	0	0	0	0	0	0	0	0	0	1	0	0	0	0	0	0	0	0	0	0	0	0	0	0	0	0	0	0	0	0	0	0	0	0	0	0	0	0	0	0	g__Bacillus_paralicheniformis_CEW	s__1W_GCA_030123025.1	Bacillus_paralicheniformis_CEW 1W_GCA_030123025.1
OTU_1427	0	0	0	0	0	0	0	0	0	0	0	0	1	0	0	0	0	0	0	0	0	0	0	0	0	0	0	0	0	0	0	0	0	0	0	0	0	0	0	0	0	0	g__Paenibacillus_sp.	s__11B_GCF-030487755.1	Paenibacillus_sp. 11B_GCF-030487755.1
OTU_1428	0	0	0	0	0	0	0	0	0	0	0	0	0	0	0	0	0	0	0	0	0	0	0	0	0	0	0	0	0	0	0	0	0	0	0	0	0	0	0	0	1	0	g__Paenibacillus_sp.	s__11B_GCF-030487755.1	Paenibacillus_sp. 11B_GCF-030487755.1
OTU_1429	0	0	0	0	0	0	0	0	0	0	0	0	0	1	0	0	0	0	0	0	0	0	0	0	0	0	0	0	0	0	0	0	0	0	0	0	0	0	0	0	0	0	g__Paenibacillus_sp.	s__11B_GCF-030487755.1	Paenibacillus_sp. 11B_GCF-030487755.1
OTU_1430	0	0	0	0	0	0	0	0	0	0	0	0	0	0	0	0	1	0	0	0	0	0	0	0	0	0	0	1	0	0	0	0	0	0	0	0	0	0	0	0	0	0	g__Lysinibacillus_pakistanensis_LY92_GCA_030123265.1	s__	Lysinibacillus_pakistanensis_LY92_GCA_030123265.1
OTU_1431	0	0	0	0	0	0	0	0	0	0	0	0	0	0	0	0	0	1	0	0	0	0	0	0	0	0	0	0	0	0	0	0	0	0	0	0	0	0	0	0	0	0	g__Bacillus_altitudinis_G6S2_GCA_030123125.1	s__	Bacillus_altitudinis_G6S2_GCA_030123125.1
OTU_1432	0	0	0	0	0	0	0	0	0	0	0	0	0	0	0	0	0	0	1	0	0	0	0	0	0	0	0	0	0	0	0	0	0	0	0	0	0	0	0	0	0	0	g__Bacillus_safensis_CEW-AP100_GCA_030122965.1	s__	Bacillus_safensis_CEW-AP100_GCA_030122965.1
OTU_1433	0	0	0	0	0	0	0	0	0	0	0	0	0	0	0	0	0	0	0	0	0	1	0	0	0	0	0	0	0	0	0	0	0	0	0	0	0	0	0	0	0	0	g__Paenibacillus_sp.	s__11B_GCF-030487755.1	Paenibacillus_sp. 11B_GCF-030487755.1
OTU_1434	0	0	0	0	0	0	1	0	0	0	0	0	0	1	0	0	0	0	0	0	0	0	0	0	0	0	0	0	0	0	0	0	0	0	1	0	1	0	0	0	0	0	g__Bacillus_wiedmannii_Munchenroda_S7_GCA_030348415.1	s__	Bacillus_wiedmannii_Munchenroda_S7_GCA_030348415.1
OTU_1435	1	1	4	1	0	2	1	1	0	0	0	0	0	1	1	0	3	0	3	2	0	1	0	0	1	0	0	1	0	3	0	1	0	0	0	3	2	1	2	1	0	2	g__Paenibacillus_sp.	s__11B_GCF-030487755.1	Paenibacillus_sp. 11B_GCF-030487755.1
OTU_1436	0	0	0	0	0	0	0	0	0	0	0	0	0	0	0	0	0	0	0	0	0	0	0	0	0	0	0	0	1	0	0	0	0	0	0	0	0	0	0	0	0	0	g__Bacillus_sonorensis_YX13_GCA_031324045.1	s__	Bacillus_sonorensis_YX13_GCA_031324045.1
OTU_1437	0	1	0	0	0	0	1	1	0	0	2	0	0	0	1	1	0	0	0	0	0	0	0	0	0	0	0	0	0	1	0	0	0	0	0	1	0	0	1	1	0	0	g__Paenibacillus_sp.	s__11B_GCF-030487755.1	Paenibacillus_sp. 11B_GCF-030487755.1
OTU_1438	0	0	0	0	0	0	0	0	0	0	0	0	0	0	0	0	0	0	0	0	0	0	0	0	0	0	0	0	0	0	0	0	0	0	0	0	0	0	0	0	1	0	g__Bacillus_safensis_CEW-AP100_GCA_030122965.1	s__	Bacillus_safensis_CEW-AP100_GCA_030122965.1
OTU_1439	0	0	1	0	0	0	0	0	0	0	0	0	0	0	0	0	0	0	0	0	0	0	0	0	0	0	0	0	0	0	0	0	0	0	0	0	0	0	0	0	0	0	g__Paenibacillus_sp.	s__11B_GCF-030487755.1	Paenibacillus_sp. 11B_GCF-030487755.1
OTU_1440	0	0	0	0	0	0	0	0	0	0	0	0	0	0	0	0	0	0	1	0	0	0	0	0	0	0	0	0	0	0	0	0	0	0	0	0	0	0	0	0	0	0	g__Bacillus_altitudinis_G6S2_GCA_030123125.1	s__	Bacillus_altitudinis_G6S2_GCA_030123125.1
OTU_1441	0	0	0	0	0	0	0	0	0	0	0	0	0	0	0	0	0	0	0	1	0	0	0	0	0	0	0	0	0	0	0	0	0	0	0	0	1	0	0	0	0	0	g__Paenibacillus_sp.	s__11B_GCF-030487755.1	Paenibacillus_sp. 11B_GCF-030487755.1
OTU_1442	0	0	0	0	0	0	0	0	0	0	0	0	0	0	0	0	0	0	0	0	0	0	0	0	0	0	0	0	0	0	0	0	0	0	0	0	0	0	1	0	0	0	g__Bacillus_halotolerans_KF17_GCA_030292055.1	s__	Bacillus_halotolerans_KF17_GCA_030292055.1
OTU_1443	0	0	0	0	0	0	0	0	0	0	0	0	0	0	0	0	0	0	0	0	1	0	0	0	0	0	0	0	0	0	0	0	0	0	0	0	0	0	0	1	0	0	g__Paenibacillus_sp.	s__11B_GCF-030487755.1	Paenibacillus_sp. 11B_GCF-030487755.1
OTU_1444	0	0	0	1	0	0	0	0	0	0	0	0	0	0	0	0	0	0	0	0	0	0	0	0	0	0	0	0	0	0	0	0	0	0	0	0	0	0	0	0	0	0	g__Bacillus_paralicheniformis_CEW	s__1W_GCA_030123025.1	Bacillus_paralicheniformis_CEW 1W_GCA_030123025.1
OTU_1445	0	0	0	0	1	0	0	0	0	0	0	0	0	0	0	0	0	0	0	0	0	0	0	0	0	0	0	0	0	0	0	0	0	0	0	0	0	0	0	0	0	0	g__Bacillus_altitudinis_G6S2_GCA_030123125.1	s__	Bacillus_altitudinis_G6S2_GCA_030123125.1
OTU_1446	0	0	0	0	0	0	0	0	0	0	0	0	0	0	0	0	1	0	0	0	0	0	0	0	0	0	0	0	0	0	0	0	0	0	0	0	0	0	0	0	0	0	g__Bacillus_pumilus_B2_10_GCA_030122825.1	s__	Bacillus_pumilus_B2_10_GCA_030122825.1
OTU_1447	0	0	0	0	0	0	0	0	0	0	0	0	0	0	0	0	0	0	0	0	0	0	0	0	0	0	0	0	0	0	0	1	0	0	0	0	0	0	0	0	0	0	g__Paenibacillus_silvae_LY60_GCF_030348445.1	s__	Paenibacillus_silvae_LY60_GCF_030348445.1
OTU_1449	1	0	0	0	0	0	0	0	0	0	0	0	0	0	0	0	0	0	0	0	0	0	0	0	0	0	0	0	0	0	0	0	0	0	0	0	0	0	0	0	0	0	g__Paenibacillus_sp.	s__11B_GCF-030487755.1	Paenibacillus_sp. 11B_GCF-030487755.1
OTU_1450	0	0	0	0	0	0	0	0	0	0	0	1	0	1	0	0	0	0	0	0	0	0	0	0	0	0	0	0	0	0	0	1	0	0	0	0	0	0	0	0	0	0	g__Paenibacillus_sp.	s__11B_GCF-030487755.1	Paenibacillus_sp. 11B_GCF-030487755.1
OTU_1452	0	0	0	0	0	0	0	0	0	0	0	1	0	0	0	0	0	0	0	0	0	0	0	0	0	0	0	0	0	0	0	0	0	0	0	0	0	0	0	0	0	0	g__Paenibacillus_sp.	s__11B_GCF-030487755.1	Paenibacillus_sp. 11B_GCF-030487755.1
OTU_1453	0	0	0	0	0	0	0	0	0	0	0	0	0	1	0	0	0	0	0	0	0	0	0	0	0	0	0	0	0	0	0	0	0	0	0	0	0	0	0	0	0	0	g__Neobacillus_novalis_XLM17_GCA_030123445.1	s__	Neobacillus_novalis_XLM17_GCA_030123445.1
OTU_1454	2	2	1	0	0	0	1	0	1	0	0	1	1	0	2	1	1	0	1	0	1	1	0	0	0	1	0	0	1	0	1	0	0	0	0	2	1	0	1	0	1	2	g__Bacillus_sonorensis_YX13_GCA_031324045.1	s__	Bacillus_sonorensis_YX13_GCA_031324045.1
OTU_1455	0	0	0	0	0	0	0	0	0	0	0	0	0	0	0	0	0	0	0	0	0	0	0	0	0	0	0	0	0	0	1	0	0	0	0	0	0	0	0	0	0	0	g__Bacillus_paralicheniformis_CEW	s__1W_GCA_030123025.1	Bacillus_paralicheniformis_CEW 1W_GCA_030123025.1
OTU_1456	0	0	0	0	0	0	0	0	0	0	0	0	0	0	0	0	0	1	0	0	0	0	0	0	0	0	0	0	0	0	0	0	0	0	0	0	0	0	0	0	0	0	g__Paenibacillus_sp.	s__11B_GCF-030487755.1	Paenibacillus_sp. 11B_GCF-030487755.1
OTU_1457	0	0	0	0	0	0	0	0	0	0	0	0	0	0	0	0	0	0	0	0	0	0	0	0	0	0	0	0	0	0	0	0	0	1	0	0	0	0	0	0	0	0	g__Bacillus_sonorensis_YX13_GCA_031324045.1	s__	Bacillus_sonorensis_YX13_GCA_031324045.1
OTU_1457	0	0	0	0	0	0	0	0	0	0	0	0	0	0	0	0	0	0	0	0	0	0	0	0	0	0	0	0	0	0	0	0	0	1	0	0	0	0	0	0	0	0	g__Bacillus_sonorensis_YX13_GCA_031324045.1	s__	Bacillus_sonorensis_YX13_GCA_031324045.1
OTU_1458	0	0	0	0	1	0	0	0	0	0	0	0	0	0	0	0	0	0	0	0	0	0	0	0	0	0	0	0	0	0	1	0	0	0	0	0	0	0	0	0	0	0	g__Bacillus_safensis_CEW-AP100_GCA_030122965.1	s__	Bacillus_safensis_CEW-AP100_GCA_030122965.1
OTU_1459	0	0	0	0	0	1	0	0	0	1	1	0	0	0	0	1	0	0	1	0	0	0	0	0	0	0	0	0	0	0	0	0	0	0	0	0	0	1	0	0	0	0	g__Paenibacillus_sp.	s__11B_GCF-030487755.1	Paenibacillus_sp. 11B_GCF-030487755.1
OTU_1460	0	0	0	0	0	0	0	0	0	0	0	0	0	0	0	0	0	0	0	0	0	0	0	0	1	0	0	0	0	0	0	0	0	0	0	0	0	0	0	0	0	0	g__Paenibacillus_sp.	s__11B_GCF-030487755.1	Paenibacillus_sp. 11B_GCF-030487755.1
OTU_1461	0	0	0	0	0	0	0	0	0	0	0	0	0	1	0	0	0	0	0	0	0	0	0	0	0	0	0	0	0	0	0	0	0	0	0	0	0	0	0	0	0	0	g__Paenibacillus_sp.	s__11B_GCF-030487755.1	Paenibacillus_sp. 11B_GCF-030487755.1
OTU_1462	0	0	0	0	0	0	0	0	0	0	0	0	0	0	0	0	0	0	0	0	0	0	0	0	0	0	0	0	0	0	0	0	0	0	0	0	0	0	0	0	1	0	g__Paenibacillus_sp.	s__11B_GCF-030487755.1	Paenibacillus_sp. 11B_GCF-030487755.1
OTU_1463	0	0	0	0	0	0	0	0	1	0	0	0	0	0	0	0	0	0	0	0	0	0	0	0	0	0	0	0	0	0	0	0	0	0	0	0	0	0	0	0	1	0	g__Bacillus_sonorensis_YX13_GCA_031324045.1	s__	Bacillus_sonorensis_YX13_GCA_031324045.1
OTU_1464	0	0	0	0	0	0	0	0	0	0	0	0	0	0	1	0	0	0	0	0	0	0	0	0	0	0	0	0	0	0	0	0	0	0	0	0	0	0	0	0	0	0	g__Paenibacillus_sp.	s__11B_GCF-030487755.1	Paenibacillus_sp. 11B_GCF-030487755.1
OTU_1465	1	0	0	0	0	0	0	0	0	0	0	0	0	0	0	0	0	0	0	0	0	0	0	0	0	0	0	0	0	0	0	0	0	0	0	0	0	0	0	0	0	0	g__Paenibacillus_silvae_LY60_GCF_030348445.1	s__	Paenibacillus_silvae_LY60_GCF_030348445.1
OTU_1466	0	0	0	0	0	0	0	0	0	0	0	0	0	0	0	0	0	1	0	0	0	0	0	0	0	0	0	0	0	0	0	0	0	0	0	0	0	0	0	0	0	0	g__Paenibacillus_sp.	s__11B_GCF-030487755.1	Paenibacillus_sp. 11B_GCF-030487755.1
OTU_1467	0	0	0	0	0	1	0	0	0	0	0	0	0	0	0	0	0	0	0	0	0	0	0	0	0	0	0	0	0	0	0	0	0	0	0	0	0	0	0	0	0	0	g__Bacillus_paralicheniformis_CEW	s__1W_GCA_030123025.1	Bacillus_paralicheniformis_CEW 1W_GCA_030123025.1
OTU_1468	0	0	0	0	0	0	0	0	0	0	0	0	0	1	0	0	0	0	0	0	0	0	0	0	0	0	0	0	0	0	0	0	0	0	0	0	0	0	0	0	0	0	g__Bacillus_paralicheniformis_CEW	s__1W_GCA_030123025.1	Bacillus_paralicheniformis_CEW 1W_GCA_030123025.1
OTU_1469	0	0	0	0	0	0	0	0	0	0	1	0	0	0	0	0	0	0	0	0	0	0	0	0	0	0	0	0	0	0	0	0	0	0	0	0	0	0	0	0	0	0	g__Bacillus_arachidis_YX15_GCA_030285945.1	s__	Bacillus_arachidis_YX15_GCA_030285945.1
OTU_1470	0	0	0	0	0	0	0	0	0	0	0	0	0	0	0	0	0	1	0	0	0	0	0	0	0	0	0	0	0	0	0	0	0	0	0	0	0	0	0	0	0	0	g__Bacillus_velezensis_MB7_B13_GCA_030348465.1	s__	Bacillus_velezensis_MB7_B13_GCA_030348465.1
OTU_1471	0	0	0	0	0	0	0	0	0	0	0	0	0	0	0	0	0	0	0	0	0	0	0	0	0	0	0	0	0	0	0	0	0	0	0	0	0	0	1	0	0	0	g__Bacillus_safensis_CEW-AP100_GCA_030122965.1	s__	Bacillus_safensis_CEW-AP100_GCA_030122965.1
OTU_1472	0	0	0	0	0	0	0	0	0	0	0	0	0	0	0	0	0	0	0	0	0	1	0	0	0	0	0	0	0	0	0	0	0	0	0	0	0	0	0	0	0	0	g__Brevibacillus_parabrevis_GCA_031324325.1	s__	Brevibacillus_parabrevis_GCA_031324325.1
OTU_1473	0	0	0	0	0	0	0	0	0	0	0	0	0	0	0	0	0	0	0	0	0	0	0	0	0	0	0	0	0	0	0	1	0	0	0	0	0	0	0	0	0	0	g__Bacillus_paralicheniformis_CEW	s__1W_GCA_030123025.1	Bacillus_paralicheniformis_CEW 1W_GCA_030123025.1
OTU_1474	0	0	1	0	0	0	0	0	0	0	0	0	0	0	0	0	0	0	0	0	0	0	0	0	0	0	0	0	0	0	0	0	0	0	0	0	0	0	0	0	0	0	g__Brevibacillus_parabrevis_GCA_031324325.1	s__	Brevibacillus_parabrevis_GCA_031324325.1
OTU_1475	0	0	0	0	0	0	0	0	0	0	0	0	0	0	0	1	0	0	1	0	0	0	0	0	0	0	0	0	0	0	0	0	0	0	0	0	0	0	0	0	0	0	g__Bacillus_paralicheniformis_CEW	s__1W_GCA_030123025.1	Bacillus_paralicheniformis_CEW 1W_GCA_030123025.1
OTU_1476	0	0	0	0	0	0	0	0	0	0	0	0	0	0	0	0	0	0	1	0	0	0	0	0	0	0	0	0	0	0	0	0	0	0	0	0	0	0	0	0	0	0	g__Bacillus_paralicheniformis_CEW	s__1W_GCA_030123025.1	Bacillus_paralicheniformis_CEW 1W_GCA_030123025.1
OTU_1477	0	0	0	0	0	0	1	0	0	0	0	0	0	0	0	0	0	0	0	0	0	0	0	0	0	0	0	0	0	0	0	0	0	0	0	0	0	0	0	0	0	0	g__Bacillus_sonorensis_YX13_GCA_031324045.1	s__	Bacillus_sonorensis_YX13_GCA_031324045.1
OTU_1478	0	0	1	0	0	1	0	0	0	0	0	1	0	0	1	1	0	0	0	0	0	0	0	0	0	0	0	0	0	0	0	0	0	0	0	0	0	0	0	0	0	0	g__Bacillus_velezensis_MB7_B11_GCA_030123285.1	s__	Bacillus_velezensis_MB7_B11_GCA_030123285.1
OTU_1479	0	0	0	0	0	0	0	0	0	0	0	0	0	0	0	1	0	0	0	0	0	0	0	0	0	0	0	0	0	0	0	0	0	0	0	0	0	0	0	0	0	0	g__Bacillus_paralicheniformis_CEW	s__1W_GCA_030123025.1	Bacillus_paralicheniformis_CEW 1W_GCA_030123025.1
OTU_1480	0	0	0	0	0	0	0	0	0	0	0	0	0	0	0	0	0	0	0	0	0	0	0	0	0	0	0	0	0	0	0	0	0	0	0	0	0	0	0	0	0	1	g__Bacillus_paralicheniformis_CEW	s__1W_GCA_030123025.1	Bacillus_paralicheniformis_CEW 1W_GCA_030123025.1
OTU_1481	0	0	0	0	0	0	0	0	1	0	0	0	0	0	0	0	0	0	0	0	0	0	0	0	0	0	0	0	0	0	0	0	0	0	0	0	0	0	0	0	0	0	g__Bacillus_safensis_CEW-AP100_GCA_030122965.1	s__	Bacillus_safensis_CEW-AP100_GCA_030122965.1
OTU_1482	0	0	0	0	0	0	0	0	0	0	0	0	0	1	0	0	0	0	0	0	0	0	0	0	0	0	0	0	0	0	0	0	0	0	0	0	0	0	0	0	0	0	g__Paenibacillus_sp.	s__11B_GCF-030487755.1	Paenibacillus_sp. 11B_GCF-030487755.1
OTU_1483	0	0	0	0	0	0	0	0	0	0	0	0	0	0	1	0	0	0	0	0	0	0	0	0	0	0	0	0	0	0	0	0	0	0	0	0	0	0	0	0	0	0	g__Paenibacillus_sp.	s__11B_GCF-030487755.1	Paenibacillus_sp. 11B_GCF-030487755.1
OTU_1484	0	0	0	0	0	0	0	0	0	0	0	0	0	0	0	0	0	0	0	0	0	0	0	0	0	0	0	0	0	0	0	0	0	0	0	0	0	0	1	0	0	0	g__Neobacillus_novalis_XLM17_GCA_030123445.1	s__	Neobacillus_novalis_XLM17_GCA_030123445.1
OTU_1485	0	0	0	0	0	1	0	0	0	0	0	0	0	0	0	0	0	0	0	0	0	0	0	0	0	0	0	0	0	0	0	0	0	0	0	0	0	0	0	0	0	0	g__Neobacillus_sp._SuZ13_GCA_030123365.1	s__	Neobacillus_sp._SuZ13_GCA_030123365.1
OTU_1486	0	0	0	0	0	0	0	0	0	0	1	0	0	0	0	0	0	0	0	0	0	0	0	0	0	0	0	0	0	0	0	0	0	0	0	0	0	0	0	0	0	0	g__Bacillus_paralicheniformis_CEW	s__1W_GCA_030123025.1	Bacillus_paralicheniformis_CEW 1W_GCA_030123025.1
OTU_1487	0	0	0	0	0	0	0	0	0	0	0	1	0	0	0	0	0	0	0	0	0	0	0	0	0	0	0	0	0	0	0	0	0	0	0	0	0	0	0	0	0	0	g__Lysinibacillus_pakistanensis_LY92_GCA_030123265.1	s__	Lysinibacillus_pakistanensis_LY92_GCA_030123265.1
OTU_1488	0	0	0	0	0	0	0	0	0	0	0	0	0	0	0	0	0	0	0	0	0	0	0	0	0	0	0	0	0	0	0	0	0	0	0	1	0	0	0	0	0	0	g__Paenibacillus_sp.	s__11B_GCF-030487755.1	Paenibacillus_sp. 11B_GCF-030487755.1
OTU_1489	1	0	0	0	0	0	0	0	0	0	0	0	0	0	0	0	0	0	0	0	0	0	0	0	0	0	0	0	0	0	0	0	0	0	0	0	0	0	0	0	0	0	g__Peribacillus_frigoritolerans_CF29_GCA_030122925.1	s__	Peribacillus_frigoritolerans_CF29_GCA_030122925.1
OTU_1490	0	0	0	0	0	0	0	0	0	0	0	0	0	0	0	0	0	1	0	0	0	0	0	0	0	0	0	0	0	0	0	0	0	0	0	0	0	0	0	0	0	0	g__Neobacillus_novalis_XLM17_GCA_030123445.1	s__	Neobacillus_novalis_XLM17_GCA_030123445.1
OTU_1491	0	0	0	0	0	0	0	0	0	0	0	0	0	0	0	0	0	0	0	0	1	0	0	0	0	0	0	0	0	0	0	0	0	0	0	0	0	0	0	0	0	0	g__Bacillus_sonorensis_YX13_GCA_031324045.1	s__	Bacillus_sonorensis_YX13_GCA_031324045.1
OTU_1492	1	0	0	0	0	0	0	0	0	0	0	0	0	0	0	0	0	0	0	0	0	0	0	0	0	0	0	0	0	0	0	0	0	0	0	0	0	0	0	0	0	0	g__Paenibacillus_sp.	s__11B_GCF-030487755.1	Paenibacillus_sp. 11B_GCF-030487755.1
OTU_1493	1	0	0	0	0	0	0	0	0	0	0	0	0	0	0	0	0	0	0	0	0	0	0	0	0	0	0	0	0	0	0	0	0	0	0	0	0	0	0	0	0	0	g__Paenibacillus_sp.	s__11B_GCF-030487755.1	Paenibacillus_sp. 11B_GCF-030487755.1
OTU_1494	0	0	0	0	0	0	0	0	0	1	0	0	0	0	0	0	0	0	0	0	0	0	0	0	0	0	0	0	0	0	0	0	0	0	0	0	0	0	0	0	0	0	g__Paenibacillus_sp.	s__11B_GCF-030487755.1	Paenibacillus_sp. 11B_GCF-030487755.1
OTU_1495	0	0	0	0	0	0	0	0	0	0	0	0	0	1	0	0	0	0	0	0	0	0	0	0	0	0	0	0	0	0	0	0	0	0	0	0	0	0	0	0	0	0	g__Bacillus_paralicheniformis_CEW	s__1W_GCA_030123025.1	Bacillus_paralicheniformis_CEW 1W_GCA_030123025.1
OTU_1496	0	0	0	0	0	0	0	0	0	0	0	1	0	0	0	0	0	0	0	0	0	0	0	0	0	0	0	0	0	0	0	0	0	0	0	0	0	0	0	0	0	0	g__Bacillus_paralicheniformis_CEW	s__1W_GCA_030123025.1	Bacillus_paralicheniformis_CEW 1W_GCA_030123025.1
OTU_1497	0	0	0	0	0	0	0	0	0	0	0	0	0	0	0	0	0	1	0	0	0	0	0	0	0	0	0	0	0	0	0	0	0	0	0	0	0	0	0	0	0	0	g__Paenibacillus_sp.	s__11B_GCF-030487755.1	Paenibacillus_sp. 11B_GCF-030487755.1
OTU_1498	0	0	0	0	0	0	0	0	0	0	0	0	0	0	0	0	0	1	0	0	0	0	0	0	0	0	0	0	0	0	0	0	0	0	0	0	0	0	0	0	0	0	g__Bacillus_safensis_CEW-AP100_GCA_030122965.1	s__	Bacillus_safensis_CEW-AP100_GCA_030122965.1
OTU_1499	0	0	0	0	0	0	0	0	0	1	0	0	0	0	0	0	0	1	0	0	0	0	0	0	0	0	0	0	0	1	0	0	0	0	0	1	1	1	1	0	0	0	g__Bacillus_safensis_CEW-AP100_GCA_030122965.1	s__	Bacillus_safensis_CEW-AP100_GCA_030122965.1
OTU_1500	0	0	0	0	0	0	0	0	0	0	0	0	0	0	0	0	0	0	0	0	0	0	0	0	0	0	0	0	0	0	0	0	0	0	1	0	0	0	0	0	0	0	g__Lysinibacillus_pakistanensis_LY92_GCA_030123265.1	s__	Lysinibacillus_pakistanensis_LY92_GCA_030123265.1
OTU_1501	0	0	0	0	0	0	0	0	0	0	0	1	0	0	1	0	0	0	0	0	0	0	0	0	0	0	0	0	0	0	0	0	0	0	0	0	0	0	0	0	0	0	g__Paenibacillus_sp.	s__11B_GCF-030487755.1	Paenibacillus_sp. 11B_GCF-030487755.1
OTU_1502	0	0	0	0	0	0	0	0	0	0	0	0	0	0	0	0	0	1	0	0	0	0	0	0	0	0	0	0	0	0	0	0	0	0	0	0	0	0	0	0	0	0	g__Lysinibacillus_pakistanensis_LY92_GCA_030123265.1	s__	Lysinibacillus_pakistanensis_LY92_GCA_030123265.1
OTU_1503	0	0	0	0	0	0	0	0	0	0	0	0	0	1	0	0	0	0	0	0	0	0	0	0	0	0	0	0	0	0	0	0	0	0	0	0	0	0	0	0	1	0	g__Paenibacillus_silvae_LY60_GCF_030348445.1	s__	Paenibacillus_silvae_LY60_GCF_030348445.1
OTU_1504	0	1	0	0	0	0	0	0	0	0	0	0	0	0	0	0	0	0	0	0	0	0	0	0	0	0	0	0	0	0	0	0	0	0	0	0	0	0	0	0	0	0	g__Bacillus_safensis_CEW-AP100_GCA_030122965.1	s__	Bacillus_safensis_CEW-AP100_GCA_030122965.1
OTU_1505	0	0	1	0	0	0	0	0	0	0	0	0	0	0	0	0	0	0	0	0	0	0	0	0	0	0	0	1	0	0	0	1	0	0	0	0	0	0	0	0	0	0	g__Lysinibacillus_pakistanensis_LY92_GCA_030123265.1	s__	Lysinibacillus_pakistanensis_LY92_GCA_030123265.1
OTU_1506	0	0	0	0	0	0	0	0	0	1	0	0	0	0	0	0	0	0	0	0	0	0	0	0	0	0	0	0	0	0	0	0	0	0	0	0	0	0	0	0	0	0	g__Bacillus_paralicheniformis_CEW	s__1W_GCA_030123025.1	Bacillus_paralicheniformis_CEW 1W_GCA_030123025.1
OTU_1507	0	0	0	0	0	0	0	0	0	0	0	1	0	0	0	0	0	0	0	0	0	0	0	0	0	0	0	0	0	0	0	0	0	0	0	0	0	0	0	0	0	0	g__Paenibacillus_sp.	s__11B_GCF-030487755.1	Paenibacillus_sp. 11B_GCF-030487755.1
OTU_1508	0	0	0	0	0	0	0	0	0	0	0	0	0	0	0	0	0	0	0	0	0	0	0	0	0	0	0	0	0	1	0	0	0	0	0	0	0	0	0	0	0	0	g__Bacillus_subtilis_G2S2_GCA_030123085.1	s__	Bacillus_subtilis_G2S2_GCA_030123085.1
OTU_1509	1	0	0	0	0	0	0	0	0	0	0	0	0	0	0	0	0	0	0	0	0	0	0	0	0	0	0	0	0	0	0	0	0	0	0	0	0	0	0	0	0	0	g__Bacillus_pumilus_B2_10_GCA_030122825.1	s__	Bacillus_pumilus_B2_10_GCA_030122825.1
OTU_1510	0	0	1	0	0	0	0	0	0	0	0	0	0	0	0	0	0	0	0	0	0	0	0	0	0	0	0	0	0	0	0	0	0	0	0	0	0	0	0	0	0	0	g__Bacillus_paralicheniformis_CEW	s__1W_GCA_030123025.1	Bacillus_paralicheniformis_CEW 1W_GCA_030123025.1
OTU_1511	0	0	0	0	1	1	0	0	0	0	0	0	0	0	0	0	0	0	0	0	0	0	0	1	0	0	0	0	0	0	0	0	0	0	0	1	0	0	0	0	0	0	g__Bacillus_altitudinis_G6S2_GCA_030123125.1	s__	Bacillus_altitudinis_G6S2_GCA_030123125.1
OTU_1512	0	0	0	0	0	0	0	0	0	0	0	0	0	0	0	0	0	1	0	0	0	0	0	0	0	0	0	0	0	0	0	0	0	0	0	0	0	0	0	0	0	0	g__Paenibacillus_silvae_LY60_GCF_030348445.1	s__	Paenibacillus_silvae_LY60_GCF_030348445.1
OTU_1513	0	0	0	0	0	0	0	0	0	0	0	0	0	0	0	0	0	0	0	1	0	0	0	0	0	0	0	0	0	0	0	0	0	0	0	0	0	0	0	0	0	0	g__Paenibacillus_sp.	s__11B_GCF-030487755.1	Paenibacillus_sp. 11B_GCF-030487755.1
OTU_1514	0	1	0	0	0	0	0	0	0	0	0	0	0	0	0	0	1	0	0	0	1	0	0	0	0	0	0	0	0	0	0	0	0	0	0	0	0	0	0	0	0	0	g__Bacillus_velezensis_MB7_B11_GCA_030123285.1	s__	Bacillus_velezensis_MB7_B11_GCA_030123285.1
OTU_1515	0	0	0	0	0	0	0	0	0	0	0	0	0	0	0	0	0	1	0	0	0	2	0	0	0	0	0	0	0	0	0	0	0	0	0	0	0	1	0	0	1	0	g__Bacillus_paralicheniformis_CEW	s__1W_GCA_030123025.1	Bacillus_paralicheniformis_CEW 1W_GCA_030123025.1
OTU_1516	0	0	1	0	0	0	0	0	0	0	0	0	0	0	0	0	0	0	0	0	0	0	0	0	0	0	0	0	0	0	0	0	0	0	0	0	0	0	0	0	0	0	g__Rossellomorea_marisflavi_LC18_GCA_031324195.1	s__	Rossellomorea_marisflavi_LC18_GCA_031324195.1
OTU_1517	0	0	0	0	0	0	0	0	0	1	0	0	0	0	0	0	0	0	0	0	0	0	0	0	0	0	0	0	0	0	0	0	0	0	0	0	0	0	0	0	0	0	g__Lysinibacillus_sphaericus_ACCC03577_GCA_030348985.1	s__	Lysinibacillus_sphaericus_ACCC03577_GCA_030348985.1
OTU_1518	0	0	0	0	0	0	0	0	0	0	0	0	0	0	0	0	0	1	0	0	0	0	0	0	0	0	0	0	0	0	0	0	0	0	0	0	0	0	0	0	0	0	g__Mesobacillus_sp.	s__AQ2_GCA_030122805.1	Mesobacillus_sp. AQ2_GCA_030122805.1
OTU_1519	0	0	0	0	0	0	0	0	0	0	0	0	0	1	0	0	0	0	0	0	0	0	0	0	0	0	0	0	0	0	0	0	0	0	0	0	0	0	0	0	0	0	g__Paenibacillus_silvae_LY60_GCF_030348445.1	s__	Paenibacillus_silvae_LY60_GCF_030348445.1
OTU_1520	0	0	0	0	0	0	0	0	0	0	0	0	0	0	0	1	0	0	0	0	0	0	0	0	0	0	0	0	0	0	0	0	0	0	0	0	0	0	0	0	1	0	g__Bacillus_paralicheniformis_CEW	s__1W_GCA_030123025.1	Bacillus_paralicheniformis_CEW 1W_GCA_030123025.1
OTU_1521	0	1	0	0	0	0	0	0	0	0	0	0	0	0	0	0	0	0	0	0	0	0	0	0	0	0	0	0	0	0	0	0	0	0	0	0	0	0	0	0	0	0	g__Lysinibacillus_pakistanensis_LY92_GCA_030123265.1	s__	Lysinibacillus_pakistanensis_LY92_GCA_030123265.1
OTU_1522	0	0	0	0	0	0	1	0	0	0	0	0	0	0	0	0	0	0	0	0	0	0	0	0	0	0	0	0	0	0	0	0	0	0	0	0	0	0	0	0	0	0	g__Bacillus_paralicheniformis_CEW	s__1W_GCA_030123025.1	Bacillus_paralicheniformis_CEW 1W_GCA_030123025.1
OTU_1524	0	0	0	0	0	0	0	0	0	0	0	0	0	0	1	0	0	0	0	0	0	0	0	0	0	0	0	0	0	0	0	0	0	0	0	1	0	0	1	0	0	0	g__Peribacillus_simplex_RZ14_GCA_030123325.1	s__	Peribacillus_simplex_RZ14_GCA_030123325.1
OTU_1525	0	0	0	0	1	0	0	0	0	0	0	0	0	0	0	0	0	0	0	0	0	0	0	0	0	0	0	0	0	0	0	0	0	0	0	0	0	0	0	0	0	0	g__Bacillus_altitudinis_G6S2_GCA_030123125.1	s__	Bacillus_altitudinis_G6S2_GCA_030123125.1
OTU_1526	0	0	0	0	0	0	0	0	0	0	0	1	0	0	0	0	0	0	0	0	0	0	0	0	0	0	0	0	0	0	0	0	0	0	0	0	0	0	0	0	0	0	g__Bacillus_safensis_CEW-AP100_GCA_030122965.1	s__	Bacillus_safensis_CEW-AP100_GCA_030122965.1
OTU_1527	0	0	0	0	0	0	0	0	0	0	0	0	0	1	0	0	0	0	0	0	0	0	0	0	0	0	0	0	0	0	0	0	0	0	0	0	0	0	0	0	0	0	g__Bacillus_paralicheniformis_CEW	s__1W_GCA_030123025.1	Bacillus_paralicheniformis_CEW 1W_GCA_030123025.1
OTU_1528	0	0	0	0	0	0	0	0	0	0	0	0	0	0	0	0	0	1	0	0	0	0	0	0	0	0	0	0	0	0	0	0	0	0	0	0	0	0	0	0	0	0	g__Paenibacillus_sp.	s__11B_GCF-030487755.1	Paenibacillus_sp. 11B_GCF-030487755.1
OTU_1529	0	0	0	0	0	0	0	0	0	0	0	0	0	0	0	0	0	0	0	0	1	0	0	0	0	0	0	0	0	0	0	0	0	0	0	0	0	0	0	0	0	0	g__Bacillus_paralicheniformis_CEW	s__1W_GCA_030123025.1	Bacillus_paralicheniformis_CEW 1W_GCA_030123025.1
OTU_1530	0	0	0	0	0	0	0	0	0	0	0	0	0	1	0	0	0	0	0	0	0	0	0	0	0	0	0	0	0	0	0	0	0	0	0	0	0	0	0	0	0	0	g__Paenibacillus_sp.	s__11B_GCF-030487755.1	Paenibacillus_sp. 11B_GCF-030487755.1
OTU_1531	0	0	0	0	0	0	0	0	0	0	0	0	1	0	0	0	0	0	0	0	0	0	0	0	0	0	0	1	0	0	0	0	0	0	0	0	0	0	0	0	0	0	g__Bacillus_halotolerans_KF17_GCA_030292055.1	s__	Bacillus_halotolerans_KF17_GCA_030292055.1
OTU_1532	0	0	0	0	1	0	0	0	0	0	0	0	0	0	0	0	0	0	0	0	0	0	0	0	0	0	0	0	0	0	0	0	0	0	0	0	0	0	0	0	0	0	g__Paenibacillus_silvae_LY60_GCF_030348445.1	s__	Paenibacillus_silvae_LY60_GCF_030348445.1
OTU_1533	0	0	0	0	0	0	0	0	0	0	0	0	0	0	0	0	0	0	0	0	0	0	0	0	0	0	0	0	0	0	0	0	0	0	0	0	0	1	0	0	0	0	g__Bacillus_licheniformis_D9_B_45_GCA_030348625.1	s__	Bacillus_licheniformis_D9_B_45_GCA_030348625.1
OTU_1534	0	0	1	0	0	0	0	0	0	0	0	0	0	0	0	0	0	0	0	0	0	0	0	0	0	0	0	0	0	0	0	0	0	0	0	0	0	0	0	0	0	0	g__Bacillus_paralicheniformis_CEW	s__1W_GCA_030123025.1	Bacillus_paralicheniformis_CEW 1W_GCA_030123025.1
OTU_1535	0	0	0	0	0	0	0	0	0	0	0	0	0	0	0	0	1	0	0	0	0	0	0	0	0	0	0	0	0	0	0	0	0	0	0	0	0	0	0	0	0	0	g__Bacillus_paralicheniformis_CEW	s__1W_GCA_030123025.1	Bacillus_paralicheniformis_CEW 1W_GCA_030123025.1
OTU_1536	0	0	0	0	0	0	0	0	0	0	0	0	0	0	0	0	0	0	0	1	0	0	0	0	0	0	0	0	0	0	0	0	0	0	0	0	0	0	0	0	0	0	g__Bacillus_paralicheniformis_CEW	s__1W_GCA_030123025.1	Bacillus_paralicheniformis_CEW 1W_GCA_030123025.1
OTU_1537	0	0	0	0	0	0	0	0	1	0	0	0	0	0	0	0	0	0	0	0	0	0	0	0	0	0	0	0	0	0	0	0	0	0	0	0	0	0	0	0	0	0	g__Paenibacillus_sp.	s__11B_GCF-030487755.1	Paenibacillus_sp. 11B_GCF-030487755.1
OTU_1538	0	0	0	0	0	0	0	0	0	0	0	0	0	1	0	0	0	0	0	0	0	0	0	0	0	0	0	0	0	0	0	0	0	0	0	0	0	0	0	0	0	0	g__Paenibacillus_sp.	s__11B_GCF-030487755.1	Paenibacillus_sp. 11B_GCF-030487755.1
OTU_1539	0	0	0	0	0	0	0	0	0	0	0	0	0	0	0	0	0	1	0	0	0	0	0	0	0	0	0	0	0	0	0	0	0	0	0	0	0	0	0	0	0	0	g__Paenibacillus_sp.	s__11B_GCF-030487755.1	Paenibacillus_sp. 11B_GCF-030487755.1
OTU_1540	0	1	2	1	0	0	1	1	0	0	1	1	0	0	0	0	1	0	0	0	0	2	1	1	0	0	0	0	0	1	1	1	0	0	1	1	1	0	1	0	0	1	g__Paenibacillus_sp.	s__11B_GCF-030487755.1	Paenibacillus_sp. 11B_GCF-030487755.1
OTU_1541	0	0	0	0	0	0	0	0	0	0	0	0	0	0	0	0	0	0	0	0	0	0	0	0	0	0	0	0	0	0	0	0	0	0	0	0	0	0	0	0	0	1	g__Paenibacillus_sp.	s__11B_GCF-030487755.1	Paenibacillus_sp. 11B_GCF-030487755.1
OTU_1542	0	0	0	0	1	0	0	0	0	0	0	0	0	0	0	0	0	0	0	0	0	0	0	0	0	0	0	0	0	0	0	0	0	0	0	0	0	0	0	0	0	0	g__Bacillus_paralicheniformis_CEW	s__1W_GCA_030123025.1	Bacillus_paralicheniformis_CEW 1W_GCA_030123025.1
OTU_1543	0	0	0	0	0	0	0	0	0	0	0	0	0	0	0	0	0	0	1	0	0	0	0	0	0	0	0	0	0	0	0	0	0	0	0	0	0	0	0	0	0	0	g__Lysinibacillus_pakistanensis_LY92_GCA_030123265.1	s__	Lysinibacillus_pakistanensis_LY92_GCA_030123265.1
OTU_1544	0	0	0	0	0	0	0	0	0	0	0	0	0	0	0	0	0	0	0	0	0	0	0	0	0	0	0	0	0	0	0	0	0	0	0	0	0	1	0	0	0	0	g__Bacillus_paralicheniformis_CEW	s__1W_GCA_030123025.1	Bacillus_paralicheniformis_CEW 1W_GCA_030123025.1
OTU_1545	0	0	0	0	0	0	0	0	0	0	0	0	0	0	0	0	0	0	0	0	0	0	0	0	0	0	0	0	0	0	0	0	0	0	0	0	0	0	0	1	0	0	g__Bacillus_paralicheniformis_CEW	s__1W_GCA_030123025.1	Bacillus_paralicheniformis_CEW 1W_GCA_030123025.1
OTU_1546	0	0	0	1	0	0	0	0	0	0	0	0	0	0	0	0	0	0	0	0	0	0	0	0	0	0	0	0	0	0	0	0	0	0	0	0	0	0	0	0	0	0	g__Bacillus_mycoides_SIN2.2_GCA_030292205.1	s__	Bacillus_mycoides_SIN2.2_GCA_030292205.1
OTU_1547	0	0	0	0	0	0	0	0	0	0	1	0	0	1	0	0	0	0	0	0	0	0	0	0	0	0	0	0	0	0	0	0	0	0	1	0	0	0	0	0	0	1	g__Paenibacillus_sp.	s__11B_GCF-030487755.1	Paenibacillus_sp. 11B_GCF-030487755.1
OTU_1548	0	0	0	0	0	0	0	0	0	0	0	0	0	1	0	0	0	0	0	0	0	0	0	0	0	0	0	0	0	0	0	0	0	0	0	0	0	0	0	0	0	0	g__Brevibacillus_parabrevis_GCA_031324325.1	s__	Brevibacillus_parabrevis_GCA_031324325.1
OTU_1549	0	0	0	0	0	0	0	0	0	0	0	0	0	0	0	0	0	0	0	1	0	0	0	0	0	0	0	0	0	0	0	0	0	0	0	0	0	0	0	0	0	0	g__Bacillus_paralicheniformis_CEW	s__1W_GCA_030123025.1	Bacillus_paralicheniformis_CEW 1W_GCA_030123025.1
OTU_1550	0	0	0	0	0	0	0	0	0	0	0	0	0	0	0	0	0	0	0	0	1	0	0	0	0	0	0	0	0	0	0	0	0	0	0	0	0	0	0	0	0	0	g__Bacillus_pumilus_B2_10_GCA_030122825.1	s__	Bacillus_pumilus_B2_10_GCA_030122825.1
OTU_1551	0	0	0	0	0	0	0	0	0	0	0	0	0	0	0	0	0	0	0	0	0	0	0	0	0	0	0	0	0	0	0	0	0	0	0	1	0	0	0	0	0	0	g__Bacillus_sp._DX4.1_GCA_030348195.1	s__	Bacillus_sp._DX4.1_GCA_030348195.1
OTU_1552	1	0	0	0	0	0	0	0	0	0	0	0	0	0	0	0	0	0	0	0	0	0	0	0	0	0	0	0	0	0	0	0	0	0	0	0	0	0	0	0	0	0	g__Paenibacillus_sp.	s__11B_GCF-030487755.1	Paenibacillus_sp. 11B_GCF-030487755.1
OTU_1553	0	1	0	0	0	0	0	0	0	0	0	0	0	0	0	0	0	0	0	0	0	0	0	0	0	0	0	0	0	0	0	0	0	0	0	0	0	0	0	0	0	0	g__Bacillus_halotolerans_KF17_GCA_030292055.1	s__	Bacillus_halotolerans_KF17_GCA_030292055.1
OTU_1554	0	0	0	1	0	0	0	0	0	0	0	0	0	1	0	0	0	1	0	0	0	0	0	1	0	0	0	0	0	0	0	0	0	0	0	0	0	0	0	0	1	0	g__Bacillus_paralicheniformis_CEW	s__1W_GCA_030123025.1	Bacillus_paralicheniformis_CEW 1W_GCA_030123025.1
OTU_1555	0	0	0	0	0	0	0	0	0	0	0	0	0	0	1	0	0	0	0	0	0	0	0	0	0	0	0	0	0	0	0	0	0	0	0	0	0	0	0	0	0	0	g__Bacillus_paralicheniformis_CEW	s__1W_GCA_030123025.1	Bacillus_paralicheniformis_CEW 1W_GCA_030123025.1
OTU_1556	0	0	0	0	0	0	0	0	0	0	0	0	0	0	0	0	0	0	0	1	0	0	0	0	0	0	0	0	0	0	0	0	0	0	0	0	0	0	0	0	0	0	g__Bacillus_paralicheniformis_CEW	s__1W_GCA_030123025.1	Bacillus_paralicheniformis_CEW 1W_GCA_030123025.1
OTU_1557	0	0	0	0	0	0	0	0	1	0	1	0	0	0	0	0	0	0	0	1	0	0	0	0	0	0	0	0	0	0	1	0	0	0	0	0	0	0	0	0	0	0	g__Bacillus_paralicheniformis_CEW	s__1W_GCA_030123025.1	Bacillus_paralicheniformis_CEW 1W_GCA_030123025.1
OTU_1558	0	0	0	0	0	0	0	0	0	0	0	0	0	0	0	0	0	0	0	0	1	0	0	0	0	0	0	0	0	0	0	0	0	0	0	0	0	0	0	0	0	0	g__Bacillus_safensis_CEW-AP100_GCA_030122965.1	s__	Bacillus_safensis_CEW-AP100_GCA_030122965.1
OTU_1559	0	0	0	0	0	0	0	0	0	0	0	0	0	0	0	0	0	0	0	0	0	1	0	0	0	0	0	0	0	0	0	0	0	0	0	0	0	0	0	0	0	0	g__Paenibacillus_silvae_LY60_GCF_030348445.1	s__	Paenibacillus_silvae_LY60_GCF_030348445.1
OTU_1560	0	0	0	1	0	0	0	0	0	0	0	0	0	0	0	0	0	0	0	0	0	0	0	0	0	0	0	0	0	0	0	0	1	0	0	0	0	0	0	0	0	0	g__Paenibacillus_sp.	s__11B_GCF-030487755.1	Paenibacillus_sp. 11B_GCF-030487755.1
OTU_1561	0	0	0	0	0	0	1	0	0	0	0	0	0	0	0	0	0	0	0	0	0	0	0	0	0	0	0	0	0	0	0	0	0	0	0	0	0	0	0	0	0	0	g__Bacillus_paralicheniformis_CEW	s__1W_GCA_030123025.1	Bacillus_paralicheniformis_CEW 1W_GCA_030123025.1
OTU_1562	0	0	0	0	0	1	1	0	0	1	0	0	0	1	0	1	0	0	0	0	0	0	0	0	0	0	0	0	0	0	0	0	0	0	0	0	0	1	0	1	0	0	g__Bacillus_halotolerans_KF17_GCA_030292055.1	s__	Bacillus_halotolerans_KF17_GCA_030292055.1
OTU_1563	0	0	0	0	0	0	0	0	0	0	0	0	0	0	0	0	0	0	1	0	0	0	0	0	0	0	0	0	0	0	0	0	0	0	0	0	0	0	0	0	0	0	g__Bacillus_velezensis_MB7_B13_GCA_030348465.1	s__	Bacillus_velezensis_MB7_B13_GCA_030348465.1
OTU_1564	0	0	0	0	0	0	0	0	0	0	0	0	0	0	0	0	0	0	0	0	0	0	0	0	2	1	0	0	0	0	0	0	0	0	0	0	1	0	0	0	0	0	g__Bacillus_altitudinis_G6S2_GCA_030123125.1	s__	Bacillus_altitudinis_G6S2_GCA_030123125.1
OTU_1565	0	0	0	0	0	0	0	0	0	0	0	0	0	0	0	0	0	0	0	0	0	0	0	0	0	0	0	0	0	0	0	1	0	0	0	0	0	0	0	0	0	0	g__Bacillus_paralicheniformis_CEW	s__1W_GCA_030123025.1	Bacillus_paralicheniformis_CEW 1W_GCA_030123025.1
OTU_1566	0	0	0	0	0	0	1	0	0	0	0	0	0	0	0	0	0	0	0	0	0	0	0	0	0	0	0	0	0	0	0	0	0	0	0	0	0	0	0	0	0	0	g__Bacillus_altitudinis_G6S2_GCA_030123125.1	s__	Bacillus_altitudinis_G6S2_GCA_030123125.1
OTU_1567	0	0	0	0	0	0	1	0	0	0	0	0	0	0	0	0	0	0	0	0	0	0	0	0	0	0	0	0	0	0	0	0	0	0	0	0	0	0	0	0	0	0	g__Bacillus_paralicheniformis_CEW	s__1W_GCA_030123025.1	Bacillus_paralicheniformis_CEW 1W_GCA_030123025.1
OTU_1568	0	0	0	0	0	0	0	0	0	0	0	0	0	0	0	1	0	0	0	0	0	0	0	0	0	0	0	0	0	0	0	0	0	0	0	0	0	0	0	0	0	0	g__Paenibacillus_woosongensis	s__B2_4_GCA_030122845.1	Paenibacillus_woosongensis B2_4_GCA_030122845.1
OTU_1569	0	0	0	0	0	0	0	0	0	0	0	0	0	0	0	0	0	0	1	0	0	0	0	0	0	0	0	0	0	0	0	0	0	0	0	0	0	0	0	0	0	0	g__Paenibacillus_sp.	s__11B_GCF-030487755.1	Paenibacillus_sp. 11B_GCF-030487755.1
OTU_1570	0	0	0	0	0	0	0	0	0	0	0	0	0	0	0	0	0	0	0	1	0	0	0	0	0	0	0	0	0	0	0	0	0	0	0	0	0	0	0	0	0	0	g__Bacillus_safensis_CEW-AP100_GCA_030122965.1	s__	Bacillus_safensis_CEW-AP100_GCA_030122965.1
OTU_1571	1	0	0	0	0	0	0	0	0	0	0	0	0	0	0	0	0	0	0	0	0	0	0	0	0	0	0	0	0	0	0	0	0	0	0	0	0	0	0	0	0	0	g__Bacillus_paralicheniformis_CEW	s__1W_GCA_030123025.1	Bacillus_paralicheniformis_CEW 1W_GCA_030123025.1
OTU_1572	0	0	0	0	0	0	0	0	0	0	0	0	0	0	0	0	0	0	0	0	0	0	0	0	0	0	0	0	0	0	0	0	0	0	1	0	0	0	0	0	0	0	g__Paenibacillus_sp.	s__11B_GCF-030487755.1	Paenibacillus_sp. 11B_GCF-030487755.1
OTU_1573	1	0	0	0	0	0	0	0	0	0	0	0	0	0	0	0	1	0	0	0	0	1	0	0	0	1	0	0	0	0	0	0	0	0	0	0	1	0	0	0	0	0	g__Bacillus_paralicheniformis_CEW	s__1W_GCA_030123025.1	Bacillus_paralicheniformis_CEW 1W_GCA_030123025.1
OTU_1574	0	1	0	0	0	0	0	0	0	0	0	0	0	0	0	0	0	0	0	0	0	0	0	0	0	0	0	0	0	0	0	0	0	0	0	0	0	0	0	0	0	0	g__Bacillus_paralicheniformis_CEW	s__1W_GCA_030123025.1	Bacillus_paralicheniformis_CEW 1W_GCA_030123025.1
OTU_1575	0	0	0	0	0	0	0	0	0	0	0	1	0	0	0	0	0	0	0	0	0	0	0	0	0	0	0	0	0	0	0	1	0	0	0	0	0	0	0	0	0	0	g__Bacillus_altitudinis_G6S2_GCA_030123125.1	s__	Bacillus_altitudinis_G6S2_GCA_030123125.1
OTU_1576	0	0	0	0	0	0	0	0	0	0	0	0	0	0	1	0	0	0	0	0	0	0	0	0	0	0	0	0	0	0	0	0	0	0	0	0	0	0	0	0	0	0	g__Bacillus_paralicheniformis_CEW	s__1W_GCA_030123025.1	Bacillus_paralicheniformis_CEW 1W_GCA_030123025.1
OTU_1577	0	0	0	0	0	0	0	0	0	0	0	0	0	0	1	0	0	0	0	0	0	0	0	0	0	0	0	0	0	0	0	0	0	0	0	0	0	0	0	0	0	0	g__Paenibacillus_sp.	s__11B_GCF-030487755.1	Paenibacillus_sp. 11B_GCF-030487755.1
OTU_1578	0	0	0	0	0	0	0	0	0	0	0	0	0	0	0	0	0	1	0	0	0	0	0	0	0	0	0	0	0	0	0	0	0	0	0	0	0	0	0	0	0	0	g__Bacillus_paralicheniformis_CEW	s__1W_GCA_030123025.1	Bacillus_paralicheniformis_CEW 1W_GCA_030123025.1
OTU_1579	0	0	0	0	0	0	0	0	0	0	0	0	0	0	0	0	0	0	0	0	0	0	0	1	0	0	0	0	0	0	0	0	0	0	0	0	0	0	0	0	0	0	g__Paenibacillus_woosongensis	s__B2_4_GCA_030122845.1	Paenibacillus_woosongensis B2_4_GCA_030122845.1
OTU_1580	0	0	0	0	0	0	0	0	0	0	0	0	0	0	0	0	0	0	0	0	0	0	0	0	0	0	0	0	0	0	0	0	0	0	0	1	0	0	0	0	0	0	g__Bacillus_paralicheniformis_CEW	s__1W_GCA_030123025.1	Bacillus_paralicheniformis_CEW 1W_GCA_030123025.1
OTU_1581	0	0	0	0	0	1	0	0	0	0	0	0	0	0	0	0	0	0	0	0	0	0	0	0	0	0	0	0	0	0	0	0	0	0	0	0	0	0	0	0	0	0	g__Bacillus_paralicheniformis_CEW	s__1W_GCA_030123025.1	Bacillus_paralicheniformis_CEW 1W_GCA_030123025.1
OTU_1582	0	0	0	0	0	0	0	0	0	0	0	1	0	0	0	0	0	0	0	0	0	0	0	0	0	0	0	0	0	0	0	0	0	0	0	0	0	0	0	0	0	0	g__Bacillus_paralicheniformis_CEW	s__1W_GCA_030123025.1	Bacillus_paralicheniformis_CEW 1W_GCA_030123025.1
OTU_1583	0	0	0	0	0	0	0	0	0	0	0	0	0	0	1	0	0	0	0	0	0	0	0	0	0	0	0	0	0	0	0	0	1	0	0	0	0	0	0	0	0	0	g__Bacillus_sp._DX1.1_GCA_030348225.1	s__	Bacillus_sp._DX1.1_GCA_030348225.1
OTU_1584	0	0	0	0	0	0	0	0	0	0	0	0	0	0	0	1	0	0	0	0	0	0	1	0	0	0	0	0	0	0	0	0	0	0	0	0	0	0	0	0	0	0	g__Bacillus_paralicheniformis_CEW	s__1W_GCA_030123025.1	Bacillus_paralicheniformis_CEW 1W_GCA_030123025.1
OTU_1585	0	0	0	0	0	0	0	0	0	0	0	0	0	0	0	0	1	0	0	0	0	0	0	0	0	0	0	0	0	0	0	0	0	0	0	0	1	0	0	0	0	0	g__Bacillus_paralicheniformis_CEW	s__1W_GCA_030123025.1	Bacillus_paralicheniformis_CEW 1W_GCA_030123025.1
OTU_1586	0	0	0	0	0	0	0	0	0	0	0	0	0	0	0	0	0	0	1	0	0	0	0	0	0	0	0	0	0	0	0	0	0	0	0	0	0	0	0	0	0	0	g__Bacillus_safensis_CEW-AP100_GCA_030122965.1	s__	Bacillus_safensis_CEW-AP100_GCA_030122965.1
OTU_1587	0	0	0	0	0	0	0	0	0	0	0	0	0	0	0	0	0	0	0	1	0	0	0	0	0	0	0	0	0	0	0	0	0	0	0	0	0	0	0	0	0	0	g__Paenibacillus_sp.	s__11B_GCF-030487755.1	Paenibacillus_sp. 11B_GCF-030487755.1
OTU_1588	0	0	0	0	0	0	0	0	0	0	0	0	0	0	0	0	0	0	0	1	0	0	0	0	0	0	0	0	0	0	0	0	0	0	0	0	0	0	0	0	0	0	g__Bacillus_toyonensis_G7S3_GCA_031324285.1	s__	Bacillus_toyonensis_G7S3_GCA_031324285.1
OTU_1590	0	0	0	0	0	0	0	0	0	0	0	0	0	0	0	0	0	0	0	0	0	0	0	0	0	0	0	0	0	0	0	0	1	0	0	0	0	0	0	0	0	0	g__Paenibacillus_sp.	s__11B_GCF-030487755.1	Paenibacillus_sp. 11B_GCF-030487755.1
OTU_1591	0	0	0	0	0	0	0	0	0	0	0	0	0	0	0	0	0	0	0	0	0	0	0	0	0	0	0	0	0	0	0	0	0	1	0	0	0	0	0	0	0	0	g__Paenibacillus_sp.	s__11B_GCF-030487755.1	Paenibacillus_sp. 11B_GCF-030487755.1
OTU_1592	1	0	0	0	0	0	0	0	0	0	0	0	0	0	0	0	0	0	0	0	0	0	0	0	0	0	0	0	0	0	0	0	0	0	0	0	0	0	0	0	0	0	g__Bacillus_paralicheniformis_CEW	s__1W_GCA_030123025.1	Bacillus_paralicheniformis_CEW 1W_GCA_030123025.1
OTU_1593	0	1	0	0	0	0	0	0	0	0	0	0	0	0	0	0	0	0	0	0	0	0	0	0	0	0	0	0	0	0	0	0	0	0	0	0	0	0	0	0	0	0	g__Paenibacillus_sp.	s__11B_GCF-030487755.1	Paenibacillus_sp. 11B_GCF-030487755.1
OTU_1594	0	0	0	0	0	0	0	0	0	0	0	0	0	0	0	0	1	0	0	0	0	0	0	0	0	0	0	0	0	0	0	0	0	0	0	0	0	0	0	0	0	0	g__Lysinibacillus_pakistanensis_LY92_GCA_030123265.1	s__	Lysinibacillus_pakistanensis_LY92_GCA_030123265.1
OTU_1595	0	0	0	0	0	0	0	0	0	0	0	0	0	0	0	0	0	0	0	0	0	0	0	0	0	1	0	0	0	0	0	0	0	0	0	0	0	0	0	0	0	0	g__Bacillus_altitudinis_G6S2_GCA_030123125.1	s__	Bacillus_altitudinis_G6S2_GCA_030123125.1
OTU_1596	0	0	0	0	0	0	0	0	0	0	0	0	0	0	0	0	0	0	0	0	0	0	0	0	0	0	0	0	0	0	0	0	0	0	0	1	0	0	0	0	0	0	g__Bacillus_safensis_CEW-AP100_GCA_030122965.1	s__	Bacillus_safensis_CEW-AP100_GCA_030122965.1
OTU_1597	0	0	0	1	0	0	0	0	0	0	0	0	0	0	0	0	0	0	0	0	0	0	0	0	0	0	0	0	0	0	0	0	0	0	0	0	0	0	0	0	0	0	g__Bacillus_paralicheniformis_CEW	s__1W_GCA_030123025.1	Bacillus_paralicheniformis_CEW 1W_GCA_030123025.1
OTU_1598	0	0	0	0	0	0	0	0	0	0	0	1	0	0	0	0	0	0	0	0	0	0	0	0	0	0	0	0	0	0	0	0	0	0	0	0	0	0	0	0	0	0	g__Bacillus_cereus_D5_B_69_GCA_030291955.1	s__	Bacillus_cereus_D5_B_69_GCA_030291955.1
OTU_1599	0	0	0	0	1	0	0	0	0	0	0	0	0	0	0	0	0	0	0	0	0	0	0	0	0	0	0	0	0	0	0	0	0	0	0	0	0	0	0	0	0	0	g__Paenibacillus_sp.	s__11B_GCF-030487755.1	Paenibacillus_sp. 11B_GCF-030487755.1
OTU_1600	0	0	0	0	0	0	1	0	0	0	0	0	0	0	0	0	0	0	0	0	0	0	0	0	0	0	0	0	0	0	0	0	0	0	0	0	0	0	0	0	0	0	g__Bacillus_paralicheniformis_CEW	s__1W_GCA_030123025.1	Bacillus_paralicheniformis_CEW 1W_GCA_030123025.1
OTU_1601	0	0	0	0	0	0	0	0	0	1	0	0	0	0	0	0	0	0	0	0	0	0	0	0	0	0	0	0	0	0	0	0	0	0	0	0	0	0	0	0	0	0	g__Bacillus_safensis_CEW-AP100_GCA_030122965.1	s__	Bacillus_safensis_CEW-AP100_GCA_030122965.1
OTU_1602	0	0	0	0	0	0	0	0	0	0	0	0	0	0	0	0	0	0	0	0	0	0	0	0	0	0	0	0	0	1	0	0	0	0	0	0	0	0	0	0	0	0	g__Paenibacillus_sp.	s__11B_GCF-030487755.1	Paenibacillus_sp. 11B_GCF-030487755.1
OTU_1603	0	0	0	0	0	0	0	0	0	0	0	0	0	0	0	0	0	0	0	0	0	0	0	0	0	0	0	0	0	0	0	0	0	0	0	1	0	0	0	0	0	0	g__Neobacillus_novalis_XLM17_GCA_030123445.1	s__	Neobacillus_novalis_XLM17_GCA_030123445.1
OTU_1604	0	0	0	0	0	0	0	0	0	0	0	0	0	0	0	0	1	0	0	0	0	0	0	0	0	0	0	0	0	0	0	0	0	0	0	0	0	0	0	0	0	0	g__Paenibacillus_sp.	s__11B_GCF-030487755.1	Paenibacillus_sp. 11B_GCF-030487755.1
OTU_1605	0	0	0	0	0	0	0	0	0	0	0	0	0	0	0	0	0	0	0	0	0	0	0	0	0	0	0	0	0	0	0	0	0	0	0	0	0	1	0	0	0	0	g__Bacillus_cereus_YX23_GCA_030348245.1	s__	Bacillus_cereus_YX23_GCA_030348245.1
OTU_1606	0	0	0	0	0	0	0	0	0	0	0	0	0	0	0	0	0	0	0	0	0	0	0	0	0	0	0	0	0	0	0	0	0	0	0	0	0	0	0	0	0	1	g__Bacillus_altitudinis_G6S2_GCA_030123125.1	s__	Bacillus_altitudinis_G6S2_GCA_030123125.1
OTU_1607	1	0	0	0	0	0	0	0	0	0	0	0	0	0	0	0	0	0	0	0	0	0	0	0	0	0	0	0	0	0	0	0	0	0	0	0	0	0	0	0	0	0	g__Paenibacillus_sp.	s__11B_GCF-030487755.1	Paenibacillus_sp. 11B_GCF-030487755.1
OTU_1608	0	0	0	0	0	0	0	0	0	0	0	0	0	1	0	0	0	0	0	0	0	0	0	0	0	0	0	0	0	0	0	0	0	0	0	0	0	0	1	0	0	0	g__Bacillus_toyonensis_G7S3_GCA_031324285.1	s__	Bacillus_toyonensis_G7S3_GCA_031324285.1
OTU_1609	0	0	0	0	0	0	0	0	0	0	0	0	0	0	1	0	0	0	0	0	0	0	0	0	0	0	0	0	0	0	0	0	0	0	0	0	0	0	0	0	0	0	g__Paenibacillus_sp.	s__11B_GCF-030487755.1	Paenibacillus_sp. 11B_GCF-030487755.1
OTU_1610	0	0	0	0	0	0	0	0	1	0	0	0	0	0	0	0	0	0	2	0	1	0	0	0	0	0	0	0	0	0	0	0	0	0	0	0	0	0	0	0	0	1	g__Paenibacillus_sp.	s__11B_GCF-030487755.1	Paenibacillus_sp. 11B_GCF-030487755.1
OTU_1611	0	0	0	0	0	0	0	0	0	0	0	0	0	1	0	0	0	0	0	0	0	0	0	0	0	0	0	0	0	0	0	0	0	0	0	0	0	0	0	0	0	0	g__Paenibacillus_sp.	s__11B_GCF-030487755.1	Paenibacillus_sp. 11B_GCF-030487755.1
OTU_1612	0	0	0	1	1	1	0	0	0	1	0	1	0	0	0	1	1	0	2	0	0	0	0	0	0	0	0	0	0	0	0	0	1	0	1	0	0	0	0	0	0	0	g__Paenibacillus_sp.	s__11B_GCF-030487755.1	Paenibacillus_sp. 11B_GCF-030487755.1
OTU_1613	0	0	0	0	0	0	0	0	0	0	0	0	0	0	0	0	0	0	0	0	0	0	1	0	0	0	0	0	0	0	0	0	0	0	0	0	0	0	0	0	0	0	g__Paenibacillus_sp.	s__11B_GCF-030487755.1	Paenibacillus_sp. 11B_GCF-030487755.1
OTU_1614	0	0	0	0	0	1	0	0	0	0	0	0	0	0	0	0	0	0	0	0	0	0	0	0	0	0	0	0	0	0	0	0	0	0	0	0	0	0	0	0	0	0	g__Paenibacillus_sp.	s__11B_GCF-030487755.1	Paenibacillus_sp. 11B_GCF-030487755.1
OTU_1615	0	0	0	0	0	0	0	0	0	0	0	0	0	0	0	0	1	0	0	0	0	0	0	0	0	0	0	0	0	0	0	0	0	0	0	0	0	0	0	0	0	0	g__Bacillus_safensis_CEW-AP100_GCA_030122965.1	s__	Bacillus_safensis_CEW-AP100_GCA_030122965.1
OTU_1616	0	0	0	0	0	0	0	1	0	0	0	0	0	0	0	0	0	0	0	0	0	0	0	0	0	0	0	0	0	0	0	0	0	0	0	0	0	0	0	0	0	0	g__Paenibacillus_sp.	s__11B_GCF-030487755.1	Paenibacillus_sp. 11B_GCF-030487755.1
OTU_1617	0	0	0	0	0	0	0	0	0	0	0	0	0	0	0	0	0	1	0	0	0	0	0	0	0	0	0	0	0	0	0	0	0	0	0	0	0	0	0	0	0	0	g__Paenibacillus_sp.	s__11B_GCF-030487755.1	Paenibacillus_sp. 11B_GCF-030487755.1
OTU_1618	0	0	0	0	0	0	0	0	0	0	0	0	0	0	0	1	0	0	0	0	0	0	0	0	0	0	0	0	0	0	0	0	0	0	0	0	0	0	0	0	0	0	g__Paenibacillus_sp.	s__11B_GCF-030487755.1	Paenibacillus_sp. 11B_GCF-030487755.1
OTU_1619	0	0	0	0	0	0	0	0	0	0	0	0	0	0	0	0	0	0	0	0	0	0	0	0	0	0	0	0	0	0	0	0	1	0	0	0	0	0	0	0	0	0	g__Bacillus_paralicheniformis_CEW	s__1W_GCA_030123025.1	Bacillus_paralicheniformis_CEW 1W_GCA_030123025.1
OTU_1620	0	0	0	0	0	0	0	0	0	0	0	0	0	0	0	0	0	0	0	0	0	0	0	0	0	0	0	0	0	0	0	0	0	0	0	1	0	0	0	0	0	0	g__Bacillus_halotolerans_KF17_GCA_030292055.1	s__	Bacillus_halotolerans_KF17_GCA_030292055.1
OTU_1621	0	0	0	0	0	0	0	0	0	0	0	0	1	0	0	0	0	0	0	0	0	0	0	0	0	0	0	0	0	0	0	0	0	0	0	0	0	0	0	0	0	0	g__Bacillus_paralicheniformis_CEW	s__1W_GCA_030123025.1	Bacillus_paralicheniformis_CEW 1W_GCA_030123025.1
OTU_1622	0	0	0	0	0	0	0	0	0	0	1	0	0	0	0	0	0	0	0	0	0	0	0	0	0	0	0	0	0	0	0	0	0	0	0	0	0	0	0	0	0	0	g__Paenibacillus_sp.	s__11B_GCF-030487755.1	Paenibacillus_sp. 11B_GCF-030487755.1
OTU_1623	0	0	0	0	0	0	0	0	0	0	0	0	0	0	0	0	1	0	0	0	0	0	0	0	0	0	0	0	0	0	0	0	0	0	0	0	0	0	0	0	0	0	g__Bacillus_toyonensis_G7S3_GCA_031324285.1	s__	Bacillus_toyonensis_G7S3_GCA_031324285.1
OTU_1624	0	0	0	0	0	0	0	0	0	0	0	0	0	0	0	0	0	0	0	0	0	0	0	0	0	0	0	0	0	0	0	0	0	0	0	0	0	1	0	0	0	0	g__Bacillus_paralicheniformis_CEW	s__1W_GCA_030123025.1	Bacillus_paralicheniformis_CEW 1W_GCA_030123025.1
OTU_1625	0	0	0	1	0	0	0	0	0	0	0	0	0	0	0	0	0	0	0	0	0	0	0	0	0	0	0	0	0	0	0	0	0	0	0	0	0	0	0	0	0	0	g__Paenibacillus_sp.	s__11B_GCF-030487755.1	Paenibacillus_sp. 11B_GCF-030487755.1
OTU_1626	0	0	0	0	0	0	0	0	0	1	0	0	0	0	0	0	0	0	0	0	0	0	0	0	0	0	0	0	0	0	0	0	0	0	0	0	0	0	0	0	1	0	g__Bacillus_mycoides_SIN2.2_GCA_030292205.1	s__	Bacillus_mycoides_SIN2.2_GCA_030292205.1
OTU_1627	0	0	0	0	0	0	0	0	0	0	0	0	0	0	0	0	0	1	0	0	0	0	0	0	0	0	0	0	0	0	0	0	0	0	0	0	0	0	0	0	0	0	g__Paenibacillus_sp.	s__11B_GCF-030487755.1	Paenibacillus_sp. 11B_GCF-030487755.1
OTU_1628	0	0	0	0	0	0	0	0	0	0	0	0	0	0	0	0	0	0	0	0	0	0	0	0	0	0	0	0	0	0	0	0	0	0	0	0	0	0	0	1	0	0	g__Paenibacillus_sp.	s__11B_GCF-030487755.1	Paenibacillus_sp. 11B_GCF-030487755.1
OTU_1630	0	0	1	0	0	0	0	0	0	0	0	0	0	0	0	0	0	0	0	0	0	0	0	0	0	0	0	0	0	0	0	0	0	0	0	0	0	0	0	0	0	0	g__Bacillus_pumilus_GT4_IS1_GCA_030348915.1	s__	Bacillus_pumilus_GT4_IS1_GCA_030348915.1
OTU_1631	0	0	0	0	0	0	0	0	0	0	0	0	0	0	0	0	0	0	0	0	1	0	0	0	0	0	0	0	0	0	0	0	0	0	0	0	0	0	0	0	0	0	g__Paenibacillus_sp.	s__11B_GCF-030487755.1	Paenibacillus_sp. 11B_GCF-030487755.1
OTU_1632	0	0	0	1	0	0	0	0	0	0	0	0	0	0	0	0	0	0	0	0	0	0	0	0	0	0	0	0	0	0	0	0	0	0	0	0	0	0	0	0	0	0	g__Neobacillus_sp._SuZ13_GCA_030123365.1	s__	Neobacillus_sp._SuZ13_GCA_030123365.1
OTU_1633	0	0	0	0	0	0	0	0	0	0	0	0	0	0	1	0	0	0	0	0	0	0	0	0	0	0	0	0	0	0	0	0	0	0	0	0	0	0	0	0	0	0	g__Paenibacillus_sp.	s__11B_GCF-030487755.1	Paenibacillus_sp. 11B_GCF-030487755.1
OTU_1634	0	0	0	0	0	0	0	0	0	0	0	0	0	0	0	1	0	0	0	0	0	0	0	0	0	0	0	0	0	0	0	0	0	0	0	0	0	0	0	0	0	0	g__Bacillus_paralicheniformis_CEW	s__1W_GCA_030123025.1	Bacillus_paralicheniformis_CEW 1W_GCA_030123025.1
OTU_1635	0	0	0	0	0	0	0	0	0	0	0	0	0	0	0	0	0	1	0	0	0	0	0	0	0	0	0	0	0	0	0	0	0	0	0	0	0	0	0	0	0	0	g__Bacillus_paralicheniformis_CEW	s__1W_GCA_030123025.1	Bacillus_paralicheniformis_CEW 1W_GCA_030123025.1
OTU_1637	0	0	0	0	0	0	0	0	0	0	0	0	0	0	0	0	0	0	0	0	0	0	0	0	0	0	0	0	0	0	0	0	0	1	0	0	0	0	0	0	0	0	g__Paenibacillus_sp.	s__11B_GCF-030487755.1	Paenibacillus_sp. 11B_GCF-030487755.1
OTU_1638	0	0	0	0	0	0	0	0	0	0	0	0	0	0	0	0	0	0	0	0	0	0	0	0	0	0	0	0	0	0	0	0	0	0	0	0	1	0	0	0	0	0	g__Bacillus_mycoides_SIN2.2_GCA_030292205.1	s__	Bacillus_mycoides_SIN2.2_GCA_030292205.1
OTU_1639	0	1	0	0	0	0	0	0	0	0	0	0	0	0	0	0	0	0	0	0	0	0	0	0	0	0	0	0	0	0	0	0	0	0	0	0	0	0	0	0	0	0	g__Paenibacillus_sp.	s__11B_GCF-030487755.1	Paenibacillus_sp. 11B_GCF-030487755.1
OTU_1640	0	0	0	0	1	0	0	0	0	0	0	0	0	0	0	0	0	0	0	0	0	0	0	0	0	0	0	0	0	0	0	0	0	0	0	0	0	0	0	0	0	0	g__Bacillus_wiedmannii_Munchenroda_S7_GCA_030348415.1	s__	Bacillus_wiedmannii_Munchenroda_S7_GCA_030348415.1
OTU_1641	0	0	0	0	0	0	1	0	0	0	0	0	0	0	0	0	0	0	0	0	0	0	0	0	0	0	0	0	0	0	0	0	0	0	0	0	0	0	0	0	0	0	g__Neobacillus_sp._YX16_GCA_030123505.1	s__	Neobacillus_sp._YX16_GCA_030123505.1
OTU_1642	0	0	0	0	0	0	0	0	0	0	0	0	0	0	0	0	0	0	0	0	0	0	0	0	1	0	0	0	0	0	0	0	0	0	0	0	0	0	0	0	0	0	g__Paenibacillus_sp.	s__11B_GCF-030487755.1	Paenibacillus_sp. 11B_GCF-030487755.1
OTU_1643	0	0	0	0	0	0	0	0	0	0	0	0	0	0	0	0	0	0	0	0	0	0	0	0	0	0	0	0	0	0	0	0	0	0	1	0	0	0	0	0	0	0	g__Bacillus_paralicheniformis_CEW	s__1W_GCA_030123025.1	Bacillus_paralicheniformis_CEW 1W_GCA_030123025.1
OTU_1644	1	0	0	0	0	0	0	0	0	0	0	0	0	0	0	0	0	0	0	0	0	0	0	0	0	0	0	0	0	0	0	0	0	0	0	0	0	0	0	0	0	0	g__Paenibacillus_sp.	s__11B_GCF-030487755.1	Paenibacillus_sp. 11B_GCF-030487755.1
OTU_1645	0	0	0	0	0	0	0	0	0	0	0	0	0	0	0	0	0	0	0	0	0	0	0	0	0	0	0	0	1	0	0	0	0	0	0	0	0	0	0	0	0	0	g__Bacillus_paralicheniformis_CEW	s__1W_GCA_030123025.1	Bacillus_paralicheniformis_CEW 1W_GCA_030123025.1
OTU_1646	0	0	0	0	0	0	0	0	0	0	0	0	0	1	0	0	0	0	0	0	0	0	0	0	0	0	0	0	0	0	0	0	0	0	0	0	0	0	0	0	0	0	g__Paenibacillus_sp.	s__11B_GCF-030487755.1	Paenibacillus_sp. 11B_GCF-030487755.1
OTU_1647	0	0	0	0	0	0	0	0	0	0	0	0	1	0	0	0	0	0	0	0	0	0	0	0	0	0	0	0	0	0	0	0	0	0	0	0	0	0	0	0	0	0	g__Paenibacillus_sp.	s__11B_GCF-030487755.1	Paenibacillus_sp. 11B_GCF-030487755.1
OTU_1648	0	0	0	0	0	0	0	0	0	0	0	0	0	0	0	0	0	0	0	0	0	0	0	0	0	1	0	0	0	0	0	0	0	0	0	0	0	0	0	0	0	0	g__Bacillus_paralicheniformis_CEW	s__1W_GCA_030123025.1	Bacillus_paralicheniformis_CEW 1W_GCA_030123025.1
OTU_1649	0	0	0	0	0	0	0	0	0	0	0	0	0	0	0	0	0	0	0	0	0	0	0	0	0	0	0	0	0	0	0	0	0	0	0	0	0	1	0	0	0	0	g__Rossellomorea_marisflavi_LC18_GCA_031324195.1	s__	Rossellomorea_marisflavi_LC18_GCA_031324195.1
OTU_1650	0	0	0	0	0	0	0	0	0	0	0	0	0	0	0	0	0	1	0	0	0	0	0	0	0	0	0	0	0	0	0	0	0	0	0	0	0	0	0	0	0	0	g__Paenibacillus_sp.	s__11B_GCF-030487755.1	Paenibacillus_sp. 11B_GCF-030487755.1
OTU_1651	0	0	0	0	0	0	0	0	0	0	0	0	0	0	0	0	0	0	0	0	0	0	0	0	0	0	0	0	0	0	0	0	0	0	0	0	0	1	0	0	0	0	g__Paenibacillus_sp.	s__11B_GCF-030487755.1	Paenibacillus_sp. 11B_GCF-030487755.1
OTU_1652	0	0	0	0	0	0	0	0	0	0	0	0	0	1	0	0	0	0	0	0	0	0	0	0	0	0	0	0	0	0	0	0	0	0	0	0	0	0	0	0	0	0	g__Bacillus_sonorensis_YX13_GCA_031324045.1	s__	Bacillus_sonorensis_YX13_GCA_031324045.1
OTU_1653	0	0	0	0	0	0	0	0	0	0	0	0	0	0	0	0	0	0	0	1	0	0	0	0	0	0	0	0	0	0	0	0	0	0	0	0	0	0	0	0	0	0	g__Paenibacillus_sp.	s__11B_GCF-030487755.1	Paenibacillus_sp. 11B_GCF-030487755.1
OTU_1654	0	0	0	0	0	0	0	0	0	0	0	0	0	0	0	0	0	0	0	0	0	0	0	0	0	0	0	0	1	0	0	0	0	0	0	0	0	0	0	0	0	0	g__Bacillus_halotolerans_KF17_GCA_030292055.1	s__	Bacillus_halotolerans_KF17_GCA_030292055.1
OTU_1655	0	0	0	0	0	0	0	0	0	0	0	0	0	0	0	0	0	0	0	0	0	0	0	0	0	0	0	0	0	0	0	0	0	0	0	0	0	0	0	1	0	0	g__Bacillus_paralicheniformis_CEW	s__1W_GCA_030123025.1	Bacillus_paralicheniformis_CEW 1W_GCA_030123025.1
OTU_1656	0	0	0	0	0	0	0	0	0	0	0	0	0	0	0	0	0	0	0	0	0	0	0	0	0	0	0	0	0	0	0	0	0	0	0	0	0	0	0	1	0	0	g__Paenibacillus_sp.	s__11B_GCF-030487755.1	Paenibacillus_sp. 11B_GCF-030487755.1
OTU_1658	0	0	0	0	0	0	0	0	0	0	0	0	0	0	0	0	0	0	0	0	0	0	0	0	0	0	0	0	0	0	0	0	0	0	0	1	0	0	0	0	0	0	g__Paenibacillus_sp.	s__11B_GCF-030487755.1	Paenibacillus_sp. 11B_GCF-030487755.1
OTU_1659	0	0	0	0	0	0	0	0	0	0	0	0	0	0	0	0	0	0	0	0	0	0	0	0	0	0	0	0	0	0	0	0	0	0	0	0	0	0	0	1	0	0	g__Bacillus_subtilis_G2S2_GCA_030123085.1	s__	Bacillus_subtilis_G2S2_GCA_030123085.1
OTU_1660	0	0	0	0	0	0	0	0	0	1	0	0	0	0	0	0	0	0	0	0	0	0	0	0	0	0	0	0	0	0	0	0	0	0	0	0	0	0	0	0	0	0	g__Bacillus_sonorensis_YX13_GCA_031324045.1	s__	Bacillus_sonorensis_YX13_GCA_031324045.1
OTU_1661	0	0	0	1	0	0	0	0	0	0	0	0	0	1	1	0	0	1	0	0	0	0	0	0	0	0	0	0	0	0	0	0	0	0	0	0	0	0	0	0	0	0	g__Paenibacillus_sp.	s__11B_GCF-030487755.1	Paenibacillus_sp. 11B_GCF-030487755.1
OTU_1662	0	0	0	0	0	0	0	0	0	0	0	0	0	0	1	0	0	0	0	0	0	0	0	0	0	0	0	0	0	0	0	0	0	0	0	0	0	0	0	0	0	0	g__Paenibacillus_sp.	s__11B_GCF-030487755.1	Paenibacillus_sp. 11B_GCF-030487755.1
OTU_1663	0	0	0	0	0	0	0	0	0	0	0	0	0	0	0	0	0	0	0	1	0	0	0	0	0	0	0	0	0	0	0	0	0	0	0	0	0	0	0	0	0	0	g__Peribacillus_frigoritolerans_CF13_GCA_030348785.1	s__	Peribacillus_frigoritolerans_CF13_GCA_030348785.1
OTU_1664	0	0	0	0	1	0	0	0	0	0	0	0	0	0	0	0	0	0	0	0	0	0	0	0	0	0	0	0	0	0	0	0	0	0	0	0	0	0	0	0	0	0	g__Bacillus_paralicheniformis_CEW	s__1W_GCA_030123025.1	Bacillus_paralicheniformis_CEW 1W_GCA_030123025.1
OTU_1665	0	0	0	0	0	0	0	0	0	0	0	0	0	0	0	1	0	0	0	0	0	0	0	0	0	0	0	0	0	0	0	0	0	0	0	0	0	0	0	0	0	0	g__Paenibacillus_sp.	s__11B_GCF-030487755.1	Paenibacillus_sp. 11B_GCF-030487755.1
OTU_1666	0	0	0	0	0	0	0	0	0	0	0	0	0	1	0	0	0	0	0	0	0	0	0	0	0	0	0	0	0	0	0	0	0	0	0	0	0	0	0	0	0	0	g__Bacillus_sonorensis_YX13_GCA_031324045.1	s__	Bacillus_sonorensis_YX13_GCA_031324045.1
OTU_1667	0	0	0	0	0	0	0	0	0	0	0	0	0	0	0	0	0	0	0	0	0	1	0	0	0	0	0	0	0	0	0	0	0	0	0	0	0	0	0	0	0	0	g__Bacillus_sonorensis_YX13_GCA_031324045.1	s__	Bacillus_sonorensis_YX13_GCA_031324045.1
OTU_1668	0	0	0	0	0	0	0	0	0	0	0	0	0	0	0	0	1	0	0	0	0	0	0	0	0	0	0	0	0	0	0	0	0	0	0	0	0	0	0	0	0	0	g__Paenibacillus_sp.	s__11B_GCF-030487755.1	Paenibacillus_sp. 11B_GCF-030487755.1
OTU_1669	0	0	0	0	0	0	0	0	0	0	0	0	0	0	0	0	0	0	0	1	0	0	0	0	0	0	0	0	0	0	0	0	0	0	0	0	0	0	0	0	0	0	g__Bacillus_paralicheniformis_CEW	s__1W_GCA_030123025.1	Bacillus_paralicheniformis_CEW 1W_GCA_030123025.1
OTU_1670	0	0	0	0	0	0	0	0	0	0	0	0	0	0	0	0	0	1	0	0	0	0	0	0	0	0	0	0	0	0	0	0	1	0	0	0	0	0	0	0	0	0	g__Bacillus_sonorensis_YX13_GCA_031324045.1	s__	Bacillus_sonorensis_YX13_GCA_031324045.1
OTU_1671	1	0	0	0	0	0	0	0	0	0	0	0	0	0	0	0	0	0	0	0	0	0	0	0	0	0	0	0	0	0	0	0	0	0	0	0	0	0	0	0	0	0	g__Bacillus_sonorensis_YX13_GCA_031324045.1	s__	Bacillus_sonorensis_YX13_GCA_031324045.1
OTU_1672	0	0	0	0	0	0	0	0	0	1	0	0	0	1	0	0	0	0	0	0	0	0	0	0	0	0	0	0	0	0	0	0	0	0	0	0	0	1	0	0	1	0	g__Bacillus_sonorensis_YX13_GCA_031324045.1	s__	Bacillus_sonorensis_YX13_GCA_031324045.1
OTU_1673	0	0	0	0	0	0	0	0	0	0	0	0	0	0	0	0	0	0	0	0	0	0	0	0	0	1	0	0	0	0	0	0	0	0	0	0	0	0	0	0	0	0	g__Bacillus_paralicheniformis_CEW	s__1W_GCA_030123025.1	Bacillus_paralicheniformis_CEW 1W_GCA_030123025.1
OTU_1674	1	0	0	0	0	0	0	0	0	0	0	0	0	0	0	0	0	0	0	0	0	0	0	0	0	0	0	0	0	0	0	0	0	0	0	0	0	0	0	0	0	0	g__Paenibacillus_sp.	s__11B_GCF-030487755.1	Paenibacillus_sp. 11B_GCF-030487755.1
OTU_1675	0	0	0	0	0	0	0	0	0	0	1	0	0	0	0	0	0	0	0	0	0	0	0	0	0	0	0	0	0	0	0	0	0	0	0	0	0	0	0	0	0	0	g__Bacillus_sonorensis_YX13_GCA_031324045.1	s__	Bacillus_sonorensis_YX13_GCA_031324045.1
OTU_1676	0	0	0	0	0	0	0	0	0	0	0	0	0	0	0	0	1	0	0	0	0	0	0	0	0	0	0	0	0	0	0	0	0	0	0	0	0	0	0	0	0	0	g__Bacillus_velezensis_MB7_B11_GCA_030123285.1	s__	Bacillus_velezensis_MB7_B11_GCA_030123285.1
OTU_1677	0	0	0	0	0	0	0	0	0	1	0	0	0	0	0	0	0	0	0	0	0	0	0	0	0	0	0	0	0	0	0	0	0	0	0	0	0	0	0	0	0	0	g__Bacillus_paralicheniformis_CEW	s__1W_GCA_030123025.1	Bacillus_paralicheniformis_CEW 1W_GCA_030123025.1
OTU_1678	0	0	0	0	0	0	0	0	0	0	0	1	0	0	1	0	0	0	0	0	0	0	0	0	0	0	0	0	0	0	0	0	0	0	0	0	0	0	0	0	1	0	g__Bacillus_sonorensis_YX13_GCA_031324045.1	s__	Bacillus_sonorensis_YX13_GCA_031324045.1
OTU_1679	0	0	0	0	0	0	0	0	0	0	0	0	0	0	0	0	0	1	0	0	0	0	0	0	0	0	0	0	0	0	0	0	0	0	0	0	0	0	0	0	0	0	g__Bacillus_sonorensis_YX13_GCA_031324045.1	s__	Bacillus_sonorensis_YX13_GCA_031324045.1
OTU_1680	0	0	0	0	0	0	0	0	0	0	0	0	0	0	0	0	0	0	0	0	1	0	0	0	0	0	0	0	0	0	0	0	0	0	0	0	0	0	0	0	0	0	g__Bacillus_paralicheniformis_CEW	s__1W_GCA_030123025.1	Bacillus_paralicheniformis_CEW 1W_GCA_030123025.1
OTU_1681	0	0	0	0	0	0	0	0	0	0	0	0	0	0	0	0	0	0	0	0	0	0	0	0	0	0	0	0	0	0	0	0	0	0	0	1	0	0	0	0	0	0	g__Paenibacillus_sp.	s__11B_GCF-030487755.1	Paenibacillus_sp. 11B_GCF-030487755.1
OTU_1682	0	0	0	0	0	0	0	0	0	0	0	1	0	0	0	0	0	0	0	0	0	0	0	0	0	0	0	0	0	0	0	0	0	0	0	0	0	0	0	0	0	0	g__Paenibacillus_sp.	s__11B_GCF-030487755.1	Paenibacillus_sp. 11B_GCF-030487755.1
OTU_1683	0	0	0	0	0	0	0	0	0	0	0	0	0	0	1	0	0	0	0	0	0	0	0	0	0	0	0	0	0	0	0	0	0	0	0	0	0	0	0	0	0	0	g__Bacillus_paralicheniformis_CEW	s__1W_GCA_030123025.1	Bacillus_paralicheniformis_CEW 1W_GCA_030123025.1
OTU_1684	0	0	0	0	0	0	0	0	0	0	0	0	0	0	0	0	0	0	0	0	0	0	0	0	0	0	0	0	0	0	0	0	0	0	0	0	0	1	0	0	0	0	g__Bacillus_paralicheniformis_CEW	s__1W_GCA_030123025.1	Bacillus_paralicheniformis_CEW 1W_GCA_030123025.1
OTU_1685	0	0	0	0	0	0	0	0	0	0	0	1	0	0	0	0	0	0	0	0	0	0	0	0	0	0	0	0	0	0	0	0	0	0	0	0	0	0	0	0	0	0	g__Bacillus_paralicheniformis_CEW	s__1W_GCA_030123025.1	Bacillus_paralicheniformis_CEW 1W_GCA_030123025.1
OTU_1687	0	0	0	0	0	0	0	0	0	0	0	0	0	0	0	0	0	0	1	0	0	0	0	0	0	0	0	0	0	0	0	0	0	0	0	0	0	0	0	0	0	0	g__Bacillus_sonorensis_YX13_GCA_031324045.1	s__	Bacillus_sonorensis_YX13_GCA_031324045.1
OTU_1688	0	0	0	0	0	0	0	0	0	0	0	0	0	0	0	0	0	0	0	0	0	0	0	0	0	0	0	0	1	0	0	0	0	0	0	0	0	0	0	0	0	0	g__Bacillus_velezensis_TZ19_GCA_030348305.1	s__	Bacillus_velezensis_TZ19_GCA_030348305.1
OTU_1689	0	0	0	0	0	0	0	0	0	0	0	0	0	0	0	0	0	0	0	0	0	0	0	0	0	0	0	0	0	0	0	0	0	0	0	0	0	0	0	0	1	0	g__Bacillus_arachidis_YX15_GCA_030285945.1	s__	Bacillus_arachidis_YX15_GCA_030285945.1
OTU_1690	0	0	0	0	1	0	0	0	0	0	0	0	0	0	0	0	0	0	0	0	0	0	0	0	0	0	0	0	0	0	0	0	0	0	0	0	0	0	0	0	0	0	g__Paenibacillus_sp.	s__11B_GCF-030487755.1	Paenibacillus_sp. 11B_GCF-030487755.1
OTU_1691	0	0	0	0	0	0	1	0	0	0	0	0	0	0	0	0	0	0	0	0	0	0	0	0	0	0	0	0	0	0	0	0	0	0	0	0	0	0	0	0	0	0	g__Paenibacillus_silvae_LY60_GCF_030348445.1	s__	Paenibacillus_silvae_LY60_GCF_030348445.1
OTU_1692	0	0	0	0	0	0	0	0	0	0	0	0	0	0	0	1	0	0	0	0	0	0	0	0	0	0	0	0	0	0	0	0	0	0	0	0	0	0	0	0	0	0	g__Paenibacillus_sp.	s__11B_GCF-030487755.1	Paenibacillus_sp. 11B_GCF-030487755.1
OTU_1693	0	0	0	0	0	0	0	0	0	0	0	0	0	0	0	0	0	0	1	0	0	0	0	0	0	0	0	0	0	0	0	0	0	0	0	0	0	0	0	0	0	0	g__Lysinibacillus_sphaericus_ACCC03577_GCA_030348985.1	s__	Lysinibacillus_sphaericus_ACCC03577_GCA_030348985.1
OTU_1694	1	0	0	0	0	0	0	0	0	0	0	0	0	0	0	0	0	0	0	0	0	0	0	0	0	0	0	0	0	0	0	0	0	0	0	0	0	0	0	0	0	0	g__Bacillus_sonorensis_YX13_GCA_031324045.1	s__	Bacillus_sonorensis_YX13_GCA_031324045.1
OTU_1695	0	0	0	0	0	0	0	0	0	0	0	0	0	0	0	0	0	0	0	0	0	0	1	0	0	0	0	0	0	0	0	0	0	0	0	0	0	0	0	0	0	0	g__Bacillus_licheniformis_D9_B_45_GCA_030348625.1	s__	Bacillus_licheniformis_D9_B_45_GCA_030348625.1
OTU_1696	0	0	0	0	0	0	0	0	0	0	0	0	0	0	0	0	0	0	0	0	0	0	0	0	0	0	1	0	0	0	0	0	0	0	0	0	0	0	0	0	0	0	g__Bacillus_toyonensis_G7S3_GCA_031324285.1	s__	Bacillus_toyonensis_G7S3_GCA_031324285.1
OTU_1697	1	0	0	0	0	0	0	0	0	0	0	0	0	0	0	0	0	0	0	0	0	0	0	0	0	0	0	0	0	0	0	0	0	0	0	0	0	0	0	0	0	0	g__Bacillus_safensis_CEW-AP100_GCA_030122965.1	s__	Bacillus_safensis_CEW-AP100_GCA_030122965.1
OTU_1698	0	1	0	0	0	0	0	0	0	0	0	0	0	0	0	0	0	0	0	0	0	0	0	0	0	0	0	0	0	0	0	0	0	0	0	0	0	0	0	0	0	0	g__Lysinibacillus_pakistanensis_LY92_GCA_030123265.1	s__	Lysinibacillus_pakistanensis_LY92_GCA_030123265.1
OTU_1699	0	0	0	0	0	0	0	0	0	0	0	0	0	0	0	0	0	1	0	0	0	0	0	0	0	0	0	0	0	0	0	0	0	0	0	0	0	0	0	0	0	0	g__Bacillus_altitudinis_G6S2_GCA_030123125.1	s__	Bacillus_altitudinis_G6S2_GCA_030123125.1
OTU_1700	0	0	0	0	0	0	0	0	0	0	0	0	0	0	0	0	0	0	0	0	0	0	0	1	0	0	0	0	0	0	0	0	0	0	0	0	0	0	0	0	0	0	g__Bacillus_sp._DX4.1_GCA_030348195.1	s__	Bacillus_sp._DX4.1_GCA_030348195.1
OTU_1701	0	0	0	0	0	0	0	0	1	0	0	0	0	0	0	0	0	0	0	0	0	0	0	0	0	0	0	0	0	0	0	0	0	0	0	0	0	0	0	0	0	0	g__Neobacillus_sp._SuZ13_GCA_030123365.1	s__	Neobacillus_sp._SuZ13_GCA_030123365.1
OTU_1702	0	0	0	0	0	0	1	0	0	1	0	0	0	0	0	0	0	0	0	0	0	0	0	0	0	0	0	0	0	0	0	0	0	0	0	0	0	0	0	0	0	0	g__Bacillus_sonorensis_YX13_GCA_031324045.1	s__	Bacillus_sonorensis_YX13_GCA_031324045.1
OTU_1703	0	0	0	0	0	0	1	0	0	0	0	1	0	0	0	0	0	0	0	0	0	0	0	0	0	0	0	0	0	0	0	0	0	0	0	0	0	0	0	0	0	0	g__Paenibacillus_silvae_LY60_GCF_030348445.1	s__	Paenibacillus_silvae_LY60_GCF_030348445.1
OTU_1704	0	0	0	0	0	0	0	0	0	0	0	0	0	1	0	0	0	0	0	0	0	0	0	0	0	0	0	0	0	0	0	0	0	0	0	0	0	0	0	0	0	0	g__Bacillus_sonorensis_YX13_GCA_031324045.1	s__	Bacillus_sonorensis_YX13_GCA_031324045.1
OTU_1705	0	0	0	0	0	0	0	0	0	0	0	0	0	1	0	0	0	0	0	0	0	0	0	0	0	0	0	0	0	0	0	0	0	0	0	0	0	0	0	0	0	0	g__Bacillus_halotolerans_KF17_GCA_030292055.1	s__	Bacillus_halotolerans_KF17_GCA_030292055.1
OTU_1706	0	0	0	0	0	0	0	0	0	0	0	0	0	0	0	0	0	0	0	0	0	0	0	0	0	0	0	0	0	0	1	0	0	0	0	0	0	0	0	0	0	0	g__Bacillus_halotolerans_KF17_GCA_030292055.1	s__	Bacillus_halotolerans_KF17_GCA_030292055.1
OTU_1707	0	0	0	0	0	1	0	0	0	0	0	0	0	0	0	0	0	0	0	0	0	0	0	0	0	0	0	0	0	0	0	0	0	0	0	0	0	0	0	0	0	0	g__Bacillus_sonorensis_YX13_GCA_031324045.1	s__	Bacillus_sonorensis_YX13_GCA_031324045.1
OTU_1708	0	0	0	0	0	0	0	0	0	0	0	1	0	0	0	0	0	0	0	0	0	0	0	0	0	0	0	0	0	0	0	0	0	0	0	0	0	0	0	0	0	0	g__Paenibacillus_sp.	s__11B_GCF-030487755.1	Paenibacillus_sp. 11B_GCF-030487755.1
OTU_1709	0	0	0	0	0	0	0	0	0	0	0	0	0	0	0	0	0	0	0	1	0	0	0	0	0	0	0	0	0	0	0	0	0	0	0	0	0	0	0	0	0	0	g__Bacillus_paralicheniformis_CEW	s__1W_GCA_030123025.1	Bacillus_paralicheniformis_CEW 1W_GCA_030123025.1
OTU_1710	1	0	0	1	0	1	0	0	0	0	2	1	0	2	0	0	2	0	1	0	0	0	2	0	0	0	0	1	0	1	0	1	0	0	0	0	0	1	0	1	0	1	g__Paenibacillus_sp.	s__11B_GCF-030487755.1	Paenibacillus_sp. 11B_GCF-030487755.1
OTU_1711	0	0	0	0	0	0	0	0	0	0	0	0	0	0	0	0	0	0	0	0	0	0	0	0	0	0	0	0	0	0	0	0	0	0	0	0	0	1	0	0	0	0	g__Neobacillus_sp._SuZ13_GCA_030123365.1	s__	Neobacillus_sp._SuZ13_GCA_030123365.1
OTU_1712	0	0	0	0	0	0	0	0	0	0	0	0	0	0	1	0	0	0	0	0	0	0	0	0	0	0	0	0	0	0	0	0	0	0	0	0	0	0	0	0	0	0	g__Paenibacillus_sp.	s__11B_GCF-030487755.1	Paenibacillus_sp. 11B_GCF-030487755.1
OTU_1713	0	0	0	0	0	0	0	0	0	0	0	0	0	0	0	0	0	0	1	0	0	0	0	0	0	0	0	0	0	0	0	0	0	0	0	0	0	0	0	0	0	0	g__Bacillus_pumilus_GT4_IS1_GCA_030348915.1	s__	Bacillus_pumilus_GT4_IS1_GCA_030348915.1
OTU_1714	0	0	0	0	0	0	0	0	0	0	0	0	0	0	0	0	0	0	0	0	0	0	0	0	0	0	0	0	0	0	0	1	0	0	0	0	0	0	0	0	0	0	g__Bacillus_paralicheniformis_CEW	s__1W_GCA_030123025.1	Bacillus_paralicheniformis_CEW 1W_GCA_030123025.1
OTU_1715	0	0	0	0	0	0	0	0	0	0	1	0	0	1	0	0	0	0	0	0	1	0	1	0	0	0	0	0	0	0	0	0	0	0	0	1	0	0	1	0	0	0	g__Paenibacillus_sp.	s__11B_GCF-030487755.1	Paenibacillus_sp. 11B_GCF-030487755.1
OTU_1716	0	1	0	0	0	0	0	0	0	0	0	0	0	0	0	0	0	0	0	0	0	0	0	0	0	0	0	0	0	0	0	0	0	0	0	0	0	0	0	0	0	0	g__Paenibacillus_sp.	s__11B_GCF-030487755.1	Paenibacillus_sp. 11B_GCF-030487755.1
OTU_1717	0	0	0	1	0	0	0	0	0	0	0	0	0	0	0	0	0	0	0	0	0	0	0	0	0	0	0	0	0	0	0	0	0	0	0	0	0	0	0	0	0	0	g__Bacillus_paralicheniformis_CEW	s__1W_GCA_030123025.1	Bacillus_paralicheniformis_CEW 1W_GCA_030123025.1
OTU_1718	0	0	0	0	0	0	0	0	0	0	0	0	0	0	0	0	0	0	0	0	0	0	0	0	0	0	0	0	0	0	0	0	0	0	0	1	0	0	0	0	0	0	g__Paenibacillus_sp.	s__11B_GCF-030487755.1	Paenibacillus_sp. 11B_GCF-030487755.1
OTU_1719	0	0	0	0	0	0	0	0	0	1	0	0	0	0	0	0	0	0	0	0	0	0	0	0	0	0	0	0	0	0	0	0	0	0	0	0	0	0	0	0	0	0	g__Paenibacillus_sp.	s__11B_GCF-030487755.1	Paenibacillus_sp. 11B_GCF-030487755.1
OTU_1720	0	0	0	0	0	0	0	0	0	0	0	0	0	0	1	0	0	0	0	0	0	0	0	0	0	0	0	0	0	0	0	0	0	0	0	0	0	0	0	0	0	0	g__Paenibacillus_sp.	s__11B_GCF-030487755.1	Paenibacillus_sp. 11B_GCF-030487755.1
OTU_1721	0	0	0	0	0	0	0	0	0	0	0	0	0	0	0	0	0	0	0	0	0	0	0	0	0	0	0	0	0	0	0	0	0	0	0	0	0	0	1	0	0	0	g__Bacillus_safensis_CEW-AP100_GCA_030122965.1	s__	Bacillus_safensis_CEW-AP100_GCA_030122965.1
OTU_1722	0	0	0	0	0	0	0	0	0	0	0	0	0	0	1	0	0	0	0	0	0	0	0	0	0	0	0	0	0	0	0	0	0	0	0	0	0	0	0	0	0	0	g__Bacillus_anthracis_Mn106-1	s__head2	Bacillus_anthracis_Mn106-1 head2 chi_GCA_030166975.1
OTU_1723	0	0	1	0	0	0	0	0	0	0	1	0	0	1	0	0	2	2	1	0	0	0	0	2	0	1	0	1	0	0	1	1	0	1	0	0	0	0	0	1	0	0	g__Paenibacillus_sp.	s__11B_GCF-030487755.1	Paenibacillus_sp. 11B_GCF-030487755.1
OTU_1724	0	0	0	0	0	0	0	0	0	0	0	0	0	0	0	0	0	0	0	0	0	0	0	0	0	0	1	0	0	0	0	0	0	0	0	0	0	0	0	0	0	0	g__Paenibacillus_sp.	s__11B_GCF-030487755.1	Paenibacillus_sp. 11B_GCF-030487755.1
OTU_1725	0	0	0	0	0	0	0	0	1	0	0	0	0	0	0	0	0	0	0	0	0	0	0	0	0	0	0	0	0	0	0	0	0	0	0	0	0	0	0	0	0	0	g__Bacillus_paralicheniformis_CEW	s__1W_GCA_030123025.1	Bacillus_paralicheniformis_CEW 1W_GCA_030123025.1
OTU_1726	0	0	0	0	0	0	0	0	0	0	0	0	0	1	0	0	0	0	0	0	0	0	0	0	0	0	0	0	0	0	0	0	0	0	0	0	0	0	0	0	0	0	g__Bacillus_sonorensis_YX13_GCA_031324045.1	s__	Bacillus_sonorensis_YX13_GCA_031324045.1
OTU_1728	0	0	0	0	0	0	0	0	0	0	0	0	0	0	0	0	0	0	0	0	0	1	0	0	0	0	0	0	0	0	0	0	0	0	0	0	0	0	0	0	0	0	g__Paenibacillus_sp.	s__11B_GCF-030487755.1	Paenibacillus_sp. 11B_GCF-030487755.1
OTU_1729	0	0	0	0	0	0	0	0	0	0	0	0	0	0	1	0	0	0	0	0	0	0	0	0	0	0	0	0	0	0	0	0	0	0	0	0	0	0	0	0	0	0	g__Paenibacillus_sp.	s__11B_GCF-030487755.1	Paenibacillus_sp. 11B_GCF-030487755.1
OTU_1730	1	0	0	0	0	0	0	0	0	0	0	0	0	0	0	0	0	0	0	0	0	0	0	0	0	0	0	0	0	0	0	0	0	0	0	0	0	0	0	0	0	0	g__Bacillus_paralicheniformis_CEW	s__1W_GCA_030123025.1	Bacillus_paralicheniformis_CEW 1W_GCA_030123025.1
OTU_1731	0	0	0	0	0	0	0	0	0	0	0	0	0	0	0	1	0	0	0	0	0	0	0	0	0	0	0	0	0	0	0	0	0	0	0	0	0	0	0	0	0	0	g__Paenibacillus_sp.	s__11B_GCF-030487755.1	Paenibacillus_sp. 11B_GCF-030487755.1
OTU_1732	0	0	0	0	0	0	0	0	0	0	0	0	0	0	0	0	0	0	0	0	0	0	0	0	0	0	0	0	0	0	0	0	0	0	0	0	0	0	0	0	0	1	g__Lysinibacillus_pakistanensis_LY92_GCA_030123265.1	s__	Lysinibacillus_pakistanensis_LY92_GCA_030123265.1
OTU_1733	0	0	0	0	0	0	0	0	0	0	0	0	0	0	0	0	0	0	0	0	0	0	0	0	0	0	0	0	0	0	0	0	0	0	0	0	0	0	0	0	1	0	g__Mesobacillus_sp.	s__AQ2_GCA_030122805.1	Mesobacillus_sp. AQ2_GCA_030122805.1
OTU_1734	0	1	0	0	0	0	0	0	0	0	0	0	0	0	0	0	0	0	0	0	0	0	0	0	0	0	0	0	0	0	0	0	0	0	0	0	0	0	0	0	0	0	g__Bacillus_paralicheniformis_CEW	s__1W_GCA_030123025.1	Bacillus_paralicheniformis_CEW 1W_GCA_030123025.1
OTU_1735	0	0	0	0	0	0	0	0	0	0	0	0	0	0	0	0	1	0	0	0	0	0	0	0	0	0	0	0	0	0	0	0	0	0	0	0	0	0	0	0	0	0	g__Bacillus_licheniformis_D9_B_45_GCA_030348625.1	s__	Bacillus_licheniformis_D9_B_45_GCA_030348625.1
OTU_1736	0	0	0	0	0	0	0	0	0	0	0	0	0	0	0	0	0	0	0	0	0	0	0	0	0	0	0	0	0	0	0	0	1	0	0	0	0	0	0	0	0	0	g__Bacillus_altitudinis_G6S2_GCA_030123125.1	s__	Bacillus_altitudinis_G6S2_GCA_030123125.1
OTU_1737	0	0	0	0	0	0	0	0	0	0	0	0	0	0	0	0	0	0	0	0	0	0	0	0	0	0	0	0	0	0	0	0	0	0	0	1	0	0	0	0	0	0	g__Brevibacillus_parabrevis_GCA_031324325.1	s__	Brevibacillus_parabrevis_GCA_031324325.1
OTU_1738	0	0	0	0	0	0	0	1	0	0	0	0	0	0	1	1	1	0	0	0	0	0	0	0	0	0	0	0	0	0	0	0	0	0	0	0	1	0	0	0	0	1	g__Bacillus_paralicheniformis_CEW	s__1W_GCA_030123025.1	Bacillus_paralicheniformis_CEW 1W_GCA_030123025.1
OTU_1739	0	0	0	0	0	0	0	0	0	0	0	0	0	0	0	0	0	0	0	0	0	0	0	0	0	0	0	1	0	0	0	0	1	0	0	0	1	0	0	0	0	0	g__Bacillus_halotolerans_KF17_GCA_030292055.1	s__	Bacillus_halotolerans_KF17_GCA_030292055.1
OTU_1740	0	0	0	1	0	0	0	0	0	0	0	0	0	0	0	0	0	0	0	0	0	0	0	0	0	0	0	0	0	0	0	0	0	0	0	0	0	0	0	0	0	0	g__Bacillus_paralicheniformis_CEW	s__1W_GCA_030123025.1	Bacillus_paralicheniformis_CEW 1W_GCA_030123025.1
OTU_1741	0	0	0	0	0	0	0	0	0	0	1	0	0	0	0	0	0	0	0	0	0	0	0	0	0	0	0	0	0	0	0	0	0	0	0	0	0	0	0	0	0	0	g__Peribacillus_frigoritolerans_G1S1_GCA_030348515.1	s__	Peribacillus_frigoritolerans_G1S1_GCA_030348515.1
OTU_1742	0	0	0	1	0	0	0	0	0	0	0	0	0	0	0	0	0	0	0	0	0	0	0	0	0	0	0	0	0	0	0	0	0	0	0	0	0	0	0	0	0	0	g__Paenibacillus_sp.	s__11B_GCF-030487755.1	Paenibacillus_sp. 11B_GCF-030487755.1
OTU_1743	0	0	0	0	0	0	0	0	0	0	0	0	0	0	0	0	0	0	0	0	0	0	0	0	0	0	0	0	0	0	0	0	0	0	0	0	0	0	0	1	0	0	g__Bacillus_altitudinis_G6S2_GCA_030123125.1	s__	Bacillus_altitudinis_G6S2_GCA_030123125.1
OTU_1744	0	0	0	0	1	0	0	0	0	0	0	0	0	0	0	0	0	0	0	0	0	0	0	0	0	0	0	0	0	0	0	0	0	0	0	0	0	0	0	0	0	0	g__Paenibacillus_sp.	s__11B_GCF-030487755.1	Paenibacillus_sp. 11B_GCF-030487755.1
OTU_1745	0	0	0	0	0	0	0	0	0	0	0	0	0	0	0	0	0	0	0	0	0	0	0	0	0	0	1	0	0	0	0	0	0	0	0	0	0	0	0	0	0	0	g__Paenibacillus_silvae_LY60_GCF_030348445.1	s__	Paenibacillus_silvae_LY60_GCF_030348445.1
OTU_1746	0	0	0	0	0	0	0	0	0	0	0	0	0	0	0	0	0	0	0	0	0	0	0	0	0	0	0	0	0	0	0	0	0	0	0	0	0	0	0	0	0	1	g__Paenibacillus_sp.	s__11B_GCF-030487755.1	Paenibacillus_sp. 11B_GCF-030487755.1
OTU_1747	0	0	0	0	0	0	1	0	0	0	0	0	0	0	0	0	0	0	0	0	0	0	0	0	0	0	0	0	0	0	0	0	0	0	0	0	0	0	0	0	0	0	g__Paenibacillus_sp.	s__11B_GCF-030487755.1	Paenibacillus_sp. 11B_GCF-030487755.1
OTU_1749	0	0	0	0	0	0	0	0	0	0	0	0	0	0	1	0	0	0	0	0	0	0	0	0	0	0	0	0	0	0	0	0	0	0	0	0	0	0	0	0	0	0	g__Neobacillus_sp._SuZ13_GCA_030123365.1	s__	Neobacillus_sp._SuZ13_GCA_030123365.1
OTU_1750	0	0	0	0	0	0	0	0	0	0	0	0	0	0	0	0	0	0	0	1	0	0	0	0	0	0	0	0	0	0	0	0	0	0	0	0	0	0	0	0	0	0	g__Paenibacillus_sp.	s__11B_GCF-030487755.1	Paenibacillus_sp. 11B_GCF-030487755.1
OTU_1751	0	0	0	0	0	0	0	0	0	0	0	0	0	0	0	0	0	0	0	1	0	0	0	0	0	0	0	0	0	0	0	0	0	0	0	0	0	0	0	0	0	0	g__Paenibacillus_sp.	s__11B_GCF-030487755.1	Paenibacillus_sp. 11B_GCF-030487755.1
OTU_1752	0	0	0	0	0	0	1	1	0	0	1	0	0	0	0	0	0	0	0	0	0	0	0	1	0	0	1	1	0	1	0	0	0	0	0	0	0	0	1	0	1	1	g__Paenibacillus_sp.	s__11B_GCF-030487755.1	Paenibacillus_sp. 11B_GCF-030487755.1
OTU_1753	0	0	0	0	0	0	0	0	0	0	0	0	0	0	0	0	0	0	0	0	0	0	0	1	0	0	0	0	0	0	0	0	0	0	0	0	0	0	0	0	0	0	g__Bacillus_velezensis_MB7_B13_GCA_030348465.1	s__	Bacillus_velezensis_MB7_B13_GCA_030348465.1
OTU_1754	0	0	0	0	0	1	0	0	0	0	0	0	0	0	0	0	0	0	0	0	0	0	0	0	0	0	0	0	0	0	0	0	0	0	0	0	0	0	0	0	0	0	g__Paenibacillus_sp.	s__11B_GCF-030487755.1	Paenibacillus_sp. 11B_GCF-030487755.1
OTU_1755	0	0	0	0	0	0	0	0	0	0	0	0	0	0	0	0	0	0	0	0	0	0	0	0	0	0	0	0	0	0	0	0	0	0	0	0	1	0	0	0	0	0	g__Bacillus_pumilus_B2_10_GCA_030122825.1	s__	Bacillus_pumilus_B2_10_GCA_030122825.1
OTU_1756	0	0	0	0	0	0	0	0	0	0	0	0	0	0	0	0	0	0	0	0	0	0	0	0	0	0	0	0	0	0	0	0	0	0	0	0	0	1	0	0	0	0	g__Bacillus_sp._DX1.1_GCA_030348225.1	s__	Bacillus_sp._DX1.1_GCA_030348225.1
OTU_1757	0	0	0	0	0	1	0	0	0	0	0	0	0	0	0	0	0	0	0	0	0	0	0	0	0	0	0	0	0	0	0	0	0	0	0	0	0	0	0	0	0	0	g__Bacillus_mycoides_SIN2.2_GCA_030292205.1	s__	Bacillus_mycoides_SIN2.2_GCA_030292205.1
OTU_1758	0	0	0	0	0	0	0	0	0	0	0	0	0	0	0	0	0	0	0	0	0	0	0	0	0	0	0	0	0	0	0	0	0	0	0	1	0	0	0	0	0	0	g__Bacillus_paralicheniformis_CEW	s__1W_GCA_030123025.1	Bacillus_paralicheniformis_CEW 1W_GCA_030123025.1
OTU_1759	0	0	0	0	0	0	0	0	0	0	0	0	0	0	0	0	0	0	0	0	0	0	0	0	0	0	0	0	0	0	0	0	0	0	0	0	0	1	0	0	0	0	g__Paenibacillus_sp.	s__11B_GCF-030487755.1	Paenibacillus_sp. 11B_GCF-030487755.1
OTU_1760	0	0	0	0	0	0	0	0	0	0	0	0	0	0	0	0	0	0	0	0	0	0	0	0	0	0	0	0	0	0	0	0	0	0	0	0	0	0	0	0	1	0	g__Bacillus_sonorensis_YX13_GCA_031324045.1	s__	Bacillus_sonorensis_YX13_GCA_031324045.1
OTU_1761	0	0	0	0	0	0	0	0	0	0	0	1	0	0	0	0	0	0	0	0	0	0	0	0	0	0	0	0	0	0	0	0	0	0	0	0	0	0	0	0	0	0	g__Neobacillus_novalis_XLM17_GCA_030123445.1	s__	Neobacillus_novalis_XLM17_GCA_030123445.1
OTU_1762	0	0	0	0	0	0	0	0	0	0	0	0	0	0	0	0	0	1	0	0	0	0	0	0	0	0	0	0	0	0	0	0	0	0	0	0	0	0	0	0	0	0	g__Bacillus_sonorensis_YX13_GCA_031324045.1	s__	Bacillus_sonorensis_YX13_GCA_031324045.1
OTU_1763	0	0	0	0	0	0	0	0	0	0	0	0	0	0	0	0	0	0	0	0	0	0	0	0	0	0	0	0	0	0	0	0	0	0	0	1	0	0	0	0	0	0	g__Brevibacillus_parabrevis_GCA_031324325.1	s__	Brevibacillus_parabrevis_GCA_031324325.1
OTU_1764	0	0	0	0	0	0	0	0	0	0	0	0	0	1	0	0	0	0	0	0	0	0	0	0	0	0	0	0	0	0	0	0	0	0	0	0	0	0	0	0	0	0	g__Bacillus_subtilis_G2S2_GCA_030123085.1	s__	Bacillus_subtilis_G2S2_GCA_030123085.1
OTU_1765	0	0	0	0	0	0	0	0	0	0	0	0	0	0	0	0	0	0	0	0	1	0	0	0	0	0	0	0	0	0	0	0	0	0	0	0	0	0	0	0	0	0	g__Paenibacillus_sp.	s__11B_GCF-030487755.1	Paenibacillus_sp. 11B_GCF-030487755.1
OTU_1766	1	0	0	0	0	0	0	0	0	0	0	0	0	0	0	0	0	0	0	0	0	0	0	0	0	0	0	0	0	0	0	0	0	0	0	0	0	0	0	0	0	0	g__Paenibacillus_sp.	s__11B_GCF-030487755.1	Paenibacillus_sp. 11B_GCF-030487755.1
OTU_1767	0	0	0	0	0	0	0	0	0	0	0	0	0	0	0	0	0	1	0	0	0	0	0	0	0	0	0	0	0	0	0	0	0	0	0	0	0	0	0	0	0	0	g__Paenibacillus_sp.	s__11B_GCF-030487755.1	Paenibacillus_sp. 11B_GCF-030487755.1
OTU_1768	0	0	0	0	0	1	0	0	0	0	0	0	0	0	0	0	0	0	0	0	0	0	0	0	0	0	0	0	0	0	0	0	0	0	0	0	0	0	0	0	0	0	g__Bacillus_sp._DX1.1_GCA_030348225.1	s__	Bacillus_sp._DX1.1_GCA_030348225.1
OTU_1769	0	0	0	0	0	0	0	0	0	0	0	0	0	1	0	0	0	0	0	0	0	0	0	0	0	0	0	0	0	0	0	0	0	0	0	0	0	0	0	0	0	0	g__Bacillus_pseudomycoides_SIN1.1_GCA_031324125.1	s__	Bacillus_pseudomycoides_SIN1.1_GCA_031324125.1
OTU_1770	0	0	0	0	0	0	0	0	0	0	0	0	0	0	0	0	0	0	0	0	0	0	0	0	0	0	0	0	0	0	0	0	0	0	0	1	0	0	0	0	0	0	g__Paenibacillus_sp.	s__11B_GCF-030487755.1	Paenibacillus_sp. 11B_GCF-030487755.1
OTU_1771	0	0	0	0	0	0	0	0	0	0	0	1	0	0	0	0	0	0	0	0	0	0	0	0	0	0	0	0	0	0	0	0	0	0	0	0	0	0	0	0	0	0	g__Paenibacillus_sp.	s__11B_GCF-030487755.1	Paenibacillus_sp. 11B_GCF-030487755.1
OTU_1772	0	0	0	0	0	0	0	0	0	0	0	1	0	0	0	0	0	0	0	0	0	0	0	0	0	0	0	0	0	0	0	0	0	0	0	0	0	0	0	0	0	0	g__Paenibacillus_sp.	s__11B_GCF-030487755.1	Paenibacillus_sp. 11B_GCF-030487755.1
OTU_1773	0	0	0	0	0	0	0	0	0	0	0	0	0	0	0	0	0	0	0	1	0	0	0	0	0	0	0	0	0	0	0	0	0	0	0	0	0	0	0	0	0	0	g__Bacillus_cereus_YX23_GCA_030348245.1	s__	Bacillus_cereus_YX23_GCA_030348245.1
OTU_1774	0	0	0	0	0	0	0	0	0	0	0	0	0	0	0	0	0	0	0	0	0	0	0	0	0	0	0	0	0	0	0	0	0	0	0	0	0	0	0	1	0	0	g__Bacillus_altitudinis_G6S2_GCA_030123125.1	s__	Bacillus_altitudinis_G6S2_GCA_030123125.1
OTU_1775	0	0	0	0	0	0	0	0	0	0	0	0	0	0	0	0	0	0	0	0	0	0	0	0	0	1	0	0	0	0	0	0	0	0	0	0	0	0	0	0	0	0	g__Paenibacillus_sp.	s__11B_GCF-030487755.1	Paenibacillus_sp. 11B_GCF-030487755.1
OTU_1777	0	0	0	0	0	0	0	0	0	0	0	1	0	0	0	0	0	0	0	0	0	0	0	0	0	0	0	0	0	0	0	0	0	0	0	0	0	0	0	0	0	0	g__Paenibacillus_sp.	s__11B_GCF-030487755.1	Paenibacillus_sp. 11B_GCF-030487755.1
OTU_1778	0	0	0	0	0	0	0	0	0	0	0	0	0	0	0	0	0	0	0	0	0	0	0	0	0	0	1	0	0	0	0	0	0	0	0	0	0	0	0	0	0	0	g__Paenibacillus_sp.	s__11B_GCF-030487755.1	Paenibacillus_sp. 11B_GCF-030487755.1
OTU_1779	0	0	0	0	0	0	0	0	0	0	0	0	0	0	0	0	0	0	0	0	0	0	0	0	0	0	0	0	0	1	0	0	0	0	0	0	0	0	0	0	0	0	g__Bacillus_subtilis_G2S2_GCA_030123085.1	s__	Bacillus_subtilis_G2S2_GCA_030123085.1
OTU_1780	0	0	0	0	0	0	0	0	0	0	0	0	0	0	0	0	0	0	0	0	0	0	0	0	0	0	0	0	0	0	0	0	1	0	0	0	0	0	0	0	0	0	g__Bacillus_arachidis_YX15_GCA_030285945.1	s__	Bacillus_arachidis_YX15_GCA_030285945.1
OTU_1781	1	0	0	0	0	0	0	0	0	0	0	0	0	0	0	0	0	0	0	0	0	0	0	0	0	0	0	0	0	0	0	0	0	0	0	0	0	0	0	0	0	0	g__Paenibacillus_sp.	s__11B_GCF-030487755.1	Paenibacillus_sp. 11B_GCF-030487755.1
OTU_1782	0	0	0	0	0	0	0	0	0	1	0	0	0	0	0	0	0	0	0	0	0	0	0	0	0	0	0	0	0	0	0	0	0	0	0	0	0	0	0	0	0	0	g__Bacillus_arachidis_YX15_GCA_030285945.1	s__	Bacillus_arachidis_YX15_GCA_030285945.1
OTU_1783	1	0	0	0	0	0	0	0	0	0	0	0	0	0	0	0	0	0	0	0	0	0	0	0	0	0	0	0	0	0	0	0	0	0	0	0	0	0	0	0	0	0	g__Paenibacillus_sp.	s__11B_GCF-030487755.1	Paenibacillus_sp. 11B_GCF-030487755.1
OTU_1784	0	0	0	0	0	0	0	0	0	0	1	0	0	0	0	0	0	0	0	0	0	0	0	0	0	0	0	0	0	0	0	0	0	0	0	0	0	0	0	0	0	0	g__Paenibacillus_sp.	s__11B_GCF-030487755.1	Paenibacillus_sp. 11B_GCF-030487755.1
OTU_1785	0	0	0	0	0	0	0	0	0	0	0	0	0	0	1	0	0	0	0	0	0	0	0	0	0	0	0	0	0	0	0	0	0	0	0	0	0	0	0	0	0	0	g__Bacillus_sonorensis_YX13_GCA_031324045.1	s__	Bacillus_sonorensis_YX13_GCA_031324045.1
OTU_1786	0	0	0	0	0	0	0	0	0	0	0	0	0	0	0	1	0	0	0	0	0	0	0	0	0	0	0	0	0	0	0	0	0	0	0	0	0	0	0	0	0	0	g__Bacillus_arachidis_YX15_GCA_030285945.1	s__	Bacillus_arachidis_YX15_GCA_030285945.1
OTU_1787	0	0	0	0	0	0	0	0	0	0	0	0	0	0	0	0	0	1	0	0	0	0	0	0	0	0	0	0	0	0	0	0	0	0	0	0	0	0	0	0	0	0	g__Paenibacillus_sp.	s__11B_GCF-030487755.1	Paenibacillus_sp. 11B_GCF-030487755.1
OTU_1788	0	0	0	0	0	0	0	0	0	0	0	0	0	0	0	0	0	0	0	0	0	0	0	0	0	1	0	0	0	0	0	0	0	0	0	0	0	0	0	0	0	0	g__Bacillus_sonorensis_YX13_GCA_031324045.1	s__	Bacillus_sonorensis_YX13_GCA_031324045.1
OTU_1789	0	0	0	0	0	0	0	0	0	0	0	0	0	0	0	0	0	0	0	0	0	0	0	0	0	0	0	0	0	0	0	0	0	0	0	0	0	0	0	0	0	1	g__Bacillus_licheniformis_D9_B_45_GCA_030348625.1	s__	Bacillus_licheniformis_D9_B_45_GCA_030348625.1
OTU_1790	0	0	0	0	0	0	0	0	0	0	0	0	0	0	0	0	0	0	0	0	0	0	0	0	0	0	0	0	0	0	0	0	1	0	0	0	0	0	0	0	0	0	g__Bacillus_sonorensis_YX13_GCA_031324045.1	s__	Bacillus_sonorensis_YX13_GCA_031324045.1
OTU_1791	0	0	1	0	0	0	0	0	0	0	0	0	0	0	0	0	0	0	0	0	0	0	0	0	0	0	0	0	0	0	0	0	0	0	0	0	0	0	0	0	0	0	g__Bacillus_cereus_D5_B_69_GCA_030291955.1	s__	Bacillus_cereus_D5_B_69_GCA_030291955.1
OTU_1792	0	0	1	0	0	0	0	0	0	0	0	0	0	0	0	0	0	0	0	0	0	0	0	0	0	0	0	0	0	0	0	0	0	0	0	0	0	0	0	0	0	0	g__Bacillus_arachidis_YX15_GCA_030285945.1	s__	Bacillus_arachidis_YX15_GCA_030285945.1
OTU_1793	0	0	0	0	0	0	0	0	0	1	0	0	0	0	0	0	0	0	0	0	0	0	0	0	0	0	0	0	0	0	0	0	0	0	0	0	0	0	0	0	0	0	g__Paenibacillus_sp.	s__11B_GCF-030487755.1	Paenibacillus_sp. 11B_GCF-030487755.1
OTU_1794	0	0	0	0	0	0	0	0	0	0	0	0	0	0	0	0	0	0	0	0	0	0	0	0	0	0	0	0	0	0	0	0	0	0	0	0	0	0	0	0	0	1	g__Bacillus_sonorensis_YX13_GCA_031324045.1	s__	Bacillus_sonorensis_YX13_GCA_031324045.1
OTU_1795	0	0	0	0	0	0	0	0	0	0	0	0	0	0	0	0	0	0	0	0	0	0	0	0	0	0	0	0	0	0	0	0	0	0	0	0	0	0	1	0	0	0	g__Paenibacillus_silvae_LY60_GCF_030348445.1	s__	Paenibacillus_silvae_LY60_GCF_030348445.1
OTU_1796	0	0	0	0	0	0	0	0	0	0	0	0	0	0	1	0	0	0	0	0	0	0	0	0	0	0	0	0	0	0	0	0	0	0	0	0	0	0	0	0	0	0	g__Paenibacillus_sp.	s__11B_GCF-030487755.1	Paenibacillus_sp. 11B_GCF-030487755.1
OTU_1797	0	0	0	0	0	0	0	0	0	0	0	0	0	0	1	0	0	0	0	0	0	0	0	0	0	0	0	0	0	0	0	0	0	0	0	0	0	0	0	0	0	0	g__Bacillus_paralicheniformis_CEW	s__1W_GCA_030123025.1	Bacillus_paralicheniformis_CEW 1W_GCA_030123025.1
OTU_1798	0	0	0	1	0	0	0	0	0	0	0	0	0	0	0	0	0	0	0	0	0	0	0	0	0	0	0	0	0	0	0	0	0	0	0	0	0	0	0	0	0	0	g__Paenibacillus_sp.	s__11B_GCF-030487755.1	Paenibacillus_sp. 11B_GCF-030487755.1
OTU_1799	0	0	0	0	1	0	0	0	0	0	0	0	0	0	0	0	0	0	0	0	0	0	0	0	0	0	0	0	0	0	0	0	0	0	0	0	0	0	0	0	0	0	g__Paenibacillus_sp.	s__11B_GCF-030487755.1	Paenibacillus_sp. 11B_GCF-030487755.1
OTU_1801	0	0	0	0	0	0	0	0	0	0	0	0	0	0	0	0	0	0	0	1	0	0	0	0	0	0	0	0	0	0	0	0	0	0	0	0	0	0	0	0	0	0	g__Paenibacillus_sp.	s__11B_GCF-030487755.1	Paenibacillus_sp. 11B_GCF-030487755.1
OTU_1803	1	0	0	0	0	0	0	0	0	0	0	0	0	0	0	0	0	0	0	0	0	0	0	0	0	0	0	0	0	0	0	0	0	0	0	0	0	0	0	0	0	0	g__Bacillus_paralicheniformis_CEW	s__1W_GCA_030123025.1	Bacillus_paralicheniformis_CEW 1W_GCA_030123025.1
OTU_1804	0	0	0	0	1	0	0	0	0	0	0	0	0	0	0	0	0	0	0	0	0	0	0	0	0	0	0	0	0	0	0	0	0	0	0	0	0	0	0	0	0	0	g__Paenibacillus_sp.	s__11B_GCF-030487755.1	Paenibacillus_sp. 11B_GCF-030487755.1
OTU_1805	0	0	0	0	0	0	1	0	0	0	0	0	0	0	0	0	0	0	0	0	0	0	0	0	0	0	0	0	0	0	0	0	0	0	0	0	0	0	0	0	0	0	g__Paenibacillus_sp.	s__11B_GCF-030487755.1	Paenibacillus_sp. 11B_GCF-030487755.1
OTU_1806	0	0	0	0	0	0	0	0	0	0	0	1	0	0	0	0	0	0	0	0	0	0	0	0	0	0	0	0	0	0	0	0	0	0	0	0	0	0	0	0	0	0	g__Bacillus_sp._DX1.1_GCA_030348225.1	s__	Bacillus_sp._DX1.1_GCA_030348225.1
OTU_1807	0	0	0	0	0	0	0	0	0	0	0	0	0	1	0	0	0	0	0	0	0	0	0	0	0	0	0	0	0	0	0	0	0	0	0	0	0	0	0	0	0	0	g__Bacillus_paralicheniformis_CEW	s__1W_GCA_030123025.1	Bacillus_paralicheniformis_CEW 1W_GCA_030123025.1
OTU_1808	0	0	0	0	0	0	0	0	0	0	0	0	0	0	0	0	0	0	0	1	0	0	0	0	0	0	0	0	0	0	0	0	0	0	0	0	0	0	0	0	0	0	g__Paenibacillus_sp.	s__11B_GCF-030487755.1	Paenibacillus_sp. 11B_GCF-030487755.1
OTU_1809	0	0	1	0	0	0	0	0	0	0	0	0	0	0	0	0	0	0	0	0	0	0	0	0	0	0	0	0	0	0	0	0	0	0	0	0	0	0	0	0	0	0	g__Paenibacillus_sp.	s__11B_GCF-030487755.1	Paenibacillus_sp. 11B_GCF-030487755.1
OTU_1810	0	0	0	0	0	0	0	0	0	0	0	0	0	1	0	0	0	0	0	0	0	0	0	0	0	0	0	0	0	0	0	0	0	0	0	0	0	0	0	0	0	0	g__Paenibacillus_sp.	s__11B_GCF-030487755.1	Paenibacillus_sp. 11B_GCF-030487755.1
OTU_1811	0	0	0	0	0	0	0	0	0	0	0	0	0	0	0	0	0	0	1	0	0	0	0	0	0	0	0	0	0	0	0	0	0	0	0	0	0	0	0	0	0	0	g__Paenibacillus_sp.	s__11B_GCF-030487755.1	Paenibacillus_sp. 11B_GCF-030487755.1
OTU_1812	0	0	0	0	0	0	0	0	0	0	0	0	0	0	0	0	0	0	0	0	0	0	0	0	0	0	0	0	0	0	1	0	0	0	0	0	0	0	0	0	0	0	g__Lysinibacillus_pakistanensis_LY92_GCA_030123265.1	s__	Lysinibacillus_pakistanensis_LY92_GCA_030123265.1
OTU_1813	0	0	0	0	0	0	0	0	0	0	0	0	0	0	0	0	0	0	0	0	0	0	0	0	0	0	0	0	0	0	1	0	0	0	0	0	0	0	0	0	0	0	g__Lysinibacillus_pakistanensis_LY92_GCA_030123265.1	s__	Lysinibacillus_pakistanensis_LY92_GCA_030123265.1
OTU_1814	0	0	0	1	0	0	0	0	0	0	0	0	0	0	0	0	0	0	0	0	0	0	0	0	0	0	0	0	0	0	0	0	0	0	0	0	0	0	0	0	0	0	g__Paenibacillus_sp.	s__11B_GCF-030487755.1	Paenibacillus_sp. 11B_GCF-030487755.1
OTU_1815	0	0	0	0	0	0	0	0	0	0	0	0	0	0	0	0	0	1	0	0	0	0	0	0	0	0	0	0	0	0	0	0	0	0	0	0	0	0	0	0	0	0	g__Paenibacillus_sp.	s__11B_GCF-030487755.1	Paenibacillus_sp. 11B_GCF-030487755.1
OTU_1816	1	0	0	0	0	0	0	0	0	0	0	0	0	0	0	0	0	0	0	0	0	0	0	0	0	0	0	0	0	0	0	0	0	0	0	0	0	0	0	0	0	0	g__Paenibacillus_sp.	s__11B_GCF-030487755.1	Paenibacillus_sp. 11B_GCF-030487755.1
OTU_1817	1	0	0	0	0	0	0	0	0	0	0	0	0	0	0	0	0	0	0	0	0	0	0	0	0	0	0	0	0	0	0	0	0	0	0	0	0	0	0	0	0	0	g__Paenibacillus_sp.	s__11B_GCF-030487755.1	Paenibacillus_sp. 11B_GCF-030487755.1
OTU_1819	0	0	0	0	0	0	0	0	1	0	0	0	0	0	0	0	0	0	0	0	0	0	0	0	0	0	0	0	0	0	0	0	0	0	0	0	0	0	0	0	0	0	g__Paenibacillus_sp.	s__11B_GCF-030487755.1	Paenibacillus_sp. 11B_GCF-030487755.1
OTU_1820	0	0	0	0	0	0	0	0	0	0	1	0	0	0	0	0	0	0	0	0	0	0	0	0	0	0	0	0	0	0	0	0	0	0	0	0	0	0	0	0	0	0	g__Paenibacillus_sp.	s__11B_GCF-030487755.1	Paenibacillus_sp. 11B_GCF-030487755.1
OTU_1821	0	0	0	0	0	0	0	0	0	0	0	0	0	0	0	0	0	0	0	1	0	0	0	0	0	0	0	0	0	0	0	0	0	0	0	0	0	0	0	0	0	0	g__Bacillus_altitudinis_G6S2_GCA_030123125.1	s__	Bacillus_altitudinis_G6S2_GCA_030123125.1
OTU_1822	0	0	0	0	0	0	0	0	0	0	0	0	0	0	0	0	0	0	0	0	0	0	0	0	0	0	0	0	0	0	0	0	0	0	0	1	0	0	0	0	0	0	g__Bacillus_halotolerans_KF17_GCA_030292055.1	s__	Bacillus_halotolerans_KF17_GCA_030292055.1
OTU_1823	0	0	0	0	0	0	0	0	0	0	0	0	0	0	0	0	0	0	0	0	0	0	0	0	0	0	0	0	0	0	0	0	0	0	0	0	1	0	0	0	0	0	g__Bacillus_paralicheniformis_CEW	s__1W_GCA_030123025.1	Bacillus_paralicheniformis_CEW 1W_GCA_030123025.1
OTU_1824	0	0	0	0	0	0	0	0	0	0	0	0	0	0	0	0	0	0	0	0	0	0	0	0	0	0	0	0	0	0	0	0	0	0	0	0	0	0	0	1	0	0	g__Paenibacillus_silvae_LY60_GCF_030348445.1	s__	Paenibacillus_silvae_LY60_GCF_030348445.1
OTU_1825	0	1	0	0	0	0	0	0	0	0	0	0	0	0	0	0	0	0	0	0	0	0	0	0	0	0	0	0	0	0	0	0	0	0	0	0	0	0	0	0	0	0	g__Paenibacillus_sp.	s__11B_GCF-030487755.1	Paenibacillus_sp. 11B_GCF-030487755.1
OTU_1826	0	0	0	0	0	0	0	0	0	0	0	1	0	0	0	0	0	0	0	0	0	0	0	0	0	0	0	0	0	0	0	0	0	0	0	0	0	0	0	0	0	0	g__Paenibacillus_sp.	s__11B_GCF-030487755.1	Paenibacillus_sp. 11B_GCF-030487755.1
OTU_1827	0	0	0	0	0	0	0	0	0	0	0	0	0	0	0	0	1	0	0	0	0	0	0	0	0	0	0	0	0	0	0	0	0	0	0	0	0	0	0	0	0	0	g__Paenibacillus_sp.	s__11B_GCF-030487755.1	Paenibacillus_sp. 11B_GCF-030487755.1
OTU_1828	0	0	0	0	0	0	0	0	0	0	0	0	0	0	0	0	0	1	0	0	0	0	0	0	0	0	0	0	0	0	0	0	0	0	0	0	0	0	0	0	0	0	g__Paenibacillus_sp.	s__11B_GCF-030487755.1	Paenibacillus_sp. 11B_GCF-030487755.1
OTU_1829	0	0	0	0	0	0	0	0	0	0	0	0	0	0	0	0	0	0	0	0	0	0	0	0	0	0	0	1	0	0	0	0	0	0	0	0	0	0	0	0	0	0	g__Paenibacillus_sp.	s__11B_GCF-030487755.1	Paenibacillus_sp. 11B_GCF-030487755.1
OTU_1830	0	0	0	0	0	0	0	0	0	0	0	0	0	0	0	0	0	0	0	0	0	0	0	0	0	0	0	0	0	0	1	0	0	0	0	0	0	0	0	0	0	0	g__Bacillus_safensis_CEW-AP100_GCA_030122965.1	s__	Bacillus_safensis_CEW-AP100_GCA_030122965.1
OTU_1831	0	0	0	0	0	1	0	0	0	0	0	0	0	0	0	0	0	0	0	0	0	0	0	0	0	0	0	0	0	0	0	0	0	0	0	0	0	0	0	0	0	0	g__Paenibacillus_sp.	s__11B_GCF-030487755.1	Paenibacillus_sp. 11B_GCF-030487755.1
OTU_1832	0	0	0	0	0	0	0	0	0	0	0	1	0	0	0	0	0	0	0	0	0	0	0	0	0	0	0	0	0	0	0	0	0	0	0	0	0	0	0	0	0	0	g__Paenibacillus_sp.	s__11B_GCF-030487755.1	Paenibacillus_sp. 11B_GCF-030487755.1
OTU_1833	0	0	0	0	0	0	0	0	0	0	0	1	0	0	0	0	0	0	0	0	0	0	0	0	0	0	0	0	0	0	0	0	0	0	0	0	0	0	0	0	0	0	g__Paenibacillus_sp.	s__11B_GCF-030487755.1	Paenibacillus_sp. 11B_GCF-030487755.1
OTU_1834	0	0	0	0	0	0	0	0	0	0	0	0	0	0	0	0	0	0	0	0	0	0	0	0	0	0	0	0	0	0	0	0	0	0	1	0	0	0	0	0	0	0	g__Paenibacillus_sp.	s__11B_GCF-030487755.1	Paenibacillus_sp. 11B_GCF-030487755.1
OTU_1835	0	0	0	0	0	0	0	0	0	0	0	0	0	0	0	0	0	0	0	0	0	0	0	0	0	0	0	0	0	0	0	0	0	0	1	0	0	0	0	0	0	0	g__Bacillus_safensis_CEW-AP100_GCA_030122965.1	s__	Bacillus_safensis_CEW-AP100_GCA_030122965.1
OTU_1836	0	0	0	0	0	0	0	0	0	0	0	0	0	1	0	0	0	0	0	0	0	0	0	0	0	0	0	0	0	0	0	0	0	0	0	0	0	0	0	0	0	0	g__Paenibacillus_sp.	s__11B_GCF-030487755.1	Paenibacillus_sp. 11B_GCF-030487755.1
OTU_1837	0	0	0	0	0	0	0	0	0	0	0	0	0	0	0	0	0	0	0	0	0	0	0	0	0	0	0	0	0	0	0	1	0	0	0	0	0	0	0	0	0	0	g__Paenibacillus_sp.	s__11B_GCF-030487755.1	Paenibacillus_sp. 11B_GCF-030487755.1
OTU_1838	0	0	0	0	0	0	0	0	0	0	0	0	0	0	0	0	0	0	0	0	0	0	0	0	0	0	0	0	0	0	0	0	0	0	0	0	1	0	0	0	0	0	g__Bacillus_paralicheniformis_CEW	s__1W_GCA_030123025.1	Bacillus_paralicheniformis_CEW 1W_GCA_030123025.1
OTU_1839	0	0	0	0	0	0	0	0	0	0	0	0	0	0	0	0	0	0	0	0	0	0	0	0	0	0	0	0	0	0	0	0	0	0	0	0	0	1	0	0	0	0	g__Paenibacillus_sp.	s__11B_GCF-030487755.1	Paenibacillus_sp. 11B_GCF-030487755.1
OTU_1840	0	0	1	0	0	0	0	0	0	0	0	0	0	0	0	0	0	0	0	0	0	0	0	0	0	0	0	0	0	0	0	0	0	0	0	0	0	0	0	0	0	0	g__Paenibacillus_sp.	s__11B_GCF-030487755.1	Paenibacillus_sp. 11B_GCF-030487755.1
OTU_1841	0	0	1	0	0	0	0	0	0	0	0	0	0	0	0	0	0	0	0	0	0	0	0	0	0	0	0	0	0	0	0	0	0	0	0	0	0	0	0	0	0	0	g__Bacillus_sonorensis_YX13_GCA_031324045.1	s__	Bacillus_sonorensis_YX13_GCA_031324045.1
OTU_1843	0	0	0	0	0	0	0	0	0	0	0	0	0	0	0	0	0	0	0	1	0	0	0	0	0	0	0	0	0	0	0	0	0	0	0	0	0	0	0	0	0	0	g__Paenibacillus_sp.	s__11B_GCF-030487755.1	Paenibacillus_sp. 11B_GCF-030487755.1
OTU_1844	0	0	0	0	0	0	0	0	0	0	0	0	0	0	0	0	0	0	0	1	0	0	0	0	0	0	0	0	0	0	0	0	0	0	0	0	0	0	0	0	0	0	g__Paenibacillus_sp.	s__11B_GCF-030487755.1	Paenibacillus_sp. 11B_GCF-030487755.1
OTU_1845	0	0	0	0	0	0	0	0	0	0	0	0	0	0	0	0	0	0	0	0	0	0	0	0	0	0	0	0	0	0	1	0	0	0	0	0	0	0	0	0	0	0	g__Bacillus_safensis_CEW-AP100_GCA_030122965.1	s__	Bacillus_safensis_CEW-AP100_GCA_030122965.1
OTU_1846	0	0	0	0	0	0	0	0	0	0	0	0	0	0	0	0	0	0	0	0	0	0	0	0	0	0	0	0	0	0	0	0	0	1	0	0	0	0	0	0	0	0	g__Paenibacillus_silvae_LY60_GCF_030348445.1	s__	Paenibacillus_silvae_LY60_GCF_030348445.1
OTU_1847	1	0	0	0	0	0	0	0	0	0	0	0	0	0	0	0	0	0	0	0	0	0	0	0	0	0	0	0	0	0	0	0	0	0	0	0	0	0	0	0	0	0	g__Paenibacillus_sp.	s__11B_GCF-030487755.1	Paenibacillus_sp. 11B_GCF-030487755.1
OTU_1848	0	0	1	0	0	0	0	0	0	0	0	0	0	0	0	0	0	0	0	0	0	0	0	0	0	0	0	0	0	0	0	0	0	0	0	0	0	0	0	0	0	0	g__Paenibacillus_sp.	s__11B_GCF-030487755.1	Paenibacillus_sp. 11B_GCF-030487755.1
OTU_1849	0	0	0	0	0	1	0	0	0	0	0	0	0	0	0	0	0	0	0	0	0	0	0	0	0	0	0	0	0	0	0	0	0	0	0	0	0	0	0	0	0	0	g__Bacillus_paralicheniformis_CEW	s__1W_GCA_030123025.1	Bacillus_paralicheniformis_CEW 1W_GCA_030123025.1
OTU_1850	0	0	0	0	0	0	0	1	0	0	0	0	0	0	0	0	0	0	0	0	0	0	0	0	0	0	0	0	0	0	0	0	0	0	0	0	0	0	0	0	0	0	g__Bacillus_safensis_CEW-AP100_GCA_030122965.1	s__	Bacillus_safensis_CEW-AP100_GCA_030122965.1
OTU_1851	0	0	0	0	0	0	0	0	0	0	0	0	0	0	0	0	0	0	0	1	0	0	0	0	0	0	0	0	0	0	0	0	0	0	0	0	0	0	0	0	0	0	g__Paenibacillus_sp.	s__11B_GCF-030487755.1	Paenibacillus_sp. 11B_GCF-030487755.1
OTU_1852	0	0	0	0	0	0	0	0	0	0	0	0	0	0	0	0	0	0	0	0	1	0	0	0	0	0	0	0	0	0	0	0	0	0	0	0	0	0	0	0	0	0	g__Paenibacillus_sp.	s__11B_GCF-030487755.1	Paenibacillus_sp. 11B_GCF-030487755.1
OTU_1853	0	0	0	0	0	0	0	0	0	0	0	0	0	0	0	0	0	0	0	0	0	0	0	0	0	0	0	0	0	0	1	0	0	0	0	0	0	0	0	0	0	0	g__Paenibacillus_sp.	s__11B_GCF-030487755.1	Paenibacillus_sp. 11B_GCF-030487755.1
OTU_1855	0	0	0	0	0	0	0	0	0	1	0	0	0	0	0	0	0	0	0	0	0	0	0	0	0	0	0	0	0	0	0	0	0	0	0	0	0	0	0	0	0	0	g__Paenibacillus_sp.	s__11B_GCF-030487755.1	Paenibacillus_sp. 11B_GCF-030487755.1
OTU_1856	0	0	0	0	0	0	0	0	0	0	0	0	0	0	0	1	0	0	0	0	0	0	0	0	0	0	0	0	0	0	0	0	0	0	0	0	0	0	0	0	0	0	g__Paenibacillus_sp.	s__11B_GCF-030487755.1	Paenibacillus_sp. 11B_GCF-030487755.1
OTU_1857	0	0	0	0	0	0	0	0	0	0	0	0	0	0	0	0	0	0	1	0	0	0	0	0	0	0	0	0	0	0	0	0	0	0	0	0	0	0	0	0	0	0	g__Paenibacillus_sp.	s__11B_GCF-030487755.1	Paenibacillus_sp. 11B_GCF-030487755.1
OTU_1858	0	1	0	0	0	0	0	0	0	0	0	0	0	0	0	0	0	0	0	0	0	0	0	0	0	0	0	0	0	0	0	0	0	0	0	0	0	0	0	0	0	0	g__Paenibacillus_sp.	s__11B_GCF-030487755.1	Paenibacillus_sp. 11B_GCF-030487755.1
OTU_1859	0	0	0	0	0	0	0	0	0	0	0	0	0	0	0	1	0	0	0	0	0	0	0	0	0	0	0	0	0	0	0	0	0	0	0	0	0	0	0	0	0	0	g__Paenibacillus_sp.	s__11B_GCF-030487755.1	Paenibacillus_sp. 11B_GCF-030487755.1
OTU_1860	0	0	0	0	0	0	0	0	0	0	0	0	0	0	0	0	0	1	0	0	0	0	0	0	0	1	0	1	0	0	0	0	0	0	0	0	0	0	0	0	0	0	g__Paenibacillus_sp.	s__11B_GCF-030487755.1	Paenibacillus_sp. 11B_GCF-030487755.1
OTU_1861	0	0	0	0	0	0	0	0	0	0	0	0	0	0	0	0	0	0	0	0	0	0	0	0	0	0	0	0	0	0	0	0	0	0	0	0	0	1	0	0	0	0	g__Paenibacillus_sp.	s__11B_GCF-030487755.1	Paenibacillus_sp. 11B_GCF-030487755.1
OTU_1862	0	0	0	0	0	0	0	0	0	0	0	0	0	0	0	0	0	0	0	0	0	0	0	0	0	0	0	0	0	0	0	0	0	0	0	0	0	0	1	0	0	0	g__Paenibacillus_sp.	s__11B_GCF-030487755.1	Paenibacillus_sp. 11B_GCF-030487755.1
OTU_1863	0	0	1	0	0	0	0	0	0	0	0	0	0	0	0	0	0	0	0	0	0	0	0	0	0	0	0	0	0	0	0	0	0	0	0	0	0	0	0	0	0	0	g__Paenibacillus_sp.	s__11B_GCF-030487755.1	Paenibacillus_sp. 11B_GCF-030487755.1
OTU_1864	0	0	0	0	1	0	0	0	0	0	0	0	0	0	0	0	0	0	0	0	0	0	0	0	0	0	0	0	0	0	0	0	0	0	0	0	0	0	0	0	0	0	g__Bacillus_halotolerans_KF17_GCA_030292055.1	s__	Bacillus_halotolerans_KF17_GCA_030292055.1
OTU_1865	0	0	0	0	0	0	0	0	1	0	0	0	1	0	0	0	0	0	0	0	0	0	0	1	0	0	0	0	0	0	0	0	0	0	0	0	0	0	0	0	0	0	g__Lysinibacillus_pakistanensis_LY92_GCA_030123265.1	s__	Lysinibacillus_pakistanensis_LY92_GCA_030123265.1
OTU_1866	0	0	0	0	0	0	0	0	0	1	0	0	0	0	0	0	0	0	0	0	0	0	0	0	0	0	0	0	0	0	0	0	0	0	0	0	0	0	0	0	0	0	g__Bacillus_toyonensis_G7S3_GCA_031324285.1	s__	Bacillus_toyonensis_G7S3_GCA_031324285.1
OTU_1867	0	0	0	0	0	0	0	0	0	0	0	1	0	0	0	0	0	0	0	0	0	0	0	0	0	0	0	0	0	0	0	0	0	0	0	0	0	0	0	0	0	0	g__Paenibacillus_sp.	s__11B_GCF-030487755.1	Paenibacillus_sp. 11B_GCF-030487755.1
OTU_1868	0	0	0	0	0	0	0	0	0	0	0	0	0	0	0	1	0	0	0	0	0	0	0	0	0	0	0	0	0	0	0	0	0	0	0	0	0	0	0	0	0	0	g__Paenibacillus_sp.	s__11B_GCF-030487755.1	Paenibacillus_sp. 11B_GCF-030487755.1
OTU_1869	1	0	0	0	0	0	0	0	0	0	0	0	0	0	0	0	0	0	0	0	0	0	0	0	0	0	0	0	0	0	0	0	0	0	0	0	0	0	0	0	0	0	g__Paenibacillus_sp.	s__11B_GCF-030487755.1	Paenibacillus_sp. 11B_GCF-030487755.1
OTU_1870	0	0	0	0	0	0	0	0	0	0	0	0	0	0	0	0	0	0	0	0	1	0	0	0	0	0	0	0	0	0	0	0	0	0	0	0	0	0	0	0	0	0	g__Paenibacillus_sp.	s__11B_GCF-030487755.1	Paenibacillus_sp. 11B_GCF-030487755.1
OTU_1871	0	0	0	0	0	0	0	0	0	0	0	0	0	0	0	0	0	0	0	0	0	0	0	0	0	0	0	0	0	0	0	0	0	0	0	0	0	0	0	1	0	0	g__Paenibacillus_sp.	s__11B_GCF-030487755.1	Paenibacillus_sp. 11B_GCF-030487755.1
OTU_1872	0	0	0	1	0	0	0	0	0	0	0	0	0	0	0	0	0	0	0	0	0	0	0	0	0	0	0	0	0	0	0	0	0	0	0	0	0	0	0	0	0	0	g__Paenibacillus_sp.	s__11B_GCF-030487755.1	Paenibacillus_sp. 11B_GCF-030487755.1
OTU_1874	0	0	0	0	0	0	0	0	0	0	1	0	0	0	0	0	0	0	0	0	0	0	0	0	0	0	0	0	0	0	0	0	0	0	0	0	0	0	0	0	0	0	g__Bacillus_safensis_CEW-AP100_GCA_030122965.1	s__	Bacillus_safensis_CEW-AP100_GCA_030122965.1
OTU_1875	0	0	0	0	0	0	0	0	0	0	0	0	0	0	0	0	0	0	0	0	1	0	0	0	0	0	0	0	0	0	0	0	0	0	0	0	0	0	0	0	0	0	g__Paenibacillus_sp.	s__11B_GCF-030487755.1	Paenibacillus_sp. 11B_GCF-030487755.1
OTU_1876	0	0	0	0	0	0	0	0	0	0	0	0	0	0	1	0	0	0	0	0	0	0	0	0	0	0	0	0	0	0	0	0	0	0	0	0	0	0	0	0	0	0	g__Paenibacillus_sp.	s__11B_GCF-030487755.1	Paenibacillus_sp. 11B_GCF-030487755.1
OTU_1877	0	0	0	0	0	0	0	0	0	0	0	0	0	0	0	0	0	1	0	0	0	0	0	0	0	0	0	0	0	0	0	0	0	0	0	0	0	0	0	0	0	0	g__Paenibacillus_sp.	s__11B_GCF-030487755.1	Paenibacillus_sp. 11B_GCF-030487755.1
OTU_1878	0	0	0	0	0	0	0	0	0	0	0	0	0	0	0	0	0	0	0	0	0	0	0	0	0	0	0	0	0	0	0	0	0	0	1	0	0	0	0	0	0	0	g__Lysinibacillus_pakistanensis_LY92_GCA_030123265.1	s__	Lysinibacillus_pakistanensis_LY92_GCA_030123265.1
OTU_1880	0	0	0	0	0	0	0	0	0	0	0	0	0	0	0	0	0	0	0	0	0	0	0	0	0	0	0	0	0	0	0	0	0	0	0	1	0	0	0	0	0	0	g__Paenibacillus_silvae_LY60_GCF_030348445.1	s__	Paenibacillus_silvae_LY60_GCF_030348445.1
OTU_1881	0	0	0	0	0	0	0	0	0	0	0	0	0	0	0	0	0	0	0	0	0	0	0	0	0	0	0	0	0	0	0	0	0	0	0	0	0	1	0	0	0	0	g__FictiBacillus_enclensis_b19_GCA_030348905.1	s__	FictiBacillus_enclensis_b19_GCA_030348905.1
